{"type":"FeatureCollection","features":[{"type":"Feature","_id":"2933307001","geometry":{"type":"Polygon","coordinates":[[[-40.848135,-14.859512],[-40.848502,-14.859649],[-40.84959,-14.859993],[-40.849825,-14.860029],[-40.849777,-14.859447],[-40.849638,-14.858788],[-40.84953,-14.858053],[-40.849442,-14.856888],[-40.849403,-14.856533],[-40.849345,-14.856317],[-40.849341,-14.856254],[-40.849315,-14.855867],[-40.849311,-14.855805],[-40.849299,-14.855756],[-40.849249,-14.855546],[-40.849179,-14.855311],[-40.849138,-14.854978],[-40.84902,-14.853941],[-40.848956,-14.853383],[-40.84887,-14.85268],[-40.848814,-14.852218],[-40.84882,-14.851935],[-40.848823,-14.851819],[-40.848808,-14.851727],[-40.848712,-14.851112],[-40.84871,-14.851096],[-40.848653,-14.850475],[-40.848633,-14.850252],[-40.848512,-14.849438],[-40.848427,-14.848903],[-40.848391,-14.848598],[-40.848297,-14.847787],[-40.848193,-14.847142],[-40.848167,-14.84672],[-40.848144,-14.846488],[-40.848057,-14.845877],[-40.848049,-14.845818],[-40.84794,-14.845157],[-40.847771,-14.844517],[-40.847414,-14.843972],[-40.847285,-14.843823],[-40.846308,-14.842522],[-40.845821,-14.84192],[-40.845818,-14.841916],[-40.845719,-14.842006],[-40.845589,-14.842125],[-40.845559,-14.842242],[-40.845211,-14.84275],[-40.844843,-14.843271],[-40.84417,-14.844139],[-40.844151,-14.844164],[-40.844136,-14.844245],[-40.844122,-14.844323],[-40.84395,-14.844397],[-40.843556,-14.844566],[-40.843494,-14.844593],[-40.841568,-14.84536],[-40.841567,-14.845361],[-40.841531,-14.845375],[-40.841159,-14.845313],[-40.840332,-14.845259],[-40.840247,-14.845254],[-40.840186,-14.845251],[-40.839477,-14.845216],[-40.839166,-14.845261],[-40.838397,-14.845485],[-40.837086,-14.845883],[-40.836722,-14.845994],[-40.83556,-14.84635],[-40.83537,-14.846408],[-40.835428,-14.846611],[-40.835603,-14.847222],[-40.835612,-14.848985],[-40.835603,-14.849332],[-40.83557,-14.849818],[-40.83592,-14.85099],[-40.835482,-14.851423],[-40.834317,-14.852546],[-40.834055,-14.852798],[-40.833609,-14.853209],[-40.834128,-14.853485],[-40.83572,-14.854307],[-40.836457,-14.854687],[-40.83648,-14.854699],[-40.836922,-14.85493],[-40.838054,-14.855536],[-40.838317,-14.855655],[-40.838338,-14.855666],[-40.838541,-14.855773],[-40.839013,-14.856019],[-40.839601,-14.856327],[-40.840235,-14.856658],[-40.84026,-14.85667],[-40.840825,-14.856935],[-40.840901,-14.857388],[-40.841008,-14.857491],[-40.841106,-14.857523],[-40.841515,-14.857428],[-40.841644,-14.857213],[-40.841669,-14.856519],[-40.84289,-14.857109],[-40.843944,-14.857619],[-40.844183,-14.857752],[-40.844764,-14.858075],[-40.845522,-14.858498],[-40.845893,-14.858653],[-40.848135,-14.859512]]]},"properties":{"cd_unidade":"2933307001","nome":"Centro","tipo":"bairro","situacao":"urbano","cd_dist":"293330705","nm_dist":"Vitória da Conquista","cd_mun":"2933307","nm_mun":"Vitória da Conquista","area_km2":1.998407,"area_domiciliada_km2":1.998387,"demografia":{"pop":10114,"homens":4521,"mulheres":5593,"idade":{"0_4":330,"5_9":344,"10_14":400,"15_19":622,"20_24":1211,"25_29":1028,"30_39":1361,"40_49":1195,"50_59":1342,"60_69":1073,"70_mais":1202}},"domicilios":{"total":5802,"particulares":5790,"coletivos":12,"ocupados":4195,"uso_ocasional":482,"vagos":1113,"tipo":{"dppo":4192,"casa":2406,"casa_vila_condominio":47,"apartamento":1683,"comodo_cortico":54,"degradada":0,"improvisado":0},"media_moradores":2.4018,"pct_imputados":0.0343},"saneamento":{"agua":{"rede_geral":3519,"poco":635,"outras":0},"agua_canalizada":{"dentro":4181,"so_terreno":0,"nao":0},"banheiro":{"exclusivo":3396,"comum":4,"so_sanitario":0,"nenhum":0},"esgoto":{"rede_ou_fossa_ligada":3546,"fossa_septica":7,"fossa_rudimentar":3,"outros":5,"inexistente":0},"lixo":{"coletado":3374,"queimado_enterrado":0,"outros":0}},"alfabetizacao":{"alfabetizados_15_mais":8781,"nao_alfabetizados_15_mais":253},"renda_responsavel":{"responsaveis":4192,"moradores":10096,"rendimento_medio":2567.4559},"enderecos_cnefe":{"particulares":5796,"coletivos":12,"agropecuario":0,"ensino":21,"saude":95,"outras_finalidades":3604,"em_construcao":147,"religioso":29},"escolas":{"publicas":{"ate_50":0,"51_200":0,"201_500":2,"501_1000":2,"mais_1000":1,"sem_matricula":0,"nao_informado":0},"particulares":{"ate_50":2,"51_200":2,"201_500":4,"501_1000":0,"mais_1000":0,"sem_matricula":0,"nao_informado":0}},"contem_sigilo":["alfabetizacao","demografia","domicilios","saneamento"]}},{"type":"Feature","_id":"2933307002","geometry":{"type":"Polygon","coordinates":[[[-40.84395,-14.844397],[-40.844122,-14.844323],[-40.844136,-14.844245],[-40.844151,-14.844164],[-40.84417,-14.844139],[-40.844843,-14.843271],[-40.845211,-14.84275],[-40.845559,-14.842242],[-40.845589,-14.842125],[-40.845719,-14.842006],[-40.845818,-14.841916],[-40.845457,-14.841513],[-40.845348,-14.841459],[-40.845101,-14.841141],[-40.843872,-14.839672],[-40.843393,-14.839059],[-40.84338,-14.839041],[-40.842953,-14.838489],[-40.842495,-14.837891],[-40.842047,-14.837305],[-40.841756,-14.836956],[-40.840424,-14.835172],[-40.839733,-14.834287],[-40.83898,-14.833329],[-40.837661,-14.831599],[-40.837323,-14.831646],[-40.837027,-14.831618],[-40.836771,-14.831683],[-40.836487,-14.831835],[-40.836068,-14.832042],[-40.835856,-14.832059],[-40.835661,-14.832024],[-40.835529,-14.831965],[-40.835349,-14.831861],[-40.835016,-14.831649],[-40.834822,-14.83158],[-40.834707,-14.831614],[-40.834468,-14.831726],[-40.834153,-14.831887],[-40.834883,-14.835313],[-40.835206,-14.836584],[-40.8353,-14.836947],[-40.835354,-14.837167],[-40.835445,-14.837692],[-40.835449,-14.837717],[-40.835576,-14.838638],[-40.835647,-14.839144],[-40.835806,-14.839475],[-40.836076,-14.839832],[-40.836529,-14.840279],[-40.837304,-14.840965],[-40.837545,-14.841261],[-40.837857,-14.842144],[-40.838022,-14.842565],[-40.838214,-14.843237],[-40.838229,-14.843286],[-40.837734,-14.843436],[-40.837675,-14.843454],[-40.837877,-14.843921],[-40.838024,-14.844398],[-40.838129,-14.844738],[-40.838275,-14.845211],[-40.838397,-14.845485],[-40.839166,-14.845261],[-40.839477,-14.845216],[-40.840186,-14.845251],[-40.840247,-14.845254],[-40.840332,-14.845259],[-40.841159,-14.845313],[-40.841531,-14.845375],[-40.841567,-14.845361],[-40.841568,-14.84536],[-40.843494,-14.844593],[-40.843556,-14.844566],[-40.84395,-14.844397]]]},"properties":{"cd_unidade":"2933307002","nome":"Guarani","tipo":"bairro","situacao":"urbano","cd_dist":"293330705","nm_dist":"Vitória da Conquista","cd_mun":"2933307","nm_mun":"Vitória da Conquista","area_km2":1.013757,"area_domiciliada_km2":0.891504,"demografia":{"pop":7832,"homens":3607,"mulheres":4225,"idade":{"0_4":383,"5_9":411,"10_14":452,"15_19":562,"20_24":587,"25_29":564,"30_39":1109,"40_49":1149,"50_59":1082,"60_69":781,"70_mais":752}},"domicilios":{"total":3293,"particulares":3292,"coletivos":1,"ocupados":2765,"uso_ocasional":53,"vagos":474,"tipo":{"dppo":2765,"casa":2589,"casa_vila_condominio":6,"apartamento":163,"comodo_cortico":4,"degradada":0,"improvisado":0},"media_moradores":2.8315,"pct_imputados":0.0311},"saneamento":{"agua":{"rede_geral":2685,"poco":52,"outras":22},"agua_canalizada":{"dentro":2756,"so_terreno":0,"nao":3},"banheiro":{"exclusivo":1516,"comum":5,"so_sanitario":0,"nenhum":0},"esgoto":{"rede_ou_fossa_ligada":2533,"fossa_septica":3,"fossa_rudimentar":18,"outros":0,"inexistente":0},"lixo":{"coletado":2181,"queimado_enterrado":0,"outros":0}},"alfabetizacao":{"alfabetizados_15_mais":6007,"nao_alfabetizados_15_mais":579},"renda_responsavel":{"responsaveis":2765,"moradores":7822,"rendimento_medio":1685.4373},"enderecos_cnefe":{"particulares":3319,"coletivos":1,"agropecuario":1,"ensino":8,"saude":1,"outras_finalidades":381,"em_construcao":61,"religioso":14},"escolas":{"publicas":{"ate_50":0,"51_200":1,"201_500":2,"501_1000":0,"mais_1000":0,"sem_matricula":0,"nao_informado":0},"particulares":{"ate_50":1,"51_200":2,"201_500":0,"501_1000":0,"mais_1000":0,"sem_matricula":0,"nao_informado":0}},"contem_sigilo":["domicilios","saneamento"]}},{"type":"Feature","_id":"2933307003","geometry":{"type":"Polygon","coordinates":[[[-40.836722,-14.845994],[-40.837086,-14.845883],[-40.838397,-14.845485],[-40.838275,-14.845211],[-40.838129,-14.844738],[-40.838024,-14.844398],[-40.837877,-14.843921],[-40.837675,-14.843454],[-40.837734,-14.843436],[-40.838229,-14.843286],[-40.838214,-14.843237],[-40.838022,-14.842565],[-40.837857,-14.842144],[-40.837545,-14.841261],[-40.837304,-14.840965],[-40.836529,-14.840279],[-40.836076,-14.839832],[-40.835806,-14.839475],[-40.835647,-14.839144],[-40.835576,-14.838638],[-40.835449,-14.837717],[-40.835445,-14.837692],[-40.835354,-14.837167],[-40.8353,-14.836947],[-40.835206,-14.836584],[-40.834883,-14.835313],[-40.834153,-14.831887],[-40.83267,-14.832619],[-40.832324,-14.832816],[-40.832127,-14.832943],[-40.832252,-14.833287],[-40.831994,-14.833483],[-40.831699,-14.8337],[-40.831229,-14.833914],[-40.829935,-14.834302],[-40.828915,-14.834624],[-40.82857,-14.834762],[-40.82847,-14.834994],[-40.828472,-14.835279],[-40.827769,-14.835662],[-40.827535,-14.835802],[-40.827437,-14.836046],[-40.827479,-14.836218],[-40.827479,-14.836338],[-40.827371,-14.836539],[-40.827294,-14.836731],[-40.827285,-14.836842],[-40.827272,-14.83692],[-40.827078,-14.837111],[-40.826916,-14.837195],[-40.826829,-14.837257],[-40.82672,-14.83748],[-40.826577,-14.837568],[-40.826512,-14.837764],[-40.826462,-14.837992],[-40.82644,-14.838093],[-40.826451,-14.838195],[-40.826547,-14.838539],[-40.826746,-14.839058],[-40.826965,-14.839656],[-40.826988,-14.839734],[-40.826339,-14.840342],[-40.826329,-14.840455],[-40.826183,-14.840421],[-40.82552,-14.840945],[-40.825017,-14.841261],[-40.824592,-14.84141],[-40.823743,-14.841786],[-40.823536,-14.841851],[-40.824767,-14.842149],[-40.825532,-14.84267],[-40.825871,-14.842907],[-40.825894,-14.842924],[-40.82652,-14.843332],[-40.826609,-14.843385],[-40.827227,-14.843755],[-40.827655,-14.843796],[-40.827744,-14.843805],[-40.827831,-14.843804],[-40.828088,-14.843801],[-40.82846,-14.843801],[-40.82871,-14.843814],[-40.828889,-14.843837],[-40.829199,-14.843934],[-40.829528,-14.844038],[-40.829544,-14.844043],[-40.830422,-14.844353],[-40.831013,-14.844563],[-40.831332,-14.844675],[-40.831637,-14.844784],[-40.831658,-14.844791],[-40.831676,-14.844797],[-40.831974,-14.8449],[-40.832457,-14.84505],[-40.832942,-14.8452],[-40.8337,-14.845395],[-40.83441,-14.845404],[-40.834999,-14.845416],[-40.835139,-14.845818],[-40.83537,-14.846408],[-40.83556,-14.84635],[-40.836722,-14.845994]]]},"properties":{"cd_unidade":"2933307003","nome":"Cruzeiro","tipo":"bairro","situacao":"urbano","cd_dist":"293330705","nm_dist":"Vitória da Conquista","cd_mun":"2933307","nm_mun":"Vitória da Conquista","area_km2":1.301265,"area_domiciliada_km2":1.043507,"demografia":{"pop":9083,"homens":4338,"mulheres":4745,"idade":{"0_4":714,"5_9":720,"10_14":738,"15_19":809,"20_24":790,"25_29":692,"30_39":1300,"40_49":1259,"50_59":914,"60_69":625,"70_mais":522}},"domicilios":{"total":3334,"particulares":3333,"coletivos":1,"ocupados":2897,"uso_ocasional":24,"vagos":412,"tipo":{"dppo":2889,"casa":2823,"casa_vila_condominio":0,"apartamento":46,"comodo_cortico":11,"degradada":0,"improvisado":7},"media_moradores":3.1423,"pct_imputados":0.038},"saneamento":{"agua":{"rede_geral":2812,"poco":14,"outras":35},"agua_canalizada":{"dentro":2832,"so_terreno":6,"nao":44},"banheiro":{"exclusivo":1970,"comum":4,"so_sanitario":0,"nenhum":0},"esgoto":{"rede_ou_fossa_ligada":2405,"fossa_septica":10,"fossa_rudimentar":39,"outros":0,"inexistente":0},"lixo":{"coletado":2129,"queimado_enterrado":0,"outros":3}},"alfabetizacao":{"alfabetizados_15_mais":6012,"nao_alfabetizados_15_mais":899},"renda_responsavel":{"responsaveis":2889,"moradores":9063,"rendimento_medio":1545.788},"enderecos_cnefe":{"particulares":3313,"coletivos":1,"agropecuario":1,"ensino":4,"saude":1,"outras_finalidades":249,"em_construcao":124,"religioso":42},"escolas":{"publicas":{"ate_50":0,"51_200":1,"201_500":1,"501_1000":0,"mais_1000":0,"sem_matricula":0,"nao_informado":0},"particulares":{"ate_50":0,"51_200":0,"201_500":0,"501_1000":0,"mais_1000":0,"sem_matricula":0,"nao_informado":0}},"contem_sigilo":["domicilios","saneamento"]}},{"type":"Feature","_id":"2933307004","geometry":{"type":"Polygon","coordinates":[[[-40.827463,-14.856216],[-40.829034,-14.857218],[-40.829111,-14.857233],[-40.829195,-14.857249],[-40.829455,-14.857173],[-40.829949,-14.856719],[-40.830749,-14.855932],[-40.831505,-14.855221],[-40.831528,-14.855199],[-40.831859,-14.854883],[-40.832016,-14.854743],[-40.832711,-14.854077],[-40.832998,-14.853793],[-40.833505,-14.853309],[-40.833609,-14.853209],[-40.834055,-14.852798],[-40.834317,-14.852546],[-40.835482,-14.851423],[-40.83592,-14.85099],[-40.83557,-14.849818],[-40.835603,-14.849332],[-40.835612,-14.848985],[-40.835603,-14.847222],[-40.835428,-14.846611],[-40.83537,-14.846408],[-40.835139,-14.845818],[-40.834999,-14.845416],[-40.83441,-14.845404],[-40.8337,-14.845395],[-40.832942,-14.8452],[-40.832457,-14.84505],[-40.831974,-14.8449],[-40.831676,-14.844797],[-40.831658,-14.844791],[-40.831637,-14.844784],[-40.831332,-14.844675],[-40.831013,-14.844563],[-40.830422,-14.844353],[-40.829544,-14.844043],[-40.829528,-14.844038],[-40.829199,-14.843934],[-40.828889,-14.843837],[-40.82871,-14.843814],[-40.82846,-14.843801],[-40.828088,-14.843801],[-40.827831,-14.843804],[-40.827744,-14.843805],[-40.827655,-14.843796],[-40.827227,-14.843755],[-40.826609,-14.843385],[-40.82652,-14.843332],[-40.825894,-14.842924],[-40.825871,-14.842907],[-40.825532,-14.84267],[-40.824767,-14.842149],[-40.823536,-14.841851],[-40.822991,-14.841718],[-40.822957,-14.84171],[-40.822163,-14.841506],[-40.821704,-14.841388],[-40.821318,-14.841289],[-40.820907,-14.841184],[-40.820904,-14.841183],[-40.81899,-14.840745],[-40.817974,-14.840466],[-40.81684,-14.841889],[-40.815695,-14.843307],[-40.814155,-14.845223],[-40.813827,-14.845631],[-40.813659,-14.845842],[-40.813263,-14.846318],[-40.812936,-14.846711],[-40.812715,-14.846963],[-40.812481,-14.847198],[-40.81222,-14.847437],[-40.811778,-14.8478],[-40.811385,-14.848073],[-40.811048,-14.848319],[-40.810603,-14.84853],[-40.810245,-14.848687],[-40.810157,-14.848726],[-40.809839,-14.848855],[-40.809481,-14.848978],[-40.808796,-14.849166],[-40.807944,-14.849393],[-40.807219,-14.849589],[-40.806746,-14.849713],[-40.806093,-14.849896],[-40.80553,-14.850043],[-40.805522,-14.850045],[-40.805028,-14.850174],[-40.804937,-14.850202],[-40.804493,-14.850336],[-40.804078,-14.850499],[-40.803817,-14.850614],[-40.803592,-14.850716],[-40.803418,-14.85081],[-40.803181,-14.850938],[-40.802806,-14.851178],[-40.802377,-14.851476],[-40.801745,-14.851942],[-40.801127,-14.852403],[-40.800809,-14.852634],[-40.800578,-14.852812],[-40.800973,-14.852911],[-40.801125,-14.85295],[-40.802135,-14.853204],[-40.803109,-14.853445],[-40.804418,-14.853666],[-40.805412,-14.853818],[-40.806128,-14.85372],[-40.806181,-14.853713],[-40.806479,-14.853674],[-40.806866,-14.853623],[-40.806964,-14.853611],[-40.807457,-14.853558],[-40.807751,-14.853499],[-40.808156,-14.853407],[-40.809275,-14.853101],[-40.809555,-14.853035],[-40.809829,-14.85302],[-40.810455,-14.853068],[-40.8106,-14.853082],[-40.810739,-14.853092],[-40.810847,-14.853125],[-40.811222,-14.853302],[-40.811706,-14.853487],[-40.811734,-14.853498],[-40.812151,-14.85356],[-40.812599,-14.853547],[-40.813019,-14.853497],[-40.813475,-14.853436],[-40.813602,-14.853417],[-40.81393,-14.853372],[-40.814226,-14.853332],[-40.814812,-14.853478],[-40.814984,-14.85352],[-40.815531,-14.85364],[-40.815637,-14.853662],[-40.815762,-14.853657],[-40.815967,-14.85365],[-40.816271,-14.853639],[-40.817192,-14.853628],[-40.817465,-14.853613],[-40.817684,-14.853627],[-40.817826,-14.853672],[-40.817865,-14.853693],[-40.81809,-14.853811],[-40.81857,-14.854093],[-40.818984,-14.854297],[-40.819391,-14.854443],[-40.819578,-14.854495],[-40.819854,-14.854584],[-40.820038,-14.854603],[-40.820356,-14.854798],[-40.822584,-14.854244],[-40.822935,-14.854152],[-40.823846,-14.853905],[-40.824045,-14.853846],[-40.824067,-14.854007],[-40.824178,-14.854132],[-40.824986,-14.854641],[-40.825773,-14.855137],[-40.826321,-14.855487],[-40.82685,-14.855824],[-40.827463,-14.856216]]]},"properties":{"cd_unidade":"2933307004","nome":"Alto Maron","tipo":"bairro","situacao":"urbano","cd_dist":"293330705","nm_dist":"Vitória da Conquista","cd_mun":"2933307","nm_mun":"Vitória da Conquista","area_km2":3.560848,"area_domiciliada_km2":3.297988,"demografia":{"pop":28441,"homens":13156,"mulheres":15285,"idade":{"0_4":1784,"5_9":1851,"10_14":1862,"15_19":2079,"20_24":2479,"25_29":2257,"30_39":4783,"40_49":4157,"50_59":3186,"60_69":2095,"70_mais":1907}},"domicilios":{"total":11640,"particulares":11633,"coletivos":7,"ocupados":10025,"uso_ocasional":300,"vagos":1308,"tipo":{"dppo":10021,"casa":7769,"casa_vila_condominio":769,"apartamento":1455,"comodo_cortico":8,"degradada":0,"improvisado":0},"media_moradores":2.8352,"pct_imputados":0.0476},"saneamento":{"agua":{"rede_geral":9855,"poco":66,"outras":14},"agua_canalizada":{"dentro":9961,"so_terreno":15,"nao":14},"banheiro":{"exclusivo":5442,"comum":13,"so_sanitario":3,"nenhum":0},"esgoto":{"rede_ou_fossa_ligada":7814,"fossa_septica":19,"fossa_rudimentar":61,"outros":3,"inexistente":0},"lixo":{"coletado":8855,"queimado_enterrado":0,"outros":10}},"alfabetizacao":{"alfabetizados_15_mais":21401,"nao_alfabetizados_15_mais":1542},"renda_responsavel":{"responsaveis":10021,"moradores":28400,"rendimento_medio":2215.8608},"enderecos_cnefe":{"particulares":11638,"coletivos":7,"agropecuario":0,"ensino":31,"saude":8,"outras_finalidades":1226,"em_construcao":353,"religioso":68},"escolas":{"publicas":{"ate_50":0,"51_200":3,"201_500":3,"501_1000":3,"mais_1000":0,"sem_matricula":0,"nao_informado":0},"particulares":{"ate_50":0,"51_200":3,"201_500":4,"501_1000":1,"mais_1000":0,"sem_matricula":0,"nao_informado":0}},"contem_sigilo":["alfabetizacao","demografia","domicilios","saneamento"]}},{"type":"Feature","_id":"2933307005","geometry":{"type":"Polygon","coordinates":[[[-40.844458,-14.866341],[-40.844294,-14.865896],[-40.844275,-14.865843],[-40.844276,-14.865572],[-40.84439,-14.865144],[-40.844524,-14.864201],[-40.844655,-14.862994],[-40.84464,-14.862593],[-40.844773,-14.86249],[-40.844216,-14.861524],[-40.842774,-14.859161],[-40.842633,-14.85893],[-40.84238,-14.858493],[-40.842065,-14.85795],[-40.841644,-14.857213],[-40.841515,-14.857428],[-40.841106,-14.857523],[-40.841008,-14.857491],[-40.840901,-14.857388],[-40.840825,-14.856935],[-40.84026,-14.85667],[-40.840235,-14.856658],[-40.839601,-14.856327],[-40.839013,-14.856019],[-40.838541,-14.855773],[-40.838338,-14.855666],[-40.838317,-14.855655],[-40.838054,-14.855536],[-40.836922,-14.85493],[-40.83648,-14.854699],[-40.836457,-14.854687],[-40.83572,-14.854307],[-40.834128,-14.853485],[-40.833609,-14.853209],[-40.833505,-14.853309],[-40.832998,-14.853793],[-40.832711,-14.854077],[-40.832016,-14.854743],[-40.831859,-14.854883],[-40.831528,-14.855199],[-40.831505,-14.855221],[-40.830749,-14.855932],[-40.829949,-14.856719],[-40.829455,-14.857173],[-40.829195,-14.857249],[-40.829268,-14.857333],[-40.829334,-14.857409],[-40.830095,-14.857897],[-40.831353,-14.85871],[-40.831871,-14.859017],[-40.832824,-14.85964],[-40.833088,-14.859785],[-40.833152,-14.859893],[-40.833173,-14.859929],[-40.833117,-14.860016],[-40.832763,-14.860569],[-40.832531,-14.860931],[-40.832324,-14.861254],[-40.832044,-14.86169],[-40.831693,-14.862238],[-40.831665,-14.862282],[-40.831367,-14.862749],[-40.831042,-14.863222],[-40.830046,-14.864668],[-40.829492,-14.865631],[-40.829379,-14.865828],[-40.829236,-14.866017],[-40.829159,-14.866118],[-40.829054,-14.866315],[-40.828815,-14.866823],[-40.828528,-14.867281],[-40.828098,-14.867967],[-40.827668,-14.868653],[-40.828392,-14.869118],[-40.829357,-14.869738],[-40.829759,-14.869996],[-40.830234,-14.870422],[-40.830906,-14.870896],[-40.831308,-14.871179],[-40.831813,-14.871329],[-40.83233,-14.871465],[-40.832767,-14.871576],[-40.833078,-14.871634],[-40.833488,-14.871645],[-40.833861,-14.871602],[-40.835398,-14.871414],[-40.837293,-14.871183],[-40.838292,-14.871044],[-40.838969,-14.870977],[-40.839194,-14.870956],[-40.839382,-14.870937],[-40.840822,-14.870727],[-40.84086,-14.870724],[-40.841543,-14.870661],[-40.841923,-14.870626],[-40.842894,-14.870844],[-40.844199,-14.870863],[-40.844478,-14.870984],[-40.844633,-14.871163],[-40.844637,-14.87085],[-40.844648,-14.870041],[-40.844638,-14.869511],[-40.844637,-14.869472],[-40.84463,-14.867026],[-40.844581,-14.866672],[-40.844458,-14.866341]]]},"properties":{"cd_unidade":"2933307005","nome":"Recreio","tipo":"bairro","situacao":"urbano","cd_dist":"293330705","nm_dist":"Vitória da Conquista","cd_mun":"2933307","nm_mun":"Vitória da Conquista","area_km2":2.545235,"area_domiciliada_km2":2.200158,"demografia":{"pop":6176,"homens":2728,"mulheres":3448,"idade":{"0_4":218,"5_9":227,"10_14":272,"15_19":387,"20_24":481,"25_29":405,"30_39":819,"40_49":847,"50_59":827,"60_69":780,"70_mais":913}},"domicilios":{"total":3459,"particulares":3438,"coletivos":21,"ocupados":2357,"uso_ocasional":516,"vagos":565,"tipo":{"dppo":2357,"casa":1554,"casa_vila_condominio":53,"apartamento":748,"comodo_cortico":0,"degradada":0,"improvisado":0},"media_moradores":2.6177,"pct_imputados":0.0361},"saneamento":{"agua":{"rede_geral":2140,"poco":151,"outras":0},"agua_canalizada":{"dentro":2353,"so_terreno":0,"nao":0},"banheiro":{"exclusivo":2231,"comum":0,"so_sanitario":0,"nenhum":0},"esgoto":{"rede_ou_fossa_ligada":1345,"fossa_septica":10,"fossa_rudimentar":17,"outros":0,"inexistente":0},"lixo":{"coletado":1739,"queimado_enterrado":0,"outros":0}},"alfabetizacao":{"alfabetizados_15_mais":5353,"nao_alfabetizados_15_mais":100},"renda_responsavel":{"responsaveis":2357,"moradores":6176,"rendimento_medio":5836.1996},"enderecos_cnefe":{"particulares":3439,"coletivos":21,"agropecuario":0,"ensino":22,"saude":214,"outras_finalidades":655,"em_construcao":120,"religioso":5},"escolas":{"publicas":{"ate_50":0,"51_200":1,"201_500":1,"501_1000":0,"mais_1000":1,"sem_matricula":0,"nao_informado":0},"particulares":{"ate_50":0,"51_200":4,"201_500":1,"501_1000":1,"mais_1000":0,"sem_matricula":0,"nao_informado":0}},"contem_sigilo":["alfabetizacao","domicilios","saneamento"]}},{"type":"Feature","_id":"2933307006","geometry":{"type":"Polygon","coordinates":[[[-40.844661,-14.873437],[-40.844666,-14.874686],[-40.844659,-14.875361],[-40.844659,-14.875788],[-40.846459,-14.875437],[-40.846464,-14.875718],[-40.847878,-14.875693],[-40.8479,-14.875692],[-40.847971,-14.875691],[-40.847995,-14.87569],[-40.847938,-14.875476],[-40.847895,-14.875315],[-40.848711,-14.874869],[-40.849652,-14.874355],[-40.850221,-14.874037],[-40.851371,-14.873394],[-40.85141,-14.873372],[-40.851472,-14.873337],[-40.851484,-14.87333],[-40.851506,-14.873318],[-40.851532,-14.873303],[-40.851642,-14.873242],[-40.851666,-14.873229],[-40.851524,-14.872893],[-40.851489,-14.872811],[-40.851318,-14.871894],[-40.851249,-14.871313],[-40.851103,-14.870417],[-40.851082,-14.869987],[-40.851043,-14.869471],[-40.850958,-14.86887],[-40.850834,-14.867982],[-40.850743,-14.8674],[-40.85072,-14.867177],[-40.850588,-14.865915],[-40.850302,-14.863888],[-40.850295,-14.863845],[-40.850091,-14.862443],[-40.850021,-14.861863],[-40.849958,-14.861275],[-40.849895,-14.860689],[-40.849825,-14.860029],[-40.84959,-14.859993],[-40.848502,-14.859649],[-40.848135,-14.859512],[-40.845893,-14.858653],[-40.845522,-14.858498],[-40.844764,-14.858075],[-40.844183,-14.857752],[-40.843944,-14.857619],[-40.84289,-14.857109],[-40.841669,-14.856519],[-40.841644,-14.857213],[-40.842065,-14.85795],[-40.84238,-14.858493],[-40.842633,-14.85893],[-40.842774,-14.859161],[-40.844216,-14.861524],[-40.844773,-14.86249],[-40.84464,-14.862593],[-40.844655,-14.862994],[-40.844524,-14.864201],[-40.84439,-14.865144],[-40.844276,-14.865572],[-40.844275,-14.865843],[-40.844294,-14.865896],[-40.844458,-14.866341],[-40.844581,-14.866672],[-40.84463,-14.867026],[-40.844637,-14.869472],[-40.844638,-14.869511],[-40.844648,-14.870041],[-40.844637,-14.87085],[-40.844633,-14.871163],[-40.844665,-14.871243],[-40.844667,-14.871889],[-40.844661,-14.873437]]]},"properties":{"cd_unidade":"2933307006","nome":"Jurema","tipo":"bairro","situacao":"urbano","cd_dist":"293330705","nm_dist":"Vitória da Conquista","cd_mun":"2933307","nm_mun":"Vitória da Conquista","area_km2":1.238215,"area_domiciliada_km2":1.223074,"demografia":{"pop":5344,"homens":2496,"mulheres":2848,"idade":{"0_4":246,"5_9":272,"10_14":292,"15_19":340,"20_24":498,"25_29":437,"30_39":781,"40_49":777,"50_59":758,"60_69":509,"70_mais":434}},"domicilios":{"total":2438,"particulares":2432,"coletivos":6,"ocupados":1987,"uso_ocasional":82,"vagos":363,"tipo":{"dppo":1985,"casa":1556,"casa_vila_condominio":10,"apartamento":415,"comodo_cortico":0,"degradada":0,"improvisado":0},"media_moradores":2.669,"pct_imputados":0.0413},"saneamento":{"agua":{"rede_geral":1921,"poco":40,"outras":3},"agua_canalizada":{"dentro":1970,"so_terreno":8,"nao":3},"banheiro":{"exclusivo":1047,"comum":3,"so_sanitario":0,"nenhum":0},"esgoto":{"rede_ou_fossa_ligada":1866,"fossa_septica":17,"fossa_rudimentar":4,"outros":0,"inexistente":0},"lixo":{"coletado":1380,"queimado_enterrado":3,"outros":0}},"alfabetizacao":{"alfabetizados_15_mais":4256,"nao_alfabetizados_15_mais":278},"renda_responsavel":{"responsaveis":1985,"moradores":5309,"rendimento_medio":2045.5078},"enderecos_cnefe":{"particulares":2426,"coletivos":6,"agropecuario":0,"ensino":8,"saude":7,"outras_finalidades":845,"em_construcao":89,"religioso":9},"escolas":{"publicas":{"ate_50":0,"51_200":1,"201_500":1,"501_1000":1,"mais_1000":0,"sem_matricula":0,"nao_informado":0},"particulares":{"ate_50":0,"51_200":0,"201_500":0,"501_1000":0,"mais_1000":0,"sem_matricula":0,"nao_informado":0}},"contem_sigilo":["domicilios","saneamento"]}},{"type":"Feature","_id":"2933307007","geometry":{"type":"Polygon","coordinates":[[[-40.855705,-14.86675],[-40.857139,-14.865838],[-40.857509,-14.865602],[-40.85786,-14.865344],[-40.857985,-14.865097],[-40.858586,-14.864715],[-40.859093,-14.864303],[-40.859122,-14.864279],[-40.8592,-14.864215],[-40.859182,-14.864214],[-40.859047,-14.864205],[-40.859026,-14.864203],[-40.859177,-14.86333],[-40.859184,-14.863305],[-40.859416,-14.862504],[-40.859655,-14.86168],[-40.860149,-14.860039],[-40.860374,-14.859217],[-40.860581,-14.858433],[-40.860841,-14.857541],[-40.861049,-14.856924],[-40.861065,-14.856689],[-40.860964,-14.855904],[-40.86096,-14.855876],[-40.860864,-14.855116],[-40.860762,-14.854335],[-40.860758,-14.854299],[-40.860545,-14.852635],[-40.860455,-14.851948],[-40.860357,-14.851159],[-40.860355,-14.851143],[-40.860258,-14.850364],[-40.860138,-14.849419],[-40.859442,-14.849523],[-40.8587,-14.849634],[-40.857829,-14.849766],[-40.856878,-14.8499],[-40.856016,-14.850022],[-40.855987,-14.850026],[-40.855053,-14.850162],[-40.854162,-14.850281],[-40.854123,-14.850286],[-40.853221,-14.850423],[-40.852333,-14.850557],[-40.852301,-14.850562],[-40.851453,-14.850692],[-40.851307,-14.850714],[-40.848771,-14.851103],[-40.848712,-14.851112],[-40.848808,-14.851727],[-40.848823,-14.851819],[-40.84882,-14.851935],[-40.848814,-14.852218],[-40.84887,-14.85268],[-40.848956,-14.853383],[-40.84902,-14.853941],[-40.849138,-14.854978],[-40.849179,-14.855311],[-40.849249,-14.855546],[-40.849299,-14.855756],[-40.849311,-14.855805],[-40.849315,-14.855867],[-40.849341,-14.856254],[-40.849345,-14.856317],[-40.849403,-14.856533],[-40.849442,-14.856888],[-40.84953,-14.858053],[-40.849638,-14.858788],[-40.849777,-14.859447],[-40.849825,-14.860029],[-40.849895,-14.860689],[-40.849958,-14.861275],[-40.850021,-14.861863],[-40.850091,-14.862443],[-40.850295,-14.863845],[-40.850302,-14.863888],[-40.850588,-14.865915],[-40.85072,-14.867177],[-40.850743,-14.8674],[-40.850834,-14.867982],[-40.850958,-14.86887],[-40.851043,-14.869471],[-40.851079,-14.869466],[-40.851268,-14.86944],[-40.851855,-14.86936],[-40.85281,-14.869227],[-40.85374,-14.869098],[-40.853779,-14.869093],[-40.854654,-14.868973],[-40.855572,-14.868853],[-40.85557,-14.868836],[-40.855327,-14.866905],[-40.855374,-14.866886],[-40.855705,-14.86675]]]},"properties":{"cd_unidade":"2933307007","nome":"Brasil","tipo":"bairro","situacao":"urbano","cd_dist":"293330705","nm_dist":"Vitória da Conquista","cd_mun":"2933307","nm_mun":"Vitória da Conquista","area_km2":2.149225,"area_domiciliada_km2":2.149192,"demografia":{"pop":18131,"homens":8309,"mulheres":9822,"idade":{"0_4":787,"5_9":932,"10_14":1068,"15_19":1256,"20_24":1514,"25_29":1391,"30_39":2452,"40_49":2719,"50_59":2499,"60_69":1638,"70_mais":1875}},"domicilios":{"total":8226,"particulares":8223,"coletivos":3,"ocupados":6706,"uso_ocasional":245,"vagos":1272,"tipo":{"dppo":6701,"casa":5679,"casa_vila_condominio":40,"apartamento":959,"comodo_cortico":14,"degradada":0,"improvisado":5},"media_moradores":2.7039,"pct_imputados":0.0461},"saneamento":{"agua":{"rede_geral":6521,"poco":113,"outras":0},"agua_canalizada":{"dentro":6681,"so_terreno":6,"nao":0},"banheiro":{"exclusivo":2723,"comum":0,"so_sanitario":0,"nenhum":0},"esgoto":{"rede_ou_fossa_ligada":5681,"fossa_septica":43,"fossa_rudimentar":17,"outros":0,"inexistente":0},"lixo":{"coletado":5878,"queimado_enterrado":0,"outros":0}},"alfabetizacao":{"alfabetizados_15_mais":14430,"nao_alfabetizados_15_mais":914},"renda_responsavel":{"responsaveis":6701,"moradores":18111,"rendimento_medio":1987.5231},"enderecos_cnefe":{"particulares":8241,"coletivos":3,"agropecuario":0,"ensino":26,"saude":18,"outras_finalidades":2219,"em_construcao":258,"religioso":45},"escolas":{"publicas":{"ate_50":0,"51_200":1,"201_500":4,"501_1000":3,"mais_1000":1,"sem_matricula":0,"nao_informado":0},"particulares":{"ate_50":1,"51_200":5,"201_500":0,"501_1000":2,"mais_1000":0,"sem_matricula":0,"nao_informado":0}},"contem_sigilo":["domicilios","saneamento"]}},{"type":"Feature","_id":"2933307008","geometry":{"type":"Polygon","coordinates":[[[-40.859442,-14.849523],[-40.860138,-14.849419],[-40.860156,-14.849416],[-40.860823,-14.849328],[-40.860824,-14.849328],[-40.860866,-14.849322],[-40.861103,-14.849287],[-40.862728,-14.849042],[-40.863145,-14.848979],[-40.863832,-14.848886],[-40.864069,-14.848854],[-40.864116,-14.848848],[-40.864478,-14.848799],[-40.864584,-14.848786],[-40.864849,-14.848818],[-40.864999,-14.848836],[-40.865105,-14.848795],[-40.865227,-14.848747],[-40.865436,-14.848701],[-40.865863,-14.848608],[-40.866007,-14.848575],[-40.86696,-14.84843],[-40.866885,-14.848198],[-40.866655,-14.847484],[-40.86651,-14.847158],[-40.866387,-14.846919],[-40.866259,-14.846665],[-40.865786,-14.846681],[-40.865626,-14.846195],[-40.865547,-14.845863],[-40.865575,-14.845639],[-40.865349,-14.844992],[-40.865175,-14.844501],[-40.864989,-14.843976],[-40.864794,-14.843427],[-40.864788,-14.843408],[-40.86462,-14.842901],[-40.864449,-14.842387],[-40.864279,-14.841872],[-40.86412,-14.841494],[-40.864116,-14.841483],[-40.863935,-14.841081],[-40.863857,-14.840718],[-40.863769,-14.840308],[-40.863691,-14.839941],[-40.863686,-14.839923],[-40.863669,-14.83985],[-40.863557,-14.839384],[-40.863455,-14.838907],[-40.863353,-14.838455],[-40.863411,-14.83844],[-40.863635,-14.83838],[-40.863196,-14.835478],[-40.863144,-14.835101],[-40.862814,-14.832653],[-40.862498,-14.830222],[-40.862275,-14.82618],[-40.86211,-14.825077],[-40.86209,-14.825053],[-40.86208,-14.825061],[-40.861852,-14.825262],[-40.861814,-14.825295],[-40.861697,-14.825495],[-40.861391,-14.826173],[-40.860867,-14.827358],[-40.860616,-14.827742],[-40.860241,-14.828232],[-40.859942,-14.828622],[-40.859594,-14.829144],[-40.859208,-14.829654],[-40.859059,-14.829876],[-40.859055,-14.829883],[-40.858723,-14.830377],[-40.85835,-14.830743],[-40.858018,-14.830999],[-40.857779,-14.831248],[-40.857175,-14.831844],[-40.856859,-14.832125],[-40.856786,-14.832243],[-40.856714,-14.832364],[-40.856527,-14.833018],[-40.856267,-14.833324],[-40.855338,-14.834229],[-40.854235,-14.835087],[-40.852881,-14.835894],[-40.852187,-14.836404],[-40.852007,-14.836522],[-40.851932,-14.836576],[-40.85096,-14.837209],[-40.850558,-14.837341],[-40.850474,-14.837524],[-40.84923,-14.839491],[-40.849213,-14.839517],[-40.848897,-14.840003],[-40.848848,-14.840078],[-40.848776,-14.840172],[-40.848288,-14.840799],[-40.847865,-14.841382],[-40.847728,-14.841573],[-40.847699,-14.841612],[-40.847306,-14.84138],[-40.847181,-14.841209],[-40.846689,-14.840892],[-40.846655,-14.840926],[-40.846449,-14.841143],[-40.846323,-14.841322],[-40.846219,-14.84147],[-40.84591,-14.841814],[-40.845818,-14.841916],[-40.845821,-14.84192],[-40.846308,-14.842522],[-40.847285,-14.843823],[-40.847414,-14.843972],[-40.847771,-14.844517],[-40.84794,-14.845157],[-40.848049,-14.845818],[-40.848057,-14.845877],[-40.848144,-14.846488],[-40.848167,-14.84672],[-40.848193,-14.847142],[-40.848297,-14.847787],[-40.848391,-14.848598],[-40.848427,-14.848903],[-40.848512,-14.849438],[-40.848633,-14.850252],[-40.848653,-14.850475],[-40.84871,-14.851096],[-40.848712,-14.851112],[-40.848771,-14.851103],[-40.851307,-14.850714],[-40.851453,-14.850692],[-40.852301,-14.850562],[-40.852333,-14.850557],[-40.853221,-14.850423],[-40.854123,-14.850286],[-40.854162,-14.850281],[-40.855053,-14.850162],[-40.855987,-14.850026],[-40.856016,-14.850022],[-40.856878,-14.8499],[-40.857829,-14.849766],[-40.8587,-14.849634],[-40.859442,-14.849523]]]},"properties":{"cd_unidade":"2933307008","nome":"Ibirapuera","tipo":"bairro","situacao":"urbano","cd_dist":"293330705","nm_dist":"Vitória da Conquista","cd_mun":"2933307","nm_mun":"Vitória da Conquista","area_km2":3.254588,"area_domiciliada_km2":2.977699,"demografia":{"pop":17032,"homens":8126,"mulheres":8906,"idade":{"0_4":979,"5_9":1048,"10_14":1098,"15_19":1242,"20_24":1302,"25_29":1332,"30_39":2555,"40_49":2510,"50_59":2133,"60_69":1452,"70_mais":1381}},"domicilios":{"total":6985,"particulares":6981,"coletivos":4,"ocupados":5979,"uso_ocasional":152,"vagos":850,"tipo":{"dppo":5973,"casa":5422,"casa_vila_condominio":59,"apartamento":467,"comodo_cortico":15,"degradada":0,"improvisado":6},"media_moradores":2.8445,"pct_imputados":0.0492},"saneamento":{"agua":{"rede_geral":5850,"poco":68,"outras":7},"agua_canalizada":{"dentro":5939,"so_terreno":18,"nao":0},"banheiro":{"exclusivo":3321,"comum":20,"so_sanitario":0,"nenhum":0},"esgoto":{"rede_ou_fossa_ligada":3929,"fossa_septica":36,"fossa_rudimentar":195,"outros":0,"inexistente":0},"lixo":{"coletado":4702,"queimado_enterrado":20,"outros":6}},"alfabetizacao":{"alfabetizados_15_mais":12904,"nao_alfabetizados_15_mais":1003},"renda_responsavel":{"responsaveis":5973,"moradores":16979,"rendimento_medio":1987.1535},"enderecos_cnefe":{"particulares":7001,"coletivos":4,"agropecuario":1,"ensino":15,"saude":2,"outras_finalidades":1270,"em_construcao":236,"religioso":37},"escolas":{"publicas":{"ate_50":0,"51_200":4,"201_500":2,"501_1000":1,"mais_1000":0,"sem_matricula":0,"nao_informado":0},"particulares":{"ate_50":0,"51_200":0,"201_500":2,"501_1000":2,"mais_1000":0,"sem_matricula":0,"nao_informado":0}},"contem_sigilo":["domicilios","saneamento"]}},{"type":"Feature","_id":"2933307009","geometry":{"type":"MultiPolygon","coordinates":[[[[-40.847699,-14.841612],[-40.847728,-14.841573],[-40.847865,-14.841382],[-40.848288,-14.840799],[-40.848776,-14.840172],[-40.848848,-14.840078],[-40.848897,-14.840003],[-40.849213,-14.839517],[-40.84923,-14.839491],[-40.850474,-14.837524],[-40.850558,-14.837341],[-40.85096,-14.837209],[-40.851932,-14.836576],[-40.852007,-14.836522],[-40.852187,-14.836404],[-40.852881,-14.835894],[-40.854235,-14.835087],[-40.855338,-14.834229],[-40.856267,-14.833324],[-40.856527,-14.833018],[-40.856714,-14.832364],[-40.856786,-14.832243],[-40.856859,-14.832125],[-40.857175,-14.831844],[-40.857779,-14.831248],[-40.858018,-14.830999],[-40.85835,-14.830743],[-40.858723,-14.830377],[-40.859055,-14.829883],[-40.859059,-14.829876],[-40.858952,-14.829907],[-40.858775,-14.82995],[-40.858391,-14.830018],[-40.857993,-14.830122],[-40.857512,-14.830233],[-40.857041,-14.830292],[-40.856615,-14.830309],[-40.856391,-14.830338],[-40.85584,-14.830545],[-40.855491,-14.830661],[-40.855347,-14.830695],[-40.855189,-14.830696],[-40.855087,-14.830662],[-40.854925,-14.830555],[-40.85474,-14.830358],[-40.854636,-14.830223],[-40.854512,-14.830092],[-40.854388,-14.829979],[-40.854276,-14.829897],[-40.85418,-14.82985],[-40.854034,-14.829788],[-40.853898,-14.829759],[-40.853718,-14.829743],[-40.853544,-14.829765],[-40.853386,-14.829807],[-40.853072,-14.829901],[-40.852802,-14.830021],[-40.852604,-14.830048],[-40.852296,-14.830033],[-40.852064,-14.830008],[-40.851853,-14.829972],[-40.851696,-14.82991],[-40.851523,-14.829821],[-40.851353,-14.829737],[-40.851399,-14.829666],[-40.851709,-14.829191],[-40.851179,-14.828028],[-40.849742,-14.827899],[-40.848787,-14.828157],[-40.848452,-14.828514],[-40.8478,-14.829144],[-40.848047,-14.829905],[-40.847324,-14.830336],[-40.847103,-14.830451],[-40.846781,-14.830518],[-40.846515,-14.830454],[-40.846265,-14.830362],[-40.845728,-14.830063],[-40.845271,-14.829845],[-40.844908,-14.829726],[-40.844565,-14.829643],[-40.844285,-14.829612],[-40.844012,-14.829606],[-40.843499,-14.829586],[-40.842954,-14.82958],[-40.841954,-14.829561],[-40.841408,-14.829576],[-40.841006,-14.829619],[-40.840542,-14.829677],[-40.839805,-14.8298],[-40.839498,-14.829983],[-40.839543,-14.829746],[-40.839514,-14.829524],[-40.839419,-14.829392],[-40.838262,-14.828831],[-40.838269,-14.830907],[-40.838108,-14.831062],[-40.837923,-14.831282],[-40.837812,-14.831442],[-40.837661,-14.831599],[-40.83898,-14.833329],[-40.839733,-14.834287],[-40.840424,-14.835172],[-40.841756,-14.836956],[-40.842047,-14.837305],[-40.842495,-14.837891],[-40.842953,-14.838489],[-40.84338,-14.839041],[-40.843393,-14.839059],[-40.843872,-14.839672],[-40.845101,-14.841141],[-40.845348,-14.841459],[-40.845457,-14.841513],[-40.845818,-14.841916],[-40.84591,-14.841814],[-40.846219,-14.84147],[-40.846323,-14.841322],[-40.846449,-14.841143],[-40.846655,-14.840926],[-40.846689,-14.840892],[-40.847181,-14.841209],[-40.847306,-14.84138],[-40.847699,-14.841612]]],[[[-40.866531,-14.806553],[-40.866332,-14.805501],[-40.862802,-14.804738],[-40.859932,-14.804117],[-40.857115,-14.804699],[-40.85713,-14.805478],[-40.855818,-14.808858],[-40.854703,-14.809978],[-40.852647,-14.813402],[-40.852315,-14.813936],[-40.85151,-14.814505],[-40.851194,-14.815112],[-40.850442,-14.816106],[-40.849777,-14.816883],[-40.848604,-14.817753],[-40.8489,-14.820158],[-40.849335,-14.82346],[-40.849177,-14.824468],[-40.849207,-14.82517],[-40.862173,-14.824588],[-40.862173,-14.824587],[-40.862217,-14.824357],[-40.862385,-14.82398],[-40.862658,-14.823414],[-40.863051,-14.822715],[-40.863444,-14.822016],[-40.863795,-14.821423],[-40.863914,-14.821168],[-40.864009,-14.821076],[-40.864215,-14.820876],[-40.864615,-14.820603],[-40.865022,-14.820417],[-40.865263,-14.820264],[-40.86549,-14.820024],[-40.865714,-14.819695],[-40.865853,-14.819422],[-40.865893,-14.819269],[-40.865934,-14.819116],[-40.865995,-14.818708],[-40.866014,-14.818423],[-40.865996,-14.818197],[-40.865828,-14.817515],[-40.865661,-14.816747],[-40.865508,-14.816287],[-40.865475,-14.815821],[-40.865456,-14.81533],[-40.865537,-14.814739],[-40.865771,-14.813686],[-40.866026,-14.812598],[-40.866119,-14.812007],[-40.866213,-14.811288],[-40.866272,-14.810434],[-40.866402,-14.809731],[-40.866493,-14.80962],[-40.866806,-14.808634],[-40.866865,-14.80795],[-40.866724,-14.80745],[-40.866531,-14.806553]]]]},"properties":{"cd_unidade":"2933307009","nome":"Nossa Senhora Aparecida","tipo":"bairro","situacao":"urbano","cd_dist":"293330705","nm_dist":"Vitória da Conquista","cd_mun":"2933307","nm_mun":"Vitória da Conquista","area_km2":4.965978,"area_domiciliada_km2":2.597275,"demografia":{"pop":4551,"homens":2224,"mulheres":2327,"idade":{"0_4":344,"5_9":321,"10_14":355,"15_19":382,"20_24":391,"25_29":354,"30_39":685,"40_49":722,"50_59":445,"60_69":312,"70_mais":240}},"domicilios":{"total":1802,"particulares":1802,"coletivos":0,"ocupados":1529,"uso_ocasional":87,"vagos":186,"tipo":{"dppo":1528,"casa":1501,"casa_vila_condominio":0,"apartamento":20,"comodo_cortico":0,"degradada":3,"improvisado":0},"media_moradores":2.9808,"pct_imputados":0.0451},"saneamento":{"agua":{"rede_geral":1473,"poco":0,"outras":5},"agua_canalizada":{"dentro":1480,"so_terreno":13,"nao":29},"banheiro":{"exclusivo":1012,"comum":16,"so_sanitario":7,"nenhum":0},"esgoto":{"rede_ou_fossa_ligada":643,"fossa_septica":9,"fossa_rudimentar":143,"outros":3,"inexistente":0},"lixo":{"coletado":1098,"queimado_enterrado":18,"outros":0}},"alfabetizacao":{"alfabetizados_15_mais":3021,"nao_alfabetizados_15_mais":510},"renda_responsavel":{"responsaveis":1528,"moradores":4547,"rendimento_medio":1351.1088},"enderecos_cnefe":{"particulares":1796,"coletivos":0,"agropecuario":44,"ensino":2,"saude":1,"outras_finalidades":169,"em_construcao":136,"religioso":12},"escolas":{"publicas":{"ate_50":0,"51_200":2,"201_500":0,"501_1000":0,"mais_1000":0,"sem_matricula":0,"nao_informado":0},"particulares":{"ate_50":0,"51_200":0,"201_500":0,"501_1000":0,"mais_1000":0,"sem_matricula":0,"nao_informado":0}},"contem_sigilo":["domicilios","saneamento"]}},{"type":"Feature","_id":"2933307010","geometry":{"type":"Polygon","coordinates":[[[-40.805412,-14.853818],[-40.804418,-14.853666],[-40.803109,-14.853445],[-40.802135,-14.853204],[-40.801125,-14.85295],[-40.800973,-14.852911],[-40.800578,-14.852812],[-40.800081,-14.852708],[-40.799745,-14.852637],[-40.799151,-14.852539],[-40.798487,-14.852532],[-40.798142,-14.852525],[-40.797921,-14.852525],[-40.797647,-14.85247],[-40.797298,-14.8524],[-40.797174,-14.852374],[-40.796401,-14.852215],[-40.79614,-14.852162],[-40.795488,-14.851966],[-40.795155,-14.851882],[-40.794202,-14.851727],[-40.794004,-14.851694],[-40.793382,-14.851543],[-40.793057,-14.851483],[-40.792757,-14.851421],[-40.792133,-14.85127],[-40.791755,-14.851118],[-40.791318,-14.850876],[-40.790352,-14.85034],[-40.789672,-14.85001],[-40.78955,-14.849946],[-40.788741,-14.849517],[-40.788148,-14.849203],[-40.787443,-14.848826],[-40.785552,-14.847814],[-40.785304,-14.847682],[-40.784616,-14.847277],[-40.783883,-14.846755],[-40.783555,-14.846512],[-40.783124,-14.846193],[-40.782752,-14.84575],[-40.782513,-14.845332],[-40.782292,-14.844946],[-40.782071,-14.844558],[-40.781293,-14.843236],[-40.779835,-14.840814],[-40.778279,-14.838274],[-40.778031,-14.8379],[-40.777721,-14.837654],[-40.777367,-14.837479],[-40.775822,-14.836704],[-40.774907,-14.836274],[-40.773986,-14.835728],[-40.772837,-14.834795],[-40.771379,-14.833549],[-40.770292,-14.832694],[-40.767981,-14.830823],[-40.766701,-14.82984],[-40.766288,-14.829412],[-40.765749,-14.82868],[-40.765317,-14.828181],[-40.764952,-14.827743],[-40.762478,-14.82501],[-40.761411,-14.823769],[-40.760207,-14.824942],[-40.759396,-14.825736],[-40.758334,-14.826959],[-40.757642,-14.827747],[-40.756977,-14.82857],[-40.756944,-14.828612],[-40.756585,-14.829243],[-40.75637,-14.829645],[-40.755503,-14.831269],[-40.753843,-14.832735],[-40.751531,-14.83796],[-40.751162,-14.839239],[-40.748551,-14.843965],[-40.74424,-14.851435],[-40.743865,-14.852111],[-40.743392,-14.853167],[-40.743375,-14.853603],[-40.74347,-14.854064],[-40.743749,-14.854647],[-40.74402,-14.855228],[-40.74491,-14.856913],[-40.746316,-14.859821],[-40.748359,-14.864516],[-40.75076,-14.864573],[-40.752784,-14.864592],[-40.757957,-14.864644],[-40.759623,-14.864657],[-40.762617,-14.864677],[-40.76376,-14.864684],[-40.764189,-14.864675],[-40.764941,-14.864637],[-40.767012,-14.864371],[-40.767027,-14.864369],[-40.768376,-14.86419],[-40.768816,-14.864114],[-40.770053,-14.8639],[-40.771721,-14.863687],[-40.773958,-14.863381],[-40.77836,-14.86274],[-40.784477,-14.861855],[-40.786092,-14.861635],[-40.792475,-14.860748],[-40.792639,-14.860732],[-40.797897,-14.859994],[-40.798405,-14.859961],[-40.798719,-14.859927],[-40.799056,-14.859875],[-40.799468,-14.859789],[-40.800855,-14.859597],[-40.801775,-14.859454],[-40.806446,-14.858325],[-40.808448,-14.857818],[-40.809311,-14.857599],[-40.80955,-14.857539],[-40.809941,-14.857432],[-40.812119,-14.856856],[-40.813134,-14.856598],[-40.81398,-14.856392],[-40.815412,-14.856046],[-40.815682,-14.855981],[-40.816047,-14.855893],[-40.81676,-14.85572],[-40.817319,-14.855577],[-40.818174,-14.855357],[-40.818217,-14.855347],[-40.819348,-14.855057],[-40.820304,-14.854811],[-40.820356,-14.854798],[-40.820038,-14.854603],[-40.819854,-14.854584],[-40.819578,-14.854495],[-40.819391,-14.854443],[-40.818984,-14.854297],[-40.81857,-14.854093],[-40.81809,-14.853811],[-40.817865,-14.853693],[-40.817826,-14.853672],[-40.817684,-14.853627],[-40.817465,-14.853613],[-40.817192,-14.853628],[-40.816271,-14.853639],[-40.815967,-14.85365],[-40.815762,-14.853657],[-40.815637,-14.853662],[-40.815531,-14.85364],[-40.814984,-14.85352],[-40.814812,-14.853478],[-40.814226,-14.853332],[-40.81393,-14.853372],[-40.813602,-14.853417],[-40.813475,-14.853436],[-40.813019,-14.853497],[-40.812599,-14.853547],[-40.812151,-14.85356],[-40.811734,-14.853498],[-40.811706,-14.853487],[-40.811222,-14.853302],[-40.810847,-14.853125],[-40.810739,-14.853092],[-40.8106,-14.853082],[-40.810455,-14.853068],[-40.809829,-14.85302],[-40.809555,-14.853035],[-40.809275,-14.853101],[-40.808156,-14.853407],[-40.807751,-14.853499],[-40.807457,-14.853558],[-40.806964,-14.853611],[-40.806866,-14.853623],[-40.806479,-14.853674],[-40.806181,-14.853713],[-40.806128,-14.85372],[-40.805412,-14.853818]]]},"properties":{"cd_unidade":"2933307010","nome":"Primavera","tipo":"bairro","situacao":"urbano","cd_dist":"293330705","nm_dist":"Vitória da Conquista","cd_mun":"2933307","nm_mun":"Vitória da Conquista","area_km2":16.215424,"area_domiciliada_km2":4.91299,"demografia":{"pop":8329,"homens":4055,"mulheres":4274,"idade":{"0_4":617,"5_9":631,"10_14":620,"15_19":615,"20_24":678,"25_29":706,"30_39":1709,"40_49":1424,"50_59":699,"60_69":398,"70_mais":230}},"domicilios":{"total":3842,"particulares":3842,"coletivos":0,"ocupados":3034,"uso_ocasional":247,"vagos":561,"tipo":{"dppo":3034,"casa":1247,"casa_vila_condominio":609,"apartamento":1171,"comodo_cortico":0,"degradada":0,"improvisado":0},"media_moradores":2.7407,"pct_imputados":0.0359},"saneamento":{"agua":{"rede_geral":2933,"poco":24,"outras":6},"agua_canalizada":{"dentro":2925,"so_terreno":48,"nao":56},"banheiro":{"exclusivo":1855,"comum":0,"so_sanitario":4,"nenhum":0},"esgoto":{"rede_ou_fossa_ligada":2228,"fossa_septica":12,"fossa_rudimentar":226,"outros":0,"inexistente":0},"lixo":{"coletado":2735,"queimado_enterrado":0,"outros":0}},"alfabetizacao":{"alfabetizados_15_mais":6183,"nao_alfabetizados_15_mais":268},"renda_responsavel":{"responsaveis":3034,"moradores":8329,"rendimento_medio":3319.9761},"enderecos_cnefe":{"particulares":3808,"coletivos":0,"agropecuario":15,"ensino":2,"saude":0,"outras_finalidades":181,"em_construcao":222,"religioso":15},"escolas":{"publicas":{"ate_50":0,"51_200":0,"201_500":1,"501_1000":0,"mais_1000":0,"sem_matricula":0,"nao_informado":0},"particulares":{"ate_50":1,"51_200":1,"201_500":0,"501_1000":0,"mais_1000":0,"sem_matricula":0,"nao_informado":0}},"contem_sigilo":["alfabetizacao","demografia","domicilios","saneamento"]}},{"type":"Feature","_id":"2933307011","geometry":{"type":"Polygon","coordinates":[[[-40.828815,-14.866823],[-40.829054,-14.866315],[-40.829159,-14.866118],[-40.829236,-14.866017],[-40.829379,-14.865828],[-40.829492,-14.865631],[-40.830046,-14.864668],[-40.831042,-14.863222],[-40.831367,-14.862749],[-40.831665,-14.862282],[-40.831693,-14.862238],[-40.832044,-14.86169],[-40.832324,-14.861254],[-40.832531,-14.860931],[-40.832763,-14.860569],[-40.833117,-14.860016],[-40.833173,-14.859929],[-40.833152,-14.859893],[-40.833088,-14.859785],[-40.832824,-14.85964],[-40.831871,-14.859017],[-40.831353,-14.85871],[-40.830095,-14.857897],[-40.829334,-14.857409],[-40.829268,-14.857333],[-40.829195,-14.857249],[-40.829111,-14.857233],[-40.829034,-14.857218],[-40.827463,-14.856216],[-40.82685,-14.855824],[-40.826321,-14.855487],[-40.825773,-14.855137],[-40.824986,-14.854641],[-40.824178,-14.854132],[-40.824067,-14.854007],[-40.824045,-14.853846],[-40.823846,-14.853905],[-40.822935,-14.854152],[-40.822584,-14.854244],[-40.820356,-14.854798],[-40.820304,-14.854811],[-40.819348,-14.855057],[-40.818217,-14.855347],[-40.818174,-14.855357],[-40.817319,-14.855577],[-40.81676,-14.85572],[-40.816047,-14.855893],[-40.815682,-14.855981],[-40.815412,-14.856046],[-40.81398,-14.856392],[-40.813134,-14.856598],[-40.812119,-14.856856],[-40.809941,-14.857432],[-40.80955,-14.857539],[-40.809311,-14.857599],[-40.808448,-14.857818],[-40.806446,-14.858325],[-40.801775,-14.859454],[-40.800855,-14.859597],[-40.799468,-14.859789],[-40.799056,-14.859875],[-40.798719,-14.859927],[-40.798991,-14.861113],[-40.799191,-14.86196],[-40.799383,-14.862798],[-40.799575,-14.863481],[-40.799752,-14.864195],[-40.799804,-14.864525],[-40.799838,-14.864744],[-40.79985,-14.865526],[-40.799751,-14.869254],[-40.799576,-14.876004],[-40.799562,-14.877299],[-40.799595,-14.877689],[-40.799711,-14.878207],[-40.799857,-14.878567],[-40.800068,-14.878946],[-40.80034,-14.879332],[-40.80058,-14.879596],[-40.801125,-14.879974],[-40.801732,-14.880285],[-40.803933,-14.881346],[-40.805637,-14.88217],[-40.80867,-14.883669],[-40.809016,-14.883842],[-40.809595,-14.884208],[-40.810312,-14.884787],[-40.810428,-14.884883],[-40.813539,-14.887445],[-40.813716,-14.887205],[-40.813861,-14.88701],[-40.813936,-14.886702],[-40.813965,-14.88658],[-40.814044,-14.886205],[-40.814212,-14.885945],[-40.814315,-14.885936],[-40.814545,-14.885916],[-40.814858,-14.885604],[-40.814937,-14.885338],[-40.815127,-14.885137],[-40.815357,-14.8843],[-40.815352,-14.884294],[-40.815244,-14.884161],[-40.815302,-14.88392],[-40.815459,-14.883687],[-40.815748,-14.883667],[-40.815889,-14.883658],[-40.816089,-14.883462],[-40.816179,-14.883259],[-40.816249,-14.882979],[-40.816263,-14.882927],[-40.816156,-14.882782],[-40.816468,-14.882642],[-40.816688,-14.882527],[-40.816751,-14.882493],[-40.816899,-14.882347],[-40.81722,-14.882028],[-40.817532,-14.881823],[-40.81778,-14.881784],[-40.81797,-14.881823],[-40.818054,-14.88184],[-40.818114,-14.881781],[-40.818311,-14.88159],[-40.81869,-14.881606],[-40.818751,-14.881609],[-40.818819,-14.881559],[-40.819043,-14.881395],[-40.819124,-14.881447],[-40.819288,-14.881553],[-40.819732,-14.881543],[-40.820054,-14.881425],[-40.820152,-14.881535],[-40.820469,-14.88134],[-40.820709,-14.881123],[-40.821003,-14.880886],[-40.820956,-14.880707],[-40.820996,-14.880575],[-40.821054,-14.880338],[-40.821067,-14.880154],[-40.820778,-14.88034],[-40.820762,-14.880322],[-40.820697,-14.880246],[-40.820835,-14.87974],[-40.820832,-14.879442],[-40.82115,-14.879496],[-40.821374,-14.879506],[-40.821509,-14.879512],[-40.821843,-14.879474],[-40.821966,-14.879205],[-40.822424,-14.879091],[-40.822461,-14.878881],[-40.822414,-14.878775],[-40.822029,-14.878655],[-40.821926,-14.878538],[-40.82168,-14.878257],[-40.821713,-14.877906],[-40.821959,-14.877692],[-40.822182,-14.877471],[-40.822251,-14.877173],[-40.822226,-14.876693],[-40.822378,-14.8765],[-40.822679,-14.876744],[-40.822796,-14.87684],[-40.823042,-14.876809],[-40.823473,-14.876579],[-40.823822,-14.876234],[-40.824035,-14.87574],[-40.824529,-14.874954],[-40.825667,-14.874283],[-40.826808,-14.873707],[-40.827057,-14.873566],[-40.82708,-14.873553],[-40.827098,-14.873543],[-40.827532,-14.873297],[-40.828479,-14.872704],[-40.82884,-14.872252],[-40.829541,-14.871647],[-40.829565,-14.871626],[-40.829918,-14.871324],[-40.830552,-14.871191],[-40.83082,-14.871006],[-40.830906,-14.870896],[-40.830234,-14.870422],[-40.829759,-14.869996],[-40.829357,-14.869738],[-40.828392,-14.869118],[-40.827668,-14.868653],[-40.828098,-14.867967],[-40.828528,-14.867281],[-40.828815,-14.866823]]]},"properties":{"cd_unidade":"2933307011","nome":"Candeias","tipo":"bairro","situacao":"urbano","cd_dist":"293330705","nm_dist":"Vitória da Conquista","cd_mun":"2933307","nm_mun":"Vitória da Conquista","area_km2":8.665974,"area_domiciliada_km2":5.681686,"demografia":{"pop":18983,"homens":8707,"mulheres":10276,"idade":{"0_4":826,"5_9":897,"10_14":922,"15_19":1173,"20_24":1586,"25_29":1600,"30_39":3072,"40_49":2800,"50_59":2560,"60_69":1922,"70_mais":1611}},"domicilios":{"total":11107,"particulares":11101,"coletivos":6,"ocupados":7498,"uso_ocasional":1989,"vagos":1614,"tipo":{"dppo":7498,"casa":2834,"casa_vila_condominio":314,"apartamento":4325,"comodo_cortico":9,"degradada":0,"improvisado":0},"media_moradores":2.5412,"pct_imputados":0.0412},"saneamento":{"agua":{"rede_geral":7289,"poco":152,"outras":0},"agua_canalizada":{"dentro":7487,"so_terreno":7,"nao":0},"banheiro":{"exclusivo":6439,"comum":4,"so_sanitario":0,"nenhum":0},"esgoto":{"rede_ou_fossa_ligada":4757,"fossa_septica":10,"fossa_rudimentar":6,"outros":6,"inexistente":0},"lixo":{"coletado":5458,"queimado_enterrado":4,"outros":3}},"alfabetizacao":{"alfabetizados_15_mais":16198,"nao_alfabetizados_15_mais":108},"renda_responsavel":{"responsaveis":7498,"moradores":18969,"rendimento_medio":6368.9236},"enderecos_cnefe":{"particulares":11121,"coletivos":6,"agropecuario":1,"ensino":35,"saude":32,"outras_finalidades":894,"em_construcao":320,"religioso":22},"escolas":{"publicas":{"ate_50":0,"51_200":1,"201_500":1,"501_1000":2,"mais_1000":0,"sem_matricula":0,"nao_informado":0},"particulares":{"ate_50":0,"51_200":2,"201_500":3,"501_1000":2,"mais_1000":1,"sem_matricula":1,"nao_informado":0}},"contem_sigilo":["alfabetizacao","demografia","domicilios","saneamento"]}},{"type":"Feature","_id":"2933307012","geometry":{"type":"Polygon","coordinates":[[[-40.841353,-14.902402],[-40.843829,-14.90243],[-40.84424,-14.902435],[-40.844726,-14.902417],[-40.844723,-14.902057],[-40.844717,-14.901386],[-40.844709,-14.901317],[-40.844691,-14.901175],[-40.844474,-14.900591],[-40.844468,-14.900137],[-40.844462,-14.899076],[-40.844456,-14.898095],[-40.844467,-14.896841],[-40.844468,-14.896127],[-40.844481,-14.895644],[-40.844564,-14.895144],[-40.844557,-14.894893],[-40.844548,-14.894687],[-40.844549,-14.894571],[-40.84457,-14.891282],[-40.844572,-14.890797],[-40.844574,-14.890358],[-40.844575,-14.890137],[-40.844576,-14.88989],[-40.844565,-14.889419],[-40.844557,-14.888951],[-40.844548,-14.888495],[-40.844558,-14.888011],[-40.844571,-14.887575],[-40.844578,-14.88671],[-40.844592,-14.886059],[-40.844592,-14.885813],[-40.844591,-14.885432],[-40.844604,-14.884844],[-40.844593,-14.884191],[-40.844599,-14.883585],[-40.844602,-14.88338],[-40.844608,-14.883021],[-40.844608,-14.882401],[-40.844596,-14.882125],[-40.844592,-14.880714],[-40.844601,-14.8805],[-40.844623,-14.879983],[-40.844619,-14.879656],[-40.844616,-14.879368],[-40.844623,-14.878766],[-40.844629,-14.878238],[-40.84463,-14.878105],[-40.844633,-14.877589],[-40.844636,-14.876948],[-40.844638,-14.876503],[-40.844639,-14.876338],[-40.844659,-14.875788],[-40.844659,-14.875361],[-40.844666,-14.874686],[-40.844661,-14.873437],[-40.844667,-14.871889],[-40.844665,-14.871243],[-40.844633,-14.871163],[-40.844478,-14.870984],[-40.844199,-14.870863],[-40.842894,-14.870844],[-40.841923,-14.870626],[-40.841543,-14.870661],[-40.84086,-14.870724],[-40.840822,-14.870727],[-40.839382,-14.870937],[-40.839194,-14.870956],[-40.838969,-14.870977],[-40.838292,-14.871044],[-40.837293,-14.871183],[-40.835398,-14.871414],[-40.833861,-14.871602],[-40.833488,-14.871645],[-40.833078,-14.871634],[-40.832767,-14.871576],[-40.83233,-14.871465],[-40.831813,-14.871329],[-40.831308,-14.871179],[-40.830906,-14.870896],[-40.83082,-14.871006],[-40.830552,-14.871191],[-40.829918,-14.871324],[-40.829565,-14.871626],[-40.829541,-14.871647],[-40.82884,-14.872252],[-40.828479,-14.872704],[-40.827532,-14.873297],[-40.827098,-14.873543],[-40.82708,-14.873553],[-40.827057,-14.873566],[-40.826808,-14.873707],[-40.825667,-14.874283],[-40.824529,-14.874954],[-40.824035,-14.87574],[-40.823822,-14.876234],[-40.823473,-14.876579],[-40.823042,-14.876809],[-40.822796,-14.87684],[-40.822679,-14.876744],[-40.822378,-14.8765],[-40.822226,-14.876693],[-40.822251,-14.877173],[-40.822182,-14.877471],[-40.821959,-14.877692],[-40.821713,-14.877906],[-40.82168,-14.878257],[-40.821926,-14.878538],[-40.822029,-14.878655],[-40.822414,-14.878775],[-40.822461,-14.878881],[-40.822424,-14.879091],[-40.821966,-14.879205],[-40.821843,-14.879474],[-40.821509,-14.879512],[-40.821374,-14.879506],[-40.82115,-14.879496],[-40.820832,-14.879442],[-40.820835,-14.87974],[-40.820697,-14.880246],[-40.820762,-14.880322],[-40.820778,-14.88034],[-40.821067,-14.880154],[-40.821054,-14.880338],[-40.820996,-14.880575],[-40.820956,-14.880707],[-40.821003,-14.880886],[-40.820709,-14.881123],[-40.820469,-14.88134],[-40.820152,-14.881535],[-40.820054,-14.881425],[-40.819732,-14.881543],[-40.819288,-14.881553],[-40.819124,-14.881447],[-40.819043,-14.881395],[-40.818819,-14.881559],[-40.818751,-14.881609],[-40.81869,-14.881606],[-40.818311,-14.88159],[-40.818114,-14.881781],[-40.818054,-14.88184],[-40.81797,-14.881823],[-40.81778,-14.881784],[-40.817532,-14.881823],[-40.81722,-14.882028],[-40.816899,-14.882347],[-40.816751,-14.882493],[-40.816688,-14.882527],[-40.816468,-14.882642],[-40.816156,-14.882782],[-40.816263,-14.882927],[-40.816249,-14.882979],[-40.816179,-14.883259],[-40.816089,-14.883462],[-40.815889,-14.883658],[-40.815748,-14.883667],[-40.815459,-14.883687],[-40.815302,-14.88392],[-40.815244,-14.884161],[-40.815352,-14.884294],[-40.815357,-14.8843],[-40.815127,-14.885137],[-40.814937,-14.885338],[-40.814858,-14.885604],[-40.814545,-14.885916],[-40.814315,-14.885936],[-40.814212,-14.885945],[-40.814044,-14.886205],[-40.813965,-14.88658],[-40.813936,-14.886702],[-40.813861,-14.88701],[-40.813716,-14.887205],[-40.813539,-14.887445],[-40.813592,-14.88749],[-40.814407,-14.888175],[-40.816126,-14.88961],[-40.816848,-14.890212],[-40.817765,-14.890976],[-40.818422,-14.891517],[-40.81948,-14.89239],[-40.819947,-14.892789],[-40.821034,-14.893719],[-40.822655,-14.895068],[-40.82295,-14.895311],[-40.82353,-14.895768],[-40.823892,-14.895967],[-40.824299,-14.896173],[-40.824648,-14.896281],[-40.825066,-14.896374],[-40.825592,-14.896431],[-40.827172,-14.896463],[-40.827171,-14.896823],[-40.827127,-14.897353],[-40.827096,-14.89792],[-40.827091,-14.898023],[-40.827362,-14.898172],[-40.828469,-14.898779],[-40.82866,-14.898881],[-40.8307,-14.89997],[-40.831531,-14.900386],[-40.831837,-14.900539],[-40.832635,-14.900567],[-40.833722,-14.900871],[-40.834436,-14.901255],[-40.835569,-14.901759],[-40.835581,-14.901765],[-40.836474,-14.902221],[-40.837933,-14.902221],[-40.839169,-14.902215],[-40.840296,-14.902182],[-40.840446,-14.902106],[-40.840906,-14.902302],[-40.841353,-14.902402]]]},"properties":{"cd_unidade":"2933307012","nome":"Boa Vista","tipo":"bairro","situacao":"urbano","cd_dist":"293330705","nm_dist":"Vitória da Conquista","cd_mun":"2933307","nm_mun":"Vitória da Conquista","area_km2":8.315475,"area_domiciliada_km2":7.409126,"demografia":{"pop":27079,"homens":12880,"mulheres":14199,"idade":{"0_4":1957,"5_9":2057,"10_14":1951,"15_19":2060,"20_24":2220,"25_29":2227,"30_39":5104,"40_49":4832,"50_59":2485,"60_69":1288,"70_mais":898}},"domicilios":{"total":11551,"particulares":11547,"coletivos":4,"ocupados":9421,"uso_ocasional":576,"vagos":1550,"tipo":{"dppo":9420,"casa":5378,"casa_vila_condominio":931,"apartamento":3093,"comodo_cortico":0,"degradada":0,"improvisado":0},"media_moradores":2.8776,"pct_imputados":0.0436},"saneamento":{"agua":{"rede_geral":9323,"poco":37,"outras":10},"agua_canalizada":{"dentro":9376,"so_terreno":15,"nao":19},"banheiro":{"exclusivo":5318,"comum":4,"so_sanitario":4,"nenhum":0},"esgoto":{"rede_ou_fossa_ligada":6864,"fossa_septica":49,"fossa_rudimentar":83,"outros":0,"inexistente":0},"lixo":{"coletado":8178,"queimado_enterrado":0,"outros":0}},"alfabetizacao":{"alfabetizados_15_mais":20256,"nao_alfabetizados_15_mais":843},"renda_responsavel":{"responsaveis":9420,"moradores":27037,"rendimento_medio":3857.8362},"enderecos_cnefe":{"particulares":11562,"coletivos":4,"agropecuario":1,"ensino":9,"saude":1,"outras_finalidades":747,"em_construcao":685,"religioso":43},"escolas":{"publicas":{"ate_50":0,"51_200":1,"201_500":0,"501_1000":0,"mais_1000":1,"sem_matricula":0,"nao_informado":0},"particulares":{"ate_50":0,"51_200":0,"201_500":0,"501_1000":2,"mais_1000":0,"sem_matricula":0,"nao_informado":0}},"contem_sigilo":["alfabetizacao","domicilios","saneamento"]}},{"type":"Feature","_id":"2933307013","geometry":{"type":"Polygon","coordinates":[[[-40.854023,-14.900122],[-40.85476,-14.899914],[-40.855031,-14.89975],[-40.855181,-14.899659],[-40.855475,-14.899481],[-40.855996,-14.898971],[-40.857778,-14.897899],[-40.858123,-14.897691],[-40.86214,-14.89535],[-40.862949,-14.894894],[-40.863448,-14.894599],[-40.86439,-14.894046],[-40.86437,-14.894014],[-40.863769,-14.893044],[-40.862948,-14.89172],[-40.862307,-14.890687],[-40.860929,-14.888504],[-40.860897,-14.88845],[-40.860309,-14.887474],[-40.860289,-14.887441],[-40.859795,-14.886637],[-40.858616,-14.884719],[-40.858437,-14.884429],[-40.858318,-14.883972],[-40.858292,-14.883871],[-40.857516,-14.882608],[-40.856612,-14.881127],[-40.855927,-14.880019],[-40.855584,-14.879541],[-40.855143,-14.878925],[-40.855003,-14.878731],[-40.85493,-14.878629],[-40.854631,-14.878068],[-40.854594,-14.878008],[-40.854165,-14.877323],[-40.85372,-14.876591],[-40.853256,-14.87583],[-40.852819,-14.875112],[-40.852798,-14.875077],[-40.852357,-14.87434],[-40.85235,-14.874329],[-40.851898,-14.873602],[-40.851666,-14.873229],[-40.851642,-14.873242],[-40.851532,-14.873303],[-40.851506,-14.873318],[-40.851484,-14.87333],[-40.851472,-14.873337],[-40.85141,-14.873372],[-40.851371,-14.873394],[-40.850221,-14.874037],[-40.849652,-14.874355],[-40.848711,-14.874869],[-40.847895,-14.875315],[-40.847938,-14.875476],[-40.847995,-14.87569],[-40.847971,-14.875691],[-40.8479,-14.875692],[-40.847878,-14.875693],[-40.846464,-14.875718],[-40.846459,-14.875437],[-40.844659,-14.875788],[-40.844639,-14.876338],[-40.844638,-14.876503],[-40.844636,-14.876948],[-40.844633,-14.877589],[-40.84463,-14.878105],[-40.844629,-14.878238],[-40.844623,-14.878766],[-40.844616,-14.879368],[-40.844619,-14.879656],[-40.844623,-14.879983],[-40.844601,-14.8805],[-40.844592,-14.880714],[-40.844596,-14.882125],[-40.844608,-14.882401],[-40.844608,-14.883021],[-40.844602,-14.88338],[-40.844599,-14.883585],[-40.844593,-14.884191],[-40.844604,-14.884844],[-40.844591,-14.885432],[-40.844592,-14.885813],[-40.844592,-14.886059],[-40.844578,-14.88671],[-40.844571,-14.887575],[-40.844558,-14.888011],[-40.844548,-14.888495],[-40.844557,-14.888951],[-40.844565,-14.889419],[-40.844576,-14.88989],[-40.844575,-14.890137],[-40.844574,-14.890358],[-40.844572,-14.890797],[-40.84457,-14.891282],[-40.844549,-14.894571],[-40.844548,-14.894687],[-40.844557,-14.894893],[-40.844564,-14.895144],[-40.844481,-14.895644],[-40.844468,-14.896127],[-40.844467,-14.896841],[-40.844456,-14.898095],[-40.844462,-14.899076],[-40.844468,-14.900137],[-40.844474,-14.900591],[-40.844691,-14.901175],[-40.844709,-14.901317],[-40.844717,-14.901386],[-40.844723,-14.902057],[-40.844726,-14.902417],[-40.845091,-14.902422],[-40.848613,-14.902424],[-40.849053,-14.902404],[-40.849782,-14.902283],[-40.850438,-14.902094],[-40.850946,-14.901867],[-40.851582,-14.901547],[-40.852411,-14.901069],[-40.853469,-14.900454],[-40.854023,-14.900122]]]},"properties":{"cd_unidade":"2933307013","nome":"Felícia","tipo":"bairro","situacao":"urbano","cd_dist":"293330705","nm_dist":"Vitória da Conquista","cd_mun":"2933307","nm_mun":"Vitória da Conquista","area_km2":4.45598,"area_domiciliada_km2":3.53147,"demografia":{"pop":16070,"homens":7589,"mulheres":8481,"idade":{"0_4":1089,"5_9":1061,"10_14":1002,"15_19":1080,"20_24":1381,"25_29":1331,"30_39":3215,"40_49":2808,"50_59":1632,"60_69":909,"70_mais":559}},"domicilios":{"total":6903,"particulares":6900,"coletivos":3,"ocupados":5874,"uso_ocasional":249,"vagos":777,"tipo":{"dppo":5870,"casa":3795,"casa_vila_condominio":0,"apartamento":2071,"comodo_cortico":0,"degradada":0,"improvisado":0},"media_moradores":2.7316,"pct_imputados":0.0419},"saneamento":{"agua":{"rede_geral":5802,"poco":37,"outras":0},"agua_canalizada":{"dentro":5865,"so_terreno":0,"nao":0},"banheiro":{"exclusivo":5012,"comum":0,"so_sanitario":0,"nenhum":0},"esgoto":{"rede_ou_fossa_ligada":4273,"fossa_septica":34,"fossa_rudimentar":17,"outros":0,"inexistente":0},"lixo":{"coletado":4449,"queimado_enterrado":0,"outros":0}},"alfabetizacao":{"alfabetizados_15_mais":12653,"nao_alfabetizados_15_mais":261},"renda_responsavel":{"responsaveis":5870,"moradores":16063,"rendimento_medio":3072.6699},"enderecos_cnefe":{"particulares":6899,"coletivos":3,"agropecuario":0,"ensino":20,"saude":10,"outras_finalidades":812,"em_construcao":590,"religioso":27},"escolas":{"publicas":{"ate_50":0,"51_200":0,"201_500":0,"501_1000":1,"mais_1000":0,"sem_matricula":0,"nao_informado":0},"particulares":{"ate_50":0,"51_200":0,"201_500":3,"501_1000":1,"mais_1000":0,"sem_matricula":0,"nao_informado":0}},"contem_sigilo":["alfabetizacao","demografia","domicilios","saneamento"]}},{"type":"Feature","_id":"2933307014","geometry":{"type":"Polygon","coordinates":[[[-40.868877,-14.891229],[-40.86934,-14.890753],[-40.869709,-14.8902],[-40.869945,-14.889804],[-40.870053,-14.88958],[-40.870293,-14.889],[-40.870431,-14.888461],[-40.870522,-14.887692],[-40.870552,-14.887128],[-40.870558,-14.887006],[-40.870714,-14.884533],[-40.870754,-14.883915],[-40.870907,-14.881873],[-40.870924,-14.881674],[-40.871043,-14.879613],[-40.871066,-14.879232],[-40.871127,-14.87816],[-40.871238,-14.876381],[-40.871239,-14.876355],[-40.871258,-14.875762],[-40.871404,-14.87358],[-40.871429,-14.8732],[-40.871431,-14.873178],[-40.871436,-14.873073],[-40.871453,-14.872712],[-40.871281,-14.872775],[-40.871123,-14.872756],[-40.871021,-14.872693],[-40.870793,-14.872551],[-40.870568,-14.872414],[-40.870148,-14.872128],[-40.869829,-14.871942],[-40.86932,-14.871671],[-40.868852,-14.871511],[-40.868438,-14.871371],[-40.866741,-14.870801],[-40.866719,-14.870794],[-40.863738,-14.869773],[-40.862197,-14.869358],[-40.862156,-14.869347],[-40.86121,-14.869103],[-40.860599,-14.868945],[-40.860293,-14.868901],[-40.860278,-14.868899],[-40.859498,-14.868756],[-40.859092,-14.868691],[-40.858447,-14.868589],[-40.858177,-14.868524],[-40.857478,-14.868601],[-40.857439,-14.868605],[-40.855616,-14.868847],[-40.855572,-14.868853],[-40.854654,-14.868973],[-40.853779,-14.869093],[-40.85374,-14.869098],[-40.85281,-14.869227],[-40.851855,-14.86936],[-40.851268,-14.86944],[-40.851079,-14.869466],[-40.851043,-14.869471],[-40.851082,-14.869987],[-40.851103,-14.870417],[-40.851249,-14.871313],[-40.851318,-14.871894],[-40.851489,-14.872811],[-40.851524,-14.872893],[-40.851666,-14.873229],[-40.851898,-14.873602],[-40.85235,-14.874329],[-40.852357,-14.87434],[-40.852798,-14.875077],[-40.852819,-14.875112],[-40.853256,-14.87583],[-40.85372,-14.876591],[-40.854165,-14.877323],[-40.854594,-14.878008],[-40.854631,-14.878068],[-40.85493,-14.878629],[-40.855003,-14.878731],[-40.855143,-14.878925],[-40.855584,-14.879541],[-40.855927,-14.880019],[-40.856612,-14.881127],[-40.857516,-14.882608],[-40.858292,-14.883871],[-40.858318,-14.883972],[-40.858437,-14.884429],[-40.858616,-14.884719],[-40.859795,-14.886637],[-40.860289,-14.887441],[-40.860309,-14.887474],[-40.860897,-14.88845],[-40.860929,-14.888504],[-40.862307,-14.890687],[-40.862948,-14.89172],[-40.863769,-14.893044],[-40.86437,-14.894014],[-40.86439,-14.894046],[-40.864434,-14.89402],[-40.865404,-14.893442],[-40.866727,-14.892653],[-40.86732,-14.8923],[-40.868066,-14.891864],[-40.86845,-14.891603],[-40.868877,-14.891229]]]},"properties":{"cd_unidade":"2933307014","nome":"Patagônia","tipo":"bairro","situacao":"urbano","cd_dist":"293330705","nm_dist":"Vitória da Conquista","cd_mun":"2933307","nm_mun":"Vitória da Conquista","area_km2":3.839518,"area_domiciliada_km2":3.793508,"demografia":{"pop":26076,"homens":12342,"mulheres":13626,"idade":{"0_4":1584,"5_9":1897,"10_14":1894,"15_19":2083,"20_24":2180,"25_29":2008,"30_39":3973,"40_49":3849,"50_59":2809,"60_69":1941,"70_mais":1750}},"domicilios":{"total":9855,"particulares":9837,"coletivos":18,"ocupados":8582,"uso_ocasional":182,"vagos":1073,"tipo":{"dppo":8582,"casa":8341,"casa_vila_condominio":22,"apartamento":195,"comodo_cortico":0,"degradada":0,"improvisado":0},"media_moradores":3.0216,"pct_imputados":0.0403},"saneamento":{"agua":{"rede_geral":8405,"poco":96,"outras":10},"agua_canalizada":{"dentro":8536,"so_terreno":12,"nao":5},"banheiro":{"exclusivo":3635,"comum":3,"so_sanitario":0,"nenhum":0},"esgoto":{"rede_ou_fossa_ligada":7568,"fossa_septica":73,"fossa_rudimentar":75,"outros":0,"inexistente":0},"lixo":{"coletado":8022,"queimado_enterrado":0,"outros":0}},"alfabetizacao":{"alfabetizados_15_mais":18553,"nao_alfabetizados_15_mais":2040},"renda_responsavel":{"responsaveis":8582,"moradores":25916,"rendimento_medio":1525.2677},"enderecos_cnefe":{"particulares":9832,"coletivos":18,"agropecuario":0,"ensino":31,"saude":13,"outras_finalidades":1789,"em_construcao":437,"religioso":83},"escolas":{"publicas":{"ate_50":0,"51_200":1,"201_500":7,"501_1000":2,"mais_1000":3,"sem_matricula":0,"nao_informado":0},"particulares":{"ate_50":0,"51_200":0,"201_500":2,"501_1000":0,"mais_1000":0,"sem_matricula":0,"nao_informado":0}},"contem_sigilo":["alfabetizacao","demografia","domicilios","renda_responsavel","saneamento"]}},{"type":"Feature","_id":"2933307015","geometry":{"type":"Polygon","coordinates":[[[-40.871021,-14.872693],[-40.871123,-14.872756],[-40.871281,-14.872775],[-40.871453,-14.872712],[-40.871436,-14.873073],[-40.871454,-14.872711],[-40.871534,-14.87157],[-40.871596,-14.870699],[-40.871743,-14.86839],[-40.871773,-14.86765],[-40.871776,-14.867599],[-40.871806,-14.867133],[-40.87183,-14.867018],[-40.871912,-14.866623],[-40.87198,-14.866308],[-40.872188,-14.865596],[-40.872395,-14.865057],[-40.872681,-14.864533],[-40.87284,-14.864283],[-40.873209,-14.863759],[-40.873231,-14.863728],[-40.87356,-14.863292],[-40.874696,-14.861816],[-40.875481,-14.860785],[-40.877556,-14.858068],[-40.87906,-14.8561],[-40.879713,-14.855239],[-40.880366,-14.854378],[-40.882326,-14.851793],[-40.883002,-14.850881],[-40.884074,-14.849449],[-40.884572,-14.848714],[-40.884927,-14.847846],[-40.885053,-14.847629],[-40.885161,-14.847466],[-40.885455,-14.847118],[-40.885813,-14.846753],[-40.886655,-14.846063],[-40.886354,-14.846166],[-40.886083,-14.846189],[-40.885552,-14.846047],[-40.885172,-14.845916],[-40.884891,-14.845904],[-40.884679,-14.845905],[-40.884341,-14.845964],[-40.88406,-14.846041],[-40.883602,-14.846103],[-40.882413,-14.846266],[-40.88222,-14.846296],[-40.881293,-14.846431],[-40.880316,-14.846529],[-40.877367,-14.846939],[-40.877357,-14.84694],[-40.876255,-14.847051],[-40.874323,-14.847332],[-40.87176,-14.847733],[-40.869591,-14.84806],[-40.869389,-14.848091],[-40.869255,-14.84811],[-40.867119,-14.848408],[-40.867065,-14.848416],[-40.86696,-14.84843],[-40.866007,-14.848575],[-40.865863,-14.848608],[-40.865436,-14.848701],[-40.865227,-14.848747],[-40.865105,-14.848795],[-40.864999,-14.848836],[-40.864849,-14.848818],[-40.864584,-14.848786],[-40.864478,-14.848799],[-40.864116,-14.848848],[-40.864069,-14.848854],[-40.863832,-14.848886],[-40.863145,-14.848979],[-40.862728,-14.849042],[-40.861103,-14.849287],[-40.860866,-14.849322],[-40.860824,-14.849328],[-40.860823,-14.849328],[-40.860156,-14.849416],[-40.860138,-14.849419],[-40.860258,-14.850364],[-40.860355,-14.851143],[-40.860357,-14.851159],[-40.860455,-14.851948],[-40.860545,-14.852635],[-40.860758,-14.854299],[-40.860762,-14.854335],[-40.860864,-14.855116],[-40.86096,-14.855876],[-40.860964,-14.855904],[-40.861065,-14.856689],[-40.861049,-14.856924],[-40.860841,-14.857541],[-40.860581,-14.858433],[-40.860374,-14.859217],[-40.860149,-14.860039],[-40.859655,-14.86168],[-40.859416,-14.862504],[-40.859184,-14.863305],[-40.859177,-14.86333],[-40.859026,-14.864203],[-40.859047,-14.864205],[-40.859182,-14.864214],[-40.8592,-14.864215],[-40.859122,-14.864279],[-40.859093,-14.864303],[-40.858586,-14.864715],[-40.857985,-14.865097],[-40.85786,-14.865344],[-40.857509,-14.865602],[-40.857139,-14.865838],[-40.855705,-14.86675],[-40.855374,-14.866886],[-40.855327,-14.866905],[-40.85557,-14.868836],[-40.855572,-14.868853],[-40.855616,-14.868847],[-40.857439,-14.868605],[-40.857478,-14.868601],[-40.858177,-14.868524],[-40.858447,-14.868589],[-40.859092,-14.868691],[-40.859498,-14.868756],[-40.860278,-14.868899],[-40.860293,-14.868901],[-40.860599,-14.868945],[-40.86121,-14.869103],[-40.862156,-14.869347],[-40.862197,-14.869358],[-40.863738,-14.869773],[-40.866719,-14.870794],[-40.866741,-14.870801],[-40.868438,-14.871371],[-40.868852,-14.871511],[-40.86932,-14.871671],[-40.869829,-14.871942],[-40.870148,-14.872128],[-40.870568,-14.872414],[-40.870793,-14.872551],[-40.871021,-14.872693]]]},"properties":{"cd_unidade":"2933307015","nome":"Bateias","tipo":"bairro","situacao":"urbano","cd_dist":"293330705","nm_dist":"Vitória da Conquista","cd_mun":"2933307","nm_mun":"Vitória da Conquista","area_km2":4.821923,"area_domiciliada_km2":3.572793,"demografia":{"pop":13381,"homens":6413,"mulheres":6968,"idade":{"0_4":884,"5_9":937,"10_14":935,"15_19":1021,"20_24":1045,"25_29":1033,"30_39":2140,"40_49":1994,"50_59":1585,"60_69":957,"70_mais":850}},"domicilios":{"total":5010,"particulares":5004,"coletivos":6,"ocupados":4386,"uso_ocasional":106,"vagos":512,"tipo":{"dppo":4386,"casa":4235,"casa_vila_condominio":0,"apartamento":131,"comodo_cortico":6,"degradada":0,"improvisado":0},"media_moradores":3.0593,"pct_imputados":0.0495},"saneamento":{"agua":{"rede_geral":4278,"poco":66,"outras":14},"agua_canalizada":{"dentro":4352,"so_terreno":4,"nao":13},"banheiro":{"exclusivo":1762,"comum":5,"so_sanitario":0,"nenhum":0},"esgoto":{"rede_ou_fossa_ligada":3246,"fossa_septica":77,"fossa_rudimentar":59,"outros":7,"inexistente":0},"lixo":{"coletado":3103,"queimado_enterrado":6,"outros":5}},"alfabetizacao":{"alfabetizados_15_mais":9785,"nao_alfabetizados_15_mais":840},"renda_responsavel":{"responsaveis":4386,"moradores":13378,"rendimento_medio":1646.981},"enderecos_cnefe":{"particulares":4975,"coletivos":6,"agropecuario":0,"ensino":7,"saude":1,"outras_finalidades":628,"em_construcao":254,"religioso":25},"escolas":{"publicas":{"ate_50":0,"51_200":0,"201_500":2,"501_1000":1,"mais_1000":0,"sem_matricula":0,"nao_informado":0},"particulares":{"ate_50":0,"51_200":0,"201_500":1,"501_1000":0,"mais_1000":0,"sem_matricula":0,"nao_informado":0}},"contem_sigilo":["domicilios","saneamento"]}},{"type":"Feature","_id":"2933307016","geometry":{"type":"MultiPolygon","coordinates":[[[[-40.882413,-14.846266],[-40.883602,-14.846103],[-40.88406,-14.846041],[-40.884341,-14.845964],[-40.884679,-14.845905],[-40.884891,-14.845904],[-40.885172,-14.845916],[-40.885552,-14.846047],[-40.886083,-14.846189],[-40.886354,-14.846166],[-40.886655,-14.846063],[-40.888217,-14.844774],[-40.888218,-14.844773],[-40.88822,-14.844772],[-40.88837,-14.844654],[-40.888612,-14.844575],[-40.888817,-14.84459],[-40.888969,-14.844754],[-40.889064,-14.844927],[-40.889206,-14.845045],[-40.889357,-14.845095],[-40.889583,-14.845079],[-40.89039,-14.844973],[-40.890459,-14.844964],[-40.89454,-14.844362],[-40.894539,-14.844358],[-40.895673,-14.844193],[-40.896956,-14.844059],[-40.896999,-14.844057],[-40.899008,-14.843958],[-40.899576,-14.842933],[-40.899995,-14.841907],[-40.900523,-14.841294],[-40.898481,-14.839327],[-40.8981,-14.838909],[-40.897186,-14.837841],[-40.896041,-14.836505],[-40.895366,-14.835785],[-40.893393,-14.833536],[-40.892535,-14.832696],[-40.892407,-14.832607],[-40.892326,-14.83255],[-40.892012,-14.832211],[-40.891689,-14.831861],[-40.891554,-14.831712],[-40.89085,-14.830934],[-40.890895,-14.830849],[-40.890173,-14.82998],[-40.890171,-14.829977],[-40.886673,-14.830421],[-40.886598,-14.829949],[-40.88653,-14.829553],[-40.88635,-14.828514],[-40.885918,-14.827446],[-40.883602,-14.827782],[-40.88174,-14.828054],[-40.879774,-14.828415],[-40.87778,-14.82934],[-40.877743,-14.829341],[-40.875552,-14.829401],[-40.87263,-14.829446],[-40.872601,-14.829804],[-40.871953,-14.829765],[-40.871306,-14.829725],[-40.871014,-14.829708],[-40.870562,-14.829694],[-40.869302,-14.829632],[-40.86758,-14.829659],[-40.864865,-14.829583],[-40.864093,-14.82958],[-40.863957,-14.829679],[-40.863218,-14.829995],[-40.862625,-14.830204],[-40.862498,-14.830222],[-40.862814,-14.832653],[-40.863144,-14.835101],[-40.863196,-14.835478],[-40.863635,-14.83838],[-40.863411,-14.83844],[-40.863353,-14.838455],[-40.863455,-14.838907],[-40.863557,-14.839384],[-40.863669,-14.83985],[-40.863686,-14.839923],[-40.863691,-14.839941],[-40.863769,-14.840308],[-40.863857,-14.840718],[-40.863935,-14.841081],[-40.864116,-14.841483],[-40.86412,-14.841494],[-40.864279,-14.841872],[-40.864449,-14.842387],[-40.86462,-14.842901],[-40.864788,-14.843408],[-40.864794,-14.843427],[-40.864989,-14.843976],[-40.865175,-14.844501],[-40.865349,-14.844992],[-40.865575,-14.845639],[-40.865547,-14.845863],[-40.865626,-14.846195],[-40.865786,-14.846681],[-40.866259,-14.846665],[-40.866387,-14.846919],[-40.86651,-14.847158],[-40.866655,-14.847484],[-40.866885,-14.848198],[-40.86696,-14.84843],[-40.867065,-14.848416],[-40.867119,-14.848408],[-40.869255,-14.84811],[-40.869389,-14.848091],[-40.869591,-14.84806],[-40.87176,-14.847733],[-40.874323,-14.847332],[-40.876255,-14.847051],[-40.877357,-14.84694],[-40.877367,-14.846939],[-40.880316,-14.846529],[-40.881293,-14.846431],[-40.88222,-14.846296],[-40.882413,-14.846266]]],[[[-40.869102,-14.808112],[-40.868965,-14.807982],[-40.867246,-14.809162],[-40.866493,-14.80962],[-40.866402,-14.809731],[-40.866272,-14.810434],[-40.866213,-14.811288],[-40.866119,-14.812007],[-40.866026,-14.812598],[-40.865771,-14.813686],[-40.865537,-14.814739],[-40.865456,-14.81533],[-40.865475,-14.815821],[-40.865508,-14.816287],[-40.865661,-14.816747],[-40.865828,-14.817515],[-40.865996,-14.818197],[-40.866014,-14.818423],[-40.865995,-14.818708],[-40.865934,-14.819116],[-40.865893,-14.819269],[-40.867539,-14.818359],[-40.869057,-14.818014],[-40.870294,-14.817722],[-40.871099,-14.817544],[-40.871526,-14.817407],[-40.872433,-14.81703],[-40.872673,-14.816895],[-40.873503,-14.813786],[-40.873452,-14.812635],[-40.873085,-14.811158],[-40.872596,-14.809548],[-40.869999,-14.808708],[-40.869505,-14.808402],[-40.869102,-14.808112]]]]},"properties":{"cd_unidade":"2933307016","nome":"Zabelê","tipo":"bairro","situacao":"urbano","cd_dist":"293330705","nm_dist":"Vitória da Conquista","cd_mun":"2933307","nm_mun":"Vitória da Conquista","area_km2":7.329131,"area_domiciliada_km2":6.65854,"demografia":{"pop":37558,"homens":17827,"mulheres":19731,"idade":{"0_4":2408,"5_9":2626,"10_14":2829,"15_19":3075,"20_24":3225,"25_29":2898,"30_39":6260,"40_49":5774,"50_59":4089,"60_69":2652,"70_mais":1722}},"domicilios":{"total":14606,"particulares":14603,"coletivos":3,"ocupados":12709,"uso_ocasional":367,"vagos":1527,"tipo":{"dppo":12706,"casa":11539,"casa_vila_condominio":253,"apartamento":883,"comodo_cortico":4,"degradada":0,"improvisado":0},"media_moradores":2.9556,"pct_imputados":0.04},"saneamento":{"agua":{"rede_geral":12624,"poco":13,"outras":10},"agua_canalizada":{"dentro":12617,"so_terreno":49,"nao":13},"banheiro":{"exclusivo":7036,"comum":6,"so_sanitario":28,"nenhum":0},"esgoto":{"rede_ou_fossa_ligada":7981,"fossa_septica":113,"fossa_rudimentar":600,"outros":0,"inexistente":0},"lixo":{"coletado":9389,"queimado_enterrado":11,"outros":186}},"alfabetizacao":{"alfabetizados_15_mais":27699,"nao_alfabetizados_15_mais":1996},"renda_responsavel":{"responsaveis":12706,"moradores":37538,"rendimento_medio":1657.0884},"enderecos_cnefe":{"particulares":14603,"coletivos":3,"agropecuario":8,"ensino":26,"saude":9,"outras_finalidades":1623,"em_construcao":928,"religioso":103},"escolas":{"publicas":{"ate_50":0,"51_200":1,"201_500":3,"501_1000":2,"mais_1000":3,"sem_matricula":0,"nao_informado":0},"particulares":{"ate_50":0,"51_200":3,"201_500":3,"501_1000":0,"mais_1000":0,"sem_matricula":0,"nao_informado":0}},"contem_sigilo":["domicilios","saneamento"]}},{"type":"Feature","_id":"2933307017","geometry":{"type":"Polygon","coordinates":[[[-40.762705,-14.890233],[-40.762452,-14.890501],[-40.761914,-14.891013],[-40.761576,-14.891332],[-40.761077,-14.891711],[-40.760889,-14.891859],[-40.760769,-14.892153],[-40.760345,-14.892989],[-40.759926,-14.893767],[-40.759711,-14.894152],[-40.759571,-14.894359],[-40.759426,-14.894588],[-40.759351,-14.894764],[-40.759313,-14.895008],[-40.759303,-14.895247],[-40.763135,-14.894681],[-40.765291,-14.893644],[-40.765929,-14.893031],[-40.766958,-14.892043],[-40.76896,-14.891914],[-40.769931,-14.892357],[-40.771351,-14.894812],[-40.774051,-14.895787],[-40.77684,-14.901162],[-40.779667,-14.903079],[-40.781601,-14.905059],[-40.782343,-14.906587],[-40.782437,-14.909175],[-40.782249,-14.911011],[-40.783241,-14.915575],[-40.783778,-14.916882],[-40.784401,-14.918612],[-40.785645,-14.920726],[-40.786946,-14.923132],[-40.787636,-14.924774],[-40.787865,-14.926926],[-40.787868,-14.927109],[-40.787899,-14.92871],[-40.787853,-14.930317],[-40.787541,-14.931014],[-40.78748,-14.931642],[-40.787192,-14.932037],[-40.787144,-14.932781],[-40.787119,-14.933304],[-40.786735,-14.934024],[-40.78653,-14.934733],[-40.785941,-14.935675],[-40.785847,-14.936415],[-40.785812,-14.936756],[-40.785983,-14.936759],[-40.786337,-14.936805],[-40.786451,-14.936874],[-40.78669,-14.936874],[-40.78681,-14.936724],[-40.787265,-14.936486],[-40.788033,-14.936104],[-40.788248,-14.935983],[-40.78841,-14.935965],[-40.788662,-14.936041],[-40.788955,-14.936081],[-40.789039,-14.936083],[-40.789291,-14.936087],[-40.789495,-14.936058],[-40.789567,-14.935907],[-40.789638,-14.935745],[-40.789673,-14.935618],[-40.78971,-14.935485],[-40.78977,-14.935317],[-40.789852,-14.935244],[-40.79001,-14.935259],[-40.790138,-14.935279],[-40.79034,-14.935311],[-40.790573,-14.935352],[-40.790801,-14.935444],[-40.790903,-14.935427],[-40.790957,-14.935328],[-40.791011,-14.935242],[-40.791017,-14.935161],[-40.790975,-14.935045],[-40.790903,-14.934958],[-40.790801,-14.934848],[-40.790793,-14.9348],[-40.790783,-14.934738],[-40.790873,-14.934645],[-40.791056,-14.934599],[-40.791067,-14.934596],[-40.791256,-14.934547],[-40.79149,-14.934402],[-40.7917,-14.934257],[-40.792047,-14.934003],[-40.792371,-14.933794],[-40.792575,-14.933655],[-40.792737,-14.93351],[-40.792814,-14.933314],[-40.792898,-14.933059],[-40.792976,-14.932758],[-40.792994,-14.932555],[-40.792957,-14.932364],[-40.792952,-14.932341],[-40.792964,-14.932184],[-40.793,-14.931825],[-40.793018,-14.931553],[-40.79303,-14.931281],[-40.793072,-14.93116],[-40.793168,-14.931061],[-40.793252,-14.930957],[-40.793252,-14.930876],[-40.793234,-14.930783],[-40.793174,-14.930644],[-40.79315,-14.930378],[-40.793228,-14.93021],[-40.793366,-14.929996],[-40.793671,-14.929689],[-40.794115,-14.929145],[-40.794235,-14.928971],[-40.794326,-14.928852],[-40.794354,-14.928749],[-40.794307,-14.928624],[-40.794265,-14.928456],[-40.794211,-14.928074],[-40.794127,-14.9279],[-40.793971,-14.927599],[-40.793881,-14.927419],[-40.793845,-14.927303],[-40.793821,-14.927176],[-40.793839,-14.927031],[-40.793953,-14.926829],[-40.794121,-14.92662],[-40.794199,-14.92647],[-40.79433,-14.926342],[-40.79439,-14.926238],[-40.794516,-14.926128],[-40.794624,-14.926012],[-40.794696,-14.925786],[-40.79478,-14.92537],[-40.794786,-14.925196],[-40.794744,-14.925034],[-40.794714,-14.924924],[-40.794714,-14.924553],[-40.794744,-14.924414],[-40.794846,-14.924188],[-40.794942,-14.924061],[-40.79508,-14.923916],[-40.795235,-14.92387],[-40.795385,-14.923806],[-40.795503,-14.923676],[-40.795595,-14.923575],[-40.795745,-14.923302],[-40.795877,-14.922996],[-40.796002,-14.922718],[-40.796212,-14.922422],[-40.796464,-14.92211],[-40.796554,-14.921901],[-40.796596,-14.921739],[-40.796668,-14.9216],[-40.796703,-14.921554],[-40.796751,-14.921484],[-40.796811,-14.921473],[-40.796949,-14.921525],[-40.797045,-14.921438],[-40.797273,-14.921206],[-40.797471,-14.920894],[-40.797566,-14.920726],[-40.7978,-14.920546],[-40.797998,-14.920291],[-40.798112,-14.920071],[-40.798202,-14.919793],[-40.798261,-14.919562],[-40.798345,-14.919475],[-40.798465,-14.919336],[-40.798615,-14.919116],[-40.798723,-14.918884],[-40.798897,-14.918659],[-40.798975,-14.918514],[-40.798981,-14.918421],[-40.799011,-14.918334],[-40.799076,-14.918288],[-40.799262,-14.918259],[-40.799508,-14.918253],[-40.799664,-14.918178],[-40.799945,-14.917946],[-40.800095,-14.917715],[-40.800179,-14.917483],[-40.800221,-14.91728],[-40.800227,-14.917153],[-40.800239,-14.917037],[-40.800263,-14.916962],[-40.800277,-14.916956],[-40.800359,-14.916921],[-40.800406,-14.916837],[-40.800415,-14.916762],[-40.800397,-14.916685],[-40.800281,-14.916603],[-40.800311,-14.916499],[-40.800383,-14.916267],[-40.800311,-14.916064],[-40.800377,-14.915885],[-40.800442,-14.915731],[-40.800477,-14.915584],[-40.800496,-14.915504],[-40.800581,-14.915447],[-40.80067,-14.915388],[-40.800712,-14.915213],[-40.800939,-14.914999],[-40.80106,-14.914849],[-40.801066,-14.914727],[-40.801084,-14.91464],[-40.80115,-14.914322],[-40.801192,-14.914217],[-40.801312,-14.91409],[-40.801372,-14.913968],[-40.801455,-14.913719],[-40.801452,-14.913536],[-40.801449,-14.913337],[-40.801533,-14.913134],[-40.801707,-14.912857],[-40.801809,-14.912758],[-40.801929,-14.912706],[-40.802097,-14.912613],[-40.802208,-14.912399],[-40.802305,-14.912099],[-40.802397,-14.911379],[-40.801988,-14.910379],[-40.802116,-14.909213],[-40.80271,-14.908297],[-40.803189,-14.907613],[-40.803268,-14.90711],[-40.803697,-14.906586],[-40.804265,-14.906373],[-40.804425,-14.906295],[-40.804732,-14.906145],[-40.804805,-14.905819],[-40.804789,-14.905754],[-40.804737,-14.905531],[-40.805105,-14.905286],[-40.805201,-14.905222],[-40.805741,-14.904729],[-40.80609,-14.904088],[-40.806143,-14.903652],[-40.806354,-14.903374],[-40.806419,-14.902958],[-40.806554,-14.902498],[-40.806908,-14.902204],[-40.807081,-14.901992],[-40.807612,-14.901364],[-40.807661,-14.900931],[-40.807965,-14.899826],[-40.808144,-14.899457],[-40.808299,-14.899247],[-40.808512,-14.898959],[-40.808613,-14.898729],[-40.808595,-14.898312],[-40.808758,-14.897992],[-40.808851,-14.897837],[-40.808862,-14.897819],[-40.808864,-14.897816],[-40.809009,-14.897575],[-40.809158,-14.897228],[-40.809294,-14.896863],[-40.809495,-14.896689],[-40.80941,-14.896423],[-40.809276,-14.895981],[-40.809253,-14.895902],[-40.809152,-14.895611],[-40.809247,-14.895375],[-40.80944,-14.895294],[-40.809464,-14.895284],[-40.809602,-14.895138],[-40.809521,-14.89495],[-40.809501,-14.894904],[-40.80943,-14.89466],[-40.809528,-14.894123],[-40.809824,-14.893857],[-40.809977,-14.893778],[-40.810304,-14.893082],[-40.810479,-14.892619],[-40.810635,-14.892524],[-40.810685,-14.892511],[-40.810919,-14.892451],[-40.811178,-14.892294],[-40.811272,-14.892059],[-40.81136,-14.891778],[-40.811496,-14.891718],[-40.811613,-14.891584],[-40.811594,-14.891178],[-40.811677,-14.89093],[-40.81175,-14.890702],[-40.811943,-14.890526],[-40.812105,-14.890494],[-40.812149,-14.890042],[-40.812469,-14.889571],[-40.812882,-14.888886],[-40.812861,-14.888752],[-40.81284,-14.888617],[-40.813063,-14.888214],[-40.813174,-14.88786],[-40.813539,-14.887445],[-40.810428,-14.884883],[-40.810312,-14.884787],[-40.809595,-14.884208],[-40.809016,-14.883842],[-40.80867,-14.883669],[-40.805637,-14.88217],[-40.803933,-14.881346],[-40.801732,-14.880285],[-40.801125,-14.879974],[-40.80058,-14.879596],[-40.80034,-14.879332],[-40.800068,-14.878946],[-40.799857,-14.878567],[-40.799711,-14.878207],[-40.799595,-14.877689],[-40.799562,-14.877299],[-40.799576,-14.876004],[-40.799751,-14.869254],[-40.79985,-14.865526],[-40.799838,-14.864744],[-40.799804,-14.864525],[-40.799752,-14.864195],[-40.799575,-14.863481],[-40.799383,-14.862798],[-40.799191,-14.86196],[-40.798991,-14.861113],[-40.798719,-14.859927],[-40.798405,-14.859961],[-40.797897,-14.859994],[-40.792639,-14.860732],[-40.792475,-14.860748],[-40.786092,-14.861635],[-40.784477,-14.861855],[-40.77836,-14.86274],[-40.773958,-14.863381],[-40.771721,-14.863687],[-40.770053,-14.8639],[-40.768816,-14.864114],[-40.768376,-14.86419],[-40.767027,-14.864369],[-40.767012,-14.864371],[-40.764941,-14.864637],[-40.764189,-14.864675],[-40.76376,-14.864684],[-40.762617,-14.864677],[-40.759623,-14.864657],[-40.757957,-14.864644],[-40.752784,-14.864592],[-40.75076,-14.864573],[-40.748359,-14.864516],[-40.748363,-14.864525],[-40.748377,-14.864556],[-40.74907,-14.86603],[-40.749064,-14.868317],[-40.747884,-14.869058],[-40.747156,-14.871246],[-40.74789,-14.875247],[-40.747905,-14.875328],[-40.747865,-14.875474],[-40.747176,-14.878011],[-40.747239,-14.878655],[-40.747239,-14.87866],[-40.747242,-14.878655],[-40.747245,-14.878649],[-40.74749,-14.87814],[-40.747584,-14.87801],[-40.747621,-14.877959],[-40.747633,-14.877981],[-40.747811,-14.878318],[-40.748819,-14.88023],[-40.750507,-14.880026],[-40.753729,-14.879769],[-40.754307,-14.880587],[-40.755548,-14.88007],[-40.755653,-14.880026],[-40.755874,-14.880478],[-40.756527,-14.881809],[-40.763293,-14.88974],[-40.763082,-14.889862],[-40.762705,-14.890233]]]},"properties":{"cd_unidade":"2933307017","nome":"Universidade","tipo":"bairro","situacao":"urbano","cd_dist":"293330705","nm_dist":"Vitória da Conquista","cd_mun":"2933307","nm_mun":"Vitória da Conquista","area_km2":27.580069,"area_domiciliada_km2":4.98312,"demografia":{"pop":2289,"homens":1154,"mulheres":1135,"idade":{"0_4":212,"5_9":207,"10_14":167,"15_19":148,"20_24":156,"25_29":160,"30_39":398,"40_49":383,"50_59":223,"60_69":134,"70_mais":101}},"domicilios":{"total":1150,"particulares":1150,"coletivos":0,"ocupados":765,"uso_ocasional":205,"vagos":180,"tipo":{"dppo":765,"casa":698,"casa_vila_condominio":0,"apartamento":67,"comodo_cortico":0,"degradada":0,"improvisado":0},"media_moradores":2.9722,"pct_imputados":0.0249},"saneamento":{"agua":{"rede_geral":658,"poco":68,"outras":3},"agua_canalizada":{"dentro":742,"so_terreno":4,"nao":15},"banheiro":{"exclusivo":382,"comum":4,"so_sanitario":11,"nenhum":0},"esgoto":{"rede_ou_fossa_ligada":299,"fossa_septica":214,"fossa_rudimentar":238,"outros":4,"inexistente":0},"lixo":{"coletado":631,"queimado_enterrado":30,"outros":0}},"alfabetizacao":{"alfabetizados_15_mais":1566,"nao_alfabetizados_15_mais":137},"renda_responsavel":{"responsaveis":765,"moradores":2289,"rendimento_medio":10313.7259},"enderecos_cnefe":{"particulares":1139,"coletivos":0,"agropecuario":34,"ensino":5,"saude":1,"outras_finalidades":106,"em_construcao":291,"religioso":8},"escolas":{"publicas":{"ate_50":0,"51_200":0,"201_500":1,"501_1000":1,"mais_1000":1,"sem_matricula":0,"nao_informado":0},"particulares":{"ate_50":0,"51_200":1,"201_500":0,"501_1000":1,"mais_1000":0,"sem_matricula":0,"nao_informado":0}},"contem_sigilo":["saneamento"]}},{"type":"Feature","_id":"2933307018","geometry":{"type":"Polygon","coordinates":[[[-40.841087,-14.928518],[-40.841474,-14.927671],[-40.841584,-14.927424],[-40.841996,-14.926498],[-40.843301,-14.923643],[-40.843685,-14.922673],[-40.843838,-14.922161],[-40.844102,-14.92105],[-40.844185,-14.920516],[-40.844242,-14.920032],[-40.84428,-14.919707],[-40.84433,-14.919026],[-40.844335,-14.918773],[-40.844331,-14.917114],[-40.844379,-14.915122],[-40.844386,-14.914071],[-40.84439,-14.91342],[-40.844387,-14.912257],[-40.844431,-14.908076],[-40.844437,-14.907869],[-40.844461,-14.907081],[-40.844455,-14.906612],[-40.844453,-14.90649],[-40.844448,-14.906117],[-40.844445,-14.905939],[-40.844441,-14.905577],[-40.844441,-14.905559],[-40.844441,-14.904554],[-40.844449,-14.904302],[-40.844451,-14.904296],[-40.844742,-14.90357],[-40.844726,-14.902417],[-40.84424,-14.902435],[-40.843829,-14.90243],[-40.841353,-14.902402],[-40.840906,-14.902302],[-40.840446,-14.902106],[-40.840296,-14.902182],[-40.839169,-14.902215],[-40.837933,-14.902221],[-40.836474,-14.902221],[-40.835581,-14.901765],[-40.835569,-14.901759],[-40.834436,-14.901255],[-40.833722,-14.900871],[-40.832635,-14.900567],[-40.831837,-14.900539],[-40.831531,-14.900386],[-40.8307,-14.89997],[-40.82866,-14.898881],[-40.828469,-14.898779],[-40.827362,-14.898172],[-40.827091,-14.898023],[-40.827096,-14.89792],[-40.827127,-14.897353],[-40.827171,-14.896823],[-40.827172,-14.896463],[-40.825592,-14.896431],[-40.825066,-14.896374],[-40.824648,-14.896281],[-40.824299,-14.896173],[-40.823892,-14.895967],[-40.82353,-14.895768],[-40.82295,-14.895311],[-40.822655,-14.895068],[-40.821034,-14.893719],[-40.819947,-14.892789],[-40.81948,-14.89239],[-40.818422,-14.891517],[-40.817765,-14.890976],[-40.816848,-14.890212],[-40.816126,-14.88961],[-40.814407,-14.888175],[-40.813592,-14.88749],[-40.813539,-14.887445],[-40.813174,-14.88786],[-40.813063,-14.888214],[-40.81284,-14.888617],[-40.812861,-14.888752],[-40.812882,-14.888886],[-40.812469,-14.889571],[-40.812149,-14.890042],[-40.812105,-14.890494],[-40.811943,-14.890526],[-40.81175,-14.890702],[-40.811677,-14.89093],[-40.811594,-14.891178],[-40.811613,-14.891584],[-40.811496,-14.891718],[-40.81136,-14.891778],[-40.811272,-14.892059],[-40.811178,-14.892294],[-40.810919,-14.892451],[-40.810685,-14.892511],[-40.810635,-14.892524],[-40.810479,-14.892619],[-40.810304,-14.893082],[-40.809977,-14.893778],[-40.809824,-14.893857],[-40.809528,-14.894123],[-40.80943,-14.89466],[-40.809501,-14.894904],[-40.809521,-14.89495],[-40.809602,-14.895138],[-40.809464,-14.895284],[-40.80944,-14.895294],[-40.809247,-14.895375],[-40.809152,-14.895611],[-40.809253,-14.895902],[-40.809276,-14.895981],[-40.80941,-14.896423],[-40.809495,-14.896689],[-40.809294,-14.896863],[-40.809158,-14.897228],[-40.809009,-14.897575],[-40.808864,-14.897816],[-40.808862,-14.897819],[-40.808851,-14.897837],[-40.808758,-14.897992],[-40.808595,-14.898312],[-40.808613,-14.898729],[-40.808512,-14.898959],[-40.808299,-14.899247],[-40.808144,-14.899457],[-40.807965,-14.899826],[-40.807661,-14.900931],[-40.807612,-14.901364],[-40.807081,-14.901992],[-40.806908,-14.902204],[-40.806554,-14.902498],[-40.806419,-14.902958],[-40.806354,-14.903374],[-40.806143,-14.903652],[-40.80609,-14.904088],[-40.805741,-14.904729],[-40.805201,-14.905222],[-40.805105,-14.905286],[-40.804737,-14.905531],[-40.804789,-14.905754],[-40.804805,-14.905819],[-40.804732,-14.906145],[-40.804425,-14.906295],[-40.804265,-14.906373],[-40.803697,-14.906586],[-40.803268,-14.90711],[-40.803189,-14.907613],[-40.80271,-14.908297],[-40.802116,-14.909213],[-40.801988,-14.910379],[-40.802397,-14.911379],[-40.802305,-14.912099],[-40.802208,-14.912399],[-40.802097,-14.912613],[-40.801929,-14.912706],[-40.801809,-14.912758],[-40.801707,-14.912857],[-40.801533,-14.913134],[-40.801449,-14.913337],[-40.801452,-14.913536],[-40.801455,-14.913719],[-40.801372,-14.913968],[-40.801312,-14.91409],[-40.801192,-14.914217],[-40.80115,-14.914322],[-40.801084,-14.91464],[-40.801066,-14.914727],[-40.80106,-14.914849],[-40.800939,-14.914999],[-40.800712,-14.915213],[-40.80067,-14.915388],[-40.800581,-14.915447],[-40.800496,-14.915504],[-40.800477,-14.915584],[-40.800442,-14.915731],[-40.800377,-14.915885],[-40.800311,-14.916064],[-40.800383,-14.916267],[-40.800311,-14.916499],[-40.800281,-14.916603],[-40.800397,-14.916685],[-40.800415,-14.916762],[-40.800406,-14.916837],[-40.800359,-14.916921],[-40.800277,-14.916956],[-40.800263,-14.916962],[-40.800239,-14.917037],[-40.800227,-14.917153],[-40.800221,-14.91728],[-40.800179,-14.917483],[-40.800095,-14.917715],[-40.799945,-14.917946],[-40.799664,-14.918178],[-40.799508,-14.918253],[-40.799262,-14.918259],[-40.799076,-14.918288],[-40.799011,-14.918334],[-40.798981,-14.918421],[-40.798975,-14.918514],[-40.798897,-14.918659],[-40.798723,-14.918884],[-40.798615,-14.919116],[-40.798465,-14.919336],[-40.798345,-14.919475],[-40.798261,-14.919562],[-40.798202,-14.919793],[-40.798112,-14.920071],[-40.797998,-14.920291],[-40.7978,-14.920546],[-40.797566,-14.920726],[-40.797471,-14.920894],[-40.797273,-14.921206],[-40.797045,-14.921438],[-40.796949,-14.921525],[-40.796811,-14.921473],[-40.796751,-14.921484],[-40.796703,-14.921554],[-40.796668,-14.9216],[-40.796596,-14.921739],[-40.796554,-14.921901],[-40.796464,-14.92211],[-40.796212,-14.922422],[-40.796002,-14.922718],[-40.795877,-14.922996],[-40.795745,-14.923302],[-40.795595,-14.923575],[-40.795503,-14.923676],[-40.795385,-14.923806],[-40.795235,-14.92387],[-40.79508,-14.923916],[-40.794942,-14.924061],[-40.794846,-14.924188],[-40.794744,-14.924414],[-40.794714,-14.924553],[-40.794714,-14.924924],[-40.794744,-14.925034],[-40.794786,-14.925196],[-40.79478,-14.92537],[-40.794696,-14.925786],[-40.794624,-14.926012],[-40.794516,-14.926128],[-40.79439,-14.926238],[-40.79433,-14.926342],[-40.794199,-14.92647],[-40.794121,-14.92662],[-40.793953,-14.926829],[-40.793839,-14.927031],[-40.793821,-14.927176],[-40.793845,-14.927303],[-40.793881,-14.927419],[-40.793971,-14.927599],[-40.794127,-14.9279],[-40.794211,-14.928074],[-40.794265,-14.928456],[-40.794307,-14.928624],[-40.794354,-14.928749],[-40.794326,-14.928852],[-40.794235,-14.928971],[-40.794115,-14.929145],[-40.793671,-14.929689],[-40.793366,-14.929996],[-40.793228,-14.93021],[-40.79315,-14.930378],[-40.793174,-14.930644],[-40.793234,-14.930783],[-40.793252,-14.930876],[-40.793252,-14.930957],[-40.793168,-14.931061],[-40.793072,-14.93116],[-40.79303,-14.931281],[-40.793018,-14.931553],[-40.793,-14.931825],[-40.792964,-14.932184],[-40.792952,-14.932341],[-40.792957,-14.932364],[-40.792994,-14.932555],[-40.792976,-14.932758],[-40.792898,-14.933059],[-40.792814,-14.933314],[-40.792737,-14.93351],[-40.792575,-14.933655],[-40.792371,-14.933794],[-40.792047,-14.934003],[-40.7917,-14.934257],[-40.79149,-14.934402],[-40.791256,-14.934547],[-40.791067,-14.934596],[-40.791056,-14.934599],[-40.791057,-14.934601],[-40.791097,-14.934667],[-40.794454,-14.940256],[-40.794798,-14.94083],[-40.79482,-14.942258],[-40.79553,-14.945588],[-40.795618,-14.945595],[-40.79572,-14.945664],[-40.79581,-14.945676],[-40.795869,-14.945748],[-40.795952,-14.945781],[-40.79606,-14.945759],[-40.796137,-14.945725],[-40.796158,-14.945675],[-40.796276,-14.945605],[-40.796373,-14.945535],[-40.79645,-14.945468],[-40.796553,-14.945477],[-40.79662,-14.945453],[-40.79662,-14.945379],[-40.796645,-14.945265],[-40.796697,-14.945201],[-40.796713,-14.945114],[-40.79677,-14.94508],[-40.796842,-14.945097],[-40.796896,-14.945026],[-40.796972,-14.944942],[-40.796999,-14.944899],[-40.797018,-14.944879],[-40.797072,-14.944923],[-40.797152,-14.944925],[-40.797194,-14.944895],[-40.797228,-14.944823],[-40.797263,-14.944771],[-40.797283,-14.944713],[-40.79733,-14.944694],[-40.797363,-14.944737],[-40.797295,-14.944813],[-40.797316,-14.944858],[-40.797378,-14.944845],[-40.797451,-14.944812],[-40.797493,-14.944803],[-40.797524,-14.944856],[-40.797589,-14.9449],[-40.797647,-14.944875],[-40.79768,-14.944821],[-40.797654,-14.944719],[-40.797729,-14.944498],[-40.797801,-14.944439],[-40.797887,-14.944412],[-40.797967,-14.944343],[-40.798032,-14.944349],[-40.798117,-14.944378],[-40.798213,-14.94433],[-40.798264,-14.944341],[-40.798269,-14.944409],[-40.798317,-14.944417],[-40.798386,-14.944377],[-40.798434,-14.94439],[-40.798463,-14.944422],[-40.798519,-14.944411],[-40.798586,-14.944371],[-40.798641,-14.944335],[-40.798678,-14.944398],[-40.798731,-14.944438],[-40.798783,-14.944436],[-40.798825,-14.944385],[-40.798856,-14.944321],[-40.798844,-14.94426],[-40.798812,-14.944234],[-40.798847,-14.944193],[-40.798913,-14.944198],[-40.79892,-14.944243],[-40.798899,-14.944297],[-40.798915,-14.944359],[-40.798966,-14.944291],[-40.799074,-14.944255],[-40.799138,-14.944147],[-40.799275,-14.944156],[-40.799549,-14.944137],[-40.799682,-14.944206],[-40.799758,-14.944258],[-40.799824,-14.944244],[-40.799832,-14.944323],[-40.799914,-14.944331],[-40.800094,-14.94419],[-40.800216,-14.944241],[-40.800321,-14.944256],[-40.800433,-14.94421],[-40.800496,-14.94424],[-40.800553,-14.944245],[-40.800587,-14.944179],[-40.800578,-14.944064],[-40.80059,-14.943974],[-40.800682,-14.943882],[-40.800783,-14.943917],[-40.800958,-14.943903],[-40.801034,-14.943944],[-40.801126,-14.944028],[-40.801204,-14.944122],[-40.801236,-14.944183],[-40.801383,-14.944186],[-40.801493,-14.944153],[-40.801558,-14.944088],[-40.801557,-14.943989],[-40.801578,-14.943958],[-40.801525,-14.9439],[-40.801477,-14.943909],[-40.801462,-14.943811],[-40.80145,-14.943722],[-40.801471,-14.94363],[-40.801468,-14.94355],[-40.801504,-14.943504],[-40.801563,-14.943496],[-40.801596,-14.943507],[-40.801593,-14.943564],[-40.801632,-14.943633],[-40.801673,-14.943625],[-40.801759,-14.943582],[-40.801786,-14.943556],[-40.801792,-14.943493],[-40.801822,-14.943455],[-40.801887,-14.94343],[-40.801908,-14.943381],[-40.801902,-14.943309],[-40.801935,-14.943263],[-40.802048,-14.94326],[-40.802143,-14.943277],[-40.802166,-14.943326],[-40.802157,-14.943381],[-40.802146,-14.943441],[-40.802214,-14.94345],[-40.802279,-14.943404],[-40.802309,-14.943386],[-40.802398,-14.943386],[-40.802458,-14.943381],[-40.802517,-14.943341],[-40.802576,-14.94332],[-40.802677,-14.943343],[-40.802719,-14.943415],[-40.802758,-14.943461],[-40.802832,-14.943461],[-40.80287,-14.943441],[-40.802927,-14.943392],[-40.802969,-14.943335],[-40.803022,-14.943335],[-40.803064,-14.943398],[-40.803162,-14.943493],[-40.803248,-14.943541],[-40.803349,-14.943539],[-40.803447,-14.943496],[-40.803515,-14.94343],[-40.803586,-14.943283],[-40.803655,-14.943183],[-40.803747,-14.943108],[-40.803821,-14.943088],[-40.804026,-14.943091],[-40.804225,-14.943108],[-40.80443,-14.94318],[-40.804558,-14.94326],[-40.804656,-14.943275],[-40.804723,-14.943326],[-40.804832,-14.94333],[-40.804933,-14.943264],[-40.805073,-14.943167],[-40.80517,-14.943121],[-40.805258,-14.943065],[-40.805278,-14.942965],[-40.805378,-14.94292],[-40.805479,-14.942976],[-40.805541,-14.943071],[-40.805757,-14.943061],[-40.805876,-14.943008],[-40.806051,-14.942908],[-40.806205,-14.942819],[-40.80633,-14.942769],[-40.806397,-14.942801],[-40.806429,-14.942864],[-40.806537,-14.942871],[-40.806555,-14.942787],[-40.806677,-14.942777],[-40.806893,-14.942803],[-40.807155,-14.94274],[-40.807168,-14.942742],[-40.807378,-14.942948],[-40.807598,-14.94308],[-40.807771,-14.943097],[-40.807866,-14.943201],[-40.808038,-14.943275],[-40.808311,-14.943207],[-40.80868,-14.943235],[-40.808971,-14.943247],[-40.809137,-14.943333],[-40.809197,-14.943494],[-40.809203,-14.943729],[-40.809262,-14.943959],[-40.809458,-14.944056],[-40.809767,-14.944062],[-40.810011,-14.944016],[-40.810076,-14.944102],[-40.810135,-14.9442],[-40.810106,-14.94428],[-40.809975,-14.944297],[-40.809951,-14.944498],[-40.810064,-14.944567],[-40.810236,-14.94455],[-40.810278,-14.94478],[-40.810664,-14.944912],[-40.81111,-14.944952],[-40.811134,-14.945101],[-40.811365,-14.945222],[-40.811621,-14.945164],[-40.811793,-14.945199],[-40.811977,-14.945153],[-40.81196,-14.945342],[-40.812245,-14.945296],[-40.812352,-14.945359],[-40.812483,-14.945377],[-40.812702,-14.945549],[-40.812904,-14.945618],[-40.812952,-14.945681],[-40.812934,-14.945847],[-40.813184,-14.945939],[-40.813332,-14.945974],[-40.813427,-14.945905],[-40.813635,-14.945824],[-40.813861,-14.945824],[-40.813992,-14.945756],[-40.814075,-14.945583],[-40.814188,-14.9454],[-40.814331,-14.945314],[-40.814497,-14.945348],[-40.814556,-14.945526],[-40.814687,-14.945635],[-40.814824,-14.945664],[-40.814966,-14.945526],[-40.815174,-14.94552],[-40.81537,-14.945652],[-40.815549,-14.945773],[-40.815715,-14.945704],[-40.815994,-14.945767],[-40.816208,-14.945951],[-40.816333,-14.946123],[-40.816505,-14.946169],[-40.816529,-14.946295],[-40.816864,-14.946438],[-40.817084,-14.946535],[-40.817185,-14.946593],[-40.817345,-14.946558],[-40.817571,-14.94665],[-40.817731,-14.946742],[-40.817933,-14.946794],[-40.818224,-14.946771],[-40.818492,-14.94665],[-40.818854,-14.94669],[-40.819027,-14.946673],[-40.819264,-14.94669],[-40.819538,-14.94665],[-40.81974,-14.946754],[-40.820031,-14.946736],[-40.820358,-14.946702],[-40.820572,-14.94661],[-40.820797,-14.946696],[-40.82091,-14.946759],[-40.821135,-14.946707],[-40.821207,-14.946604],[-40.821362,-14.94657],[-40.82151,-14.946604],[-40.821754,-14.946599],[-40.821986,-14.946547],[-40.822128,-14.946593],[-40.822259,-14.946679],[-40.822431,-14.946886],[-40.822717,-14.947201],[-40.822776,-14.947288],[-40.822901,-14.947305],[-40.82321,-14.947465],[-40.823436,-14.947443],[-40.823572,-14.947385],[-40.823679,-14.947316],[-40.823792,-14.947362],[-40.823929,-14.947362],[-40.824,-14.947454],[-40.824125,-14.94746],[-40.824303,-14.947437],[-40.824392,-14.947471],[-40.824565,-14.947511],[-40.824588,-14.947471],[-40.824707,-14.94746],[-40.824749,-14.947569],[-40.824796,-14.947638],[-40.824838,-14.947684],[-40.824832,-14.947764],[-40.824891,-14.947833],[-40.824981,-14.94784],[-40.825034,-14.947844],[-40.825183,-14.947827],[-40.825367,-14.947787],[-40.82548,-14.94785],[-40.825616,-14.947919],[-40.825694,-14.947919],[-40.82586,-14.947862],[-40.826008,-14.94777],[-40.826181,-14.947718],[-40.826329,-14.947724],[-40.826448,-14.947712],[-40.826591,-14.947632],[-40.826626,-14.94754],[-40.826585,-14.947465],[-40.826603,-14.947414],[-40.826834,-14.947339],[-40.827019,-14.947178],[-40.827126,-14.94719],[-40.827215,-14.947196],[-40.82731,-14.947144],[-40.827393,-14.946995],[-40.827518,-14.946903],[-40.827571,-14.946851],[-40.827601,-14.946771],[-40.827672,-14.946708],[-40.827862,-14.94666],[-40.827946,-14.946639],[-40.828231,-14.946558],[-40.82832,-14.946444],[-40.828385,-14.946283],[-40.828385,-14.946168],[-40.828379,-14.94607],[-40.828457,-14.945979],[-40.828581,-14.945979],[-40.828718,-14.946088],[-40.828789,-14.946088],[-40.828872,-14.946047],[-40.829021,-14.945898],[-40.829312,-14.945847],[-40.829663,-14.945915],[-40.829758,-14.945887],[-40.829883,-14.945858],[-40.830114,-14.945892],[-40.830394,-14.945812],[-40.830562,-14.945807],[-40.830572,-14.945806],[-40.830655,-14.945726],[-40.830839,-14.945715],[-40.830928,-14.945686],[-40.830982,-14.945571],[-40.831101,-14.945496],[-40.831315,-14.945422],[-40.831445,-14.945416],[-40.831558,-14.945347],[-40.831832,-14.94529],[-40.832057,-14.945249],[-40.832212,-14.945186],[-40.832515,-14.945307],[-40.832693,-14.945582],[-40.832955,-14.945783],[-40.833216,-14.945956],[-40.833537,-14.946082],[-40.833695,-14.94613],[-40.834205,-14.94417],[-40.834719,-14.942795],[-40.836601,-14.938369],[-40.839092,-14.932937],[-40.840889,-14.928941],[-40.840937,-14.928835],[-40.841087,-14.928518]]]},"properties":{"cd_unidade":"2933307018","nome":"Espírito Santo","tipo":"bairro","situacao":"urbano","cd_dist":"293330705","nm_dist":"Vitória da Conquista","cd_mun":"2933307","nm_mun":"Vitória da Conquista","area_km2":24.839146,"area_domiciliada_km2":9.020941,"demografia":{"pop":20456,"homens":9985,"mulheres":10471,"idade":{"0_4":1583,"5_9":1610,"10_14":1562,"15_19":1705,"20_24":1952,"25_29":1774,"30_39":3467,"40_49":2746,"50_59":2006,"60_69":1226,"70_mais":823}},"domicilios":{"total":7715,"particulares":7710,"coletivos":5,"ocupados":6746,"uso_ocasional":276,"vagos":688,"tipo":{"dppo":6745,"casa":5881,"casa_vila_condominio":381,"apartamento":455,"comodo_cortico":7,"degradada":4,"improvisado":0},"media_moradores":3.0182,"pct_imputados":0.0262},"saneamento":{"agua":{"rede_geral":6600,"poco":56,"outras":10},"agua_canalizada":{"dentro":6609,"so_terreno":60,"nao":61},"banheiro":{"exclusivo":4043,"comum":3,"so_sanitario":3,"nenhum":0},"esgoto":{"rede_ou_fossa_ligada":4289,"fossa_septica":560,"fossa_rudimentar":835,"outros":0,"inexistente":0},"lixo":{"coletado":5414,"queimado_enterrado":161,"outros":103}},"alfabetizacao":{"alfabetizados_15_mais":14465,"nao_alfabetizados_15_mais":1236},"renda_responsavel":{"responsaveis":6745,"moradores":20419,"rendimento_medio":1445.527},"enderecos_cnefe":{"particulares":7694,"coletivos":5,"agropecuario":5,"ensino":15,"saude":5,"outras_finalidades":777,"em_construcao":389,"religioso":61},"escolas":{"publicas":{"ate_50":0,"51_200":1,"201_500":4,"501_1000":2,"mais_1000":1,"sem_matricula":0,"nao_informado":0},"particulares":{"ate_50":0,"51_200":3,"201_500":1,"501_1000":0,"mais_1000":0,"sem_matricula":0,"nao_informado":0}},"contem_sigilo":["demografia","domicilios","saneamento"]}},{"type":"Feature","_id":"2933307019","geometry":{"type":"Polygon","coordinates":[[[-40.844335,-14.918773],[-40.84433,-14.919026],[-40.84428,-14.919707],[-40.844242,-14.920032],[-40.844185,-14.920516],[-40.844102,-14.92105],[-40.843838,-14.922161],[-40.843685,-14.922673],[-40.843301,-14.923643],[-40.841996,-14.926498],[-40.841584,-14.927424],[-40.841474,-14.927671],[-40.841087,-14.928518],[-40.840937,-14.928835],[-40.840889,-14.928941],[-40.839092,-14.932937],[-40.836601,-14.938369],[-40.834719,-14.942795],[-40.834205,-14.94417],[-40.833695,-14.94613],[-40.834094,-14.946037],[-40.834474,-14.945784],[-40.834759,-14.945704],[-40.834925,-14.945761],[-40.835056,-14.94606],[-40.835686,-14.946462],[-40.837148,-14.94637],[-40.838847,-14.94614],[-40.840499,-14.945807],[-40.841925,-14.945543],[-40.843149,-14.944625],[-40.843922,-14.944475],[-40.845609,-14.944567],[-40.846667,-14.944556],[-40.847665,-14.944177],[-40.848651,-14.943097],[-40.849448,-14.941743],[-40.85003,-14.940838],[-40.850738,-14.940262],[-40.850719,-14.94005],[-40.850864,-14.939753],[-40.850853,-14.939606],[-40.850837,-14.939517],[-40.85087,-14.939434],[-40.850873,-14.939287],[-40.850825,-14.939152],[-40.850914,-14.939066],[-40.850926,-14.939003],[-40.850896,-14.938908],[-40.850849,-14.938808],[-40.850813,-14.938713],[-40.850896,-14.938673],[-40.850968,-14.938687],[-40.851042,-14.938713],[-40.851161,-14.938667],[-40.851232,-14.938601],[-40.85125,-14.93853],[-40.851274,-14.93838],[-40.851298,-14.938248],[-40.851271,-14.938197],[-40.851259,-14.938148],[-40.85136,-14.93809],[-40.851396,-14.93805],[-40.851461,-14.937958],[-40.851541,-14.937907],[-40.851586,-14.937921],[-40.851675,-14.937915],[-40.851749,-14.937858],[-40.851823,-14.937835],[-40.851856,-14.937749],[-40.851933,-14.937734],[-40.851984,-14.937769],[-40.852038,-14.937814],[-40.852171,-14.937958],[-40.852276,-14.937936],[-40.852332,-14.937813],[-40.852528,-14.937843],[-40.852701,-14.938008],[-40.853081,-14.937993],[-40.853277,-14.937892],[-40.853678,-14.938011],[-40.854712,-14.937976],[-40.856055,-14.938068],[-40.857208,-14.937575],[-40.857945,-14.937012],[-40.858515,-14.936932],[-40.858848,-14.936679],[-40.859299,-14.936644],[-40.859941,-14.936139],[-40.86031,-14.935898],[-40.860726,-14.935887],[-40.861284,-14.935542],[-40.861688,-14.935542],[-40.862686,-14.934991],[-40.863601,-14.934176],[-40.863863,-14.933854],[-40.864267,-14.933602],[-40.864457,-14.933108],[-40.865004,-14.932729],[-40.865182,-14.932407],[-40.865895,-14.932006],[-40.866442,-14.931558],[-40.867072,-14.931018],[-40.867487,-14.930731],[-40.867868,-14.929985],[-40.868403,-14.929284],[-40.868973,-14.928928],[-40.869864,-14.928308],[-40.870613,-14.927791],[-40.871362,-14.92724],[-40.872384,-14.926746],[-40.873358,-14.926287],[-40.874523,-14.925943],[-40.876496,-14.925334],[-40.87785,-14.924289],[-40.878623,-14.923187],[-40.879383,-14.9229],[-40.879906,-14.922555],[-40.88037,-14.922234],[-40.881595,-14.921633],[-40.880606,-14.920059],[-40.880594,-14.92004],[-40.880245,-14.919478],[-40.87953,-14.918329],[-40.877957,-14.91578],[-40.87697,-14.91418],[-40.874914,-14.910868],[-40.874623,-14.910425],[-40.874505,-14.910212],[-40.873906,-14.90925],[-40.872867,-14.90759],[-40.871487,-14.905373],[-40.869429,-14.902097],[-40.867833,-14.899536],[-40.866599,-14.897601],[-40.866367,-14.897213],[-40.865825,-14.896307],[-40.864957,-14.894939],[-40.86439,-14.894046],[-40.863448,-14.894599],[-40.862949,-14.894894],[-40.86214,-14.89535],[-40.858123,-14.897691],[-40.857778,-14.897899],[-40.855996,-14.898971],[-40.855475,-14.899481],[-40.855181,-14.899659],[-40.855031,-14.89975],[-40.85476,-14.899914],[-40.854023,-14.900122],[-40.853469,-14.900454],[-40.852411,-14.901069],[-40.851582,-14.901547],[-40.850946,-14.901867],[-40.850438,-14.902094],[-40.849782,-14.902283],[-40.849053,-14.902404],[-40.848613,-14.902424],[-40.845091,-14.902422],[-40.844726,-14.902417],[-40.844742,-14.90357],[-40.844451,-14.904296],[-40.844449,-14.904302],[-40.844441,-14.904554],[-40.844441,-14.905559],[-40.844441,-14.905577],[-40.844445,-14.905939],[-40.844448,-14.906117],[-40.844453,-14.90649],[-40.844455,-14.906612],[-40.844461,-14.907081],[-40.844437,-14.907869],[-40.844431,-14.908076],[-40.844387,-14.912257],[-40.84439,-14.91342],[-40.844386,-14.914071],[-40.844379,-14.915122],[-40.844331,-14.917114],[-40.844335,-14.918773]]]},"properties":{"cd_unidade":"2933307019","nome":"Aírton Senna","tipo":"bairro","situacao":"urbano","cd_dist":"293330705","nm_dist":"Vitória da Conquista","cd_mun":"2933307","nm_mun":"Vitória da Conquista","area_km2":14.925036,"area_domiciliada_km2":0.498665,"demografia":{"pop":3492,"homens":1646,"mulheres":1846,"idade":{"0_4":254,"5_9":241,"10_14":283,"15_19":388,"20_24":395,"25_29":286,"30_39":527,"40_49":572,"50_59":306,"60_69":146,"70_mais":94}},"domicilios":{"total":1331,"particulares":1331,"coletivos":0,"ocupados":1149,"uso_ocasional":35,"vagos":147,"tipo":{"dppo":1149,"casa":1149,"casa_vila_condominio":0,"apartamento":0,"comodo_cortico":0,"degradada":0,"improvisado":0},"media_moradores":3.0479,"pct_imputados":0.0496},"saneamento":{"agua":{"rede_geral":1129,"poco":12,"outras":0},"agua_canalizada":{"dentro":1139,"so_terreno":5,"nao":4},"banheiro":{"exclusivo":825,"comum":0,"so_sanitario":5,"nenhum":0},"esgoto":{"rede_ou_fossa_ligada":922,"fossa_septica":37,"fossa_rudimentar":187,"outros":0,"inexistente":0},"lixo":{"coletado":1114,"queimado_enterrado":0,"outros":0}},"alfabetizacao":{"alfabetizados_15_mais":2506,"nao_alfabetizados_15_mais":208},"renda_responsavel":{"responsaveis":1149,"moradores":3492,"rendimento_medio":1344.0991},"enderecos_cnefe":{"particulares":1333,"coletivos":0,"agropecuario":1,"ensino":1,"saude":0,"outras_finalidades":91,"em_construcao":44,"religioso":12},"escolas":{"publicas":{"ate_50":0,"51_200":0,"201_500":0,"501_1000":0,"mais_1000":0,"sem_matricula":0,"nao_informado":0},"particulares":{"ate_50":0,"51_200":0,"201_500":0,"501_1000":0,"mais_1000":0,"sem_matricula":0,"nao_informado":0}},"contem_sigilo":["saneamento"]}},{"type":"Feature","_id":"2933307020","geometry":{"type":"Polygon","coordinates":[[[-40.871487,-14.905373],[-40.872867,-14.90759],[-40.873906,-14.90925],[-40.874505,-14.910212],[-40.874623,-14.910425],[-40.874914,-14.910868],[-40.87697,-14.91418],[-40.877957,-14.91578],[-40.87953,-14.918329],[-40.880245,-14.919478],[-40.882157,-14.918381],[-40.887123,-14.915098],[-40.888806,-14.913331],[-40.890447,-14.912321],[-40.890363,-14.911437],[-40.891542,-14.910722],[-40.893435,-14.908912],[-40.894919,-14.90341],[-40.895076,-14.902916],[-40.895339,-14.902599],[-40.895321,-14.902478],[-40.895246,-14.901701],[-40.895222,-14.901],[-40.895745,-14.900673],[-40.896054,-14.900282],[-40.896268,-14.899823],[-40.896262,-14.89957],[-40.896327,-14.899283],[-40.896397,-14.89904],[-40.896354,-14.898317],[-40.896291,-14.897853],[-40.896174,-14.897395],[-40.895976,-14.896109],[-40.895828,-14.895576],[-40.895737,-14.895276],[-40.895589,-14.894951],[-40.895535,-14.894833],[-40.895326,-14.894491],[-40.894886,-14.893799],[-40.894564,-14.893296],[-40.894333,-14.892918],[-40.893645,-14.891796],[-40.89342,-14.891397],[-40.892932,-14.890514],[-40.892557,-14.889817],[-40.8922,-14.889126],[-40.892106,-14.888885],[-40.891876,-14.888199],[-40.891629,-14.88775],[-40.891567,-14.887523],[-40.891408,-14.886936],[-40.891087,-14.88604],[-40.890703,-14.88555],[-40.890266,-14.885066],[-40.889887,-14.884732],[-40.889585,-14.884652],[-40.889251,-14.884662],[-40.888952,-14.884656],[-40.888524,-14.884396],[-40.888122,-14.884112],[-40.887923,-14.883987],[-40.887353,-14.883629],[-40.887067,-14.883444],[-40.886593,-14.883114],[-40.886299,-14.88286],[-40.886134,-14.882728],[-40.885941,-14.882601],[-40.885899,-14.882573],[-40.885583,-14.88242],[-40.885459,-14.882392],[-40.885222,-14.882338],[-40.884729,-14.882237],[-40.884639,-14.882203],[-40.884431,-14.882123],[-40.884294,-14.882039],[-40.884135,-14.881941],[-40.883945,-14.88173],[-40.883828,-14.881601],[-40.883545,-14.881313],[-40.883301,-14.881228],[-40.882906,-14.881021],[-40.882009,-14.880475],[-40.881984,-14.88046],[-40.881413,-14.880107],[-40.881389,-14.88009],[-40.880367,-14.879399],[-40.879455,-14.878725],[-40.879337,-14.878638],[-40.879316,-14.878623],[-40.879111,-14.87848],[-40.877861,-14.877604],[-40.877302,-14.877213],[-40.877032,-14.876982],[-40.876851,-14.87681],[-40.876724,-14.876702],[-40.875753,-14.87596],[-40.875437,-14.875773],[-40.875424,-14.875766],[-40.875184,-14.875709],[-40.874875,-14.875361],[-40.874155,-14.874858],[-40.873962,-14.874634],[-40.873924,-14.87459],[-40.872969,-14.873911],[-40.87235,-14.873554],[-40.872285,-14.873516],[-40.872119,-14.873421],[-40.872088,-14.873399],[-40.871932,-14.87329],[-40.871825,-14.873216],[-40.871622,-14.873167],[-40.871602,-14.87317],[-40.871429,-14.8732],[-40.871404,-14.87358],[-40.871258,-14.875762],[-40.871239,-14.876355],[-40.871238,-14.876381],[-40.871127,-14.87816],[-40.871066,-14.879232],[-40.871043,-14.879613],[-40.870924,-14.881674],[-40.870907,-14.881873],[-40.870754,-14.883915],[-40.870714,-14.884533],[-40.870558,-14.887006],[-40.870552,-14.887128],[-40.870522,-14.887692],[-40.870431,-14.888461],[-40.870293,-14.889],[-40.870053,-14.88958],[-40.869945,-14.889804],[-40.869709,-14.8902],[-40.86934,-14.890753],[-40.868877,-14.891229],[-40.86845,-14.891603],[-40.868066,-14.891864],[-40.86732,-14.8923],[-40.866727,-14.892653],[-40.865404,-14.893442],[-40.864434,-14.89402],[-40.86439,-14.894046],[-40.864957,-14.894939],[-40.865825,-14.896307],[-40.866367,-14.897213],[-40.866599,-14.897601],[-40.867833,-14.899536],[-40.869429,-14.902097],[-40.871487,-14.905373]]]},"properties":{"cd_unidade":"2933307020","nome":"Jatobá","tipo":"bairro","situacao":"urbano","cd_dist":"293330705","nm_dist":"Vitória da Conquista","cd_mun":"2933307","nm_mun":"Vitória da Conquista","area_km2":9.784419,"area_domiciliada_km2":3.931571,"demografia":{"pop":12257,"homens":5916,"mulheres":6341,"idade":{"0_4":1019,"5_9":1114,"10_14":1110,"15_19":1146,"20_24":1052,"25_29":981,"30_39":2127,"40_49":1645,"50_59":1023,"60_69":630,"70_mais":408}},"domicilios":{"total":4506,"particulares":4504,"coletivos":2,"ocupados":3873,"uso_ocasional":160,"vagos":471,"tipo":{"dppo":3862,"casa":3838,"casa_vila_condominio":4,"apartamento":10,"comodo_cortico":3,"degradada":0,"improvisado":9},"media_moradores":3.1562,"pct_imputados":0.0454},"saneamento":{"agua":{"rede_geral":3705,"poco":67,"outras":8},"agua_canalizada":{"dentro":3777,"so_terreno":42,"nao":32},"banheiro":{"exclusivo":1591,"comum":0,"so_sanitario":0,"nenhum":4},"esgoto":{"rede_ou_fossa_ligada":3091,"fossa_septica":63,"fossa_rudimentar":213,"outros":0,"inexistente":4},"lixo":{"coletado":2357,"queimado_enterrado":16,"outros":13}},"alfabetizacao":{"alfabetizados_15_mais":7951,"nao_alfabetizados_15_mais":1063},"renda_responsavel":{"responsaveis":3862,"moradores":12198,"rendimento_medio":1125.1196},"enderecos_cnefe":{"particulares":4498,"coletivos":2,"agropecuario":13,"ensino":8,"saude":1,"outras_finalidades":528,"em_construcao":369,"religioso":45},"escolas":{"publicas":{"ate_50":0,"51_200":2,"201_500":0,"501_1000":2,"mais_1000":1,"sem_matricula":0,"nao_informado":0},"particulares":{"ate_50":0,"51_200":1,"201_500":0,"501_1000":0,"mais_1000":0,"sem_matricula":0,"nao_informado":0}},"contem_sigilo":["demografia","domicilios","saneamento"]}},{"type":"Feature","_id":"2933307021","geometry":{"type":"Polygon","coordinates":[[[-40.895828,-14.895576],[-40.895976,-14.896109],[-40.896174,-14.897395],[-40.896291,-14.897853],[-40.896354,-14.898317],[-40.896397,-14.89904],[-40.896327,-14.899283],[-40.896262,-14.89957],[-40.896268,-14.899823],[-40.896054,-14.900282],[-40.895745,-14.900673],[-40.895222,-14.901],[-40.895246,-14.901701],[-40.895321,-14.902478],[-40.895339,-14.902599],[-40.895544,-14.902394],[-40.896343,-14.901516],[-40.896905,-14.901064],[-40.897363,-14.900675],[-40.898529,-14.899624],[-40.899034,-14.898888],[-40.899344,-14.898509],[-40.899754,-14.898057],[-40.899906,-14.897937],[-40.90028,-14.897574],[-40.900837,-14.897605],[-40.901331,-14.897527],[-40.901977,-14.897453],[-40.902377,-14.89739],[-40.903123,-14.897117],[-40.903864,-14.896859],[-40.904195,-14.896712],[-40.904889,-14.896097],[-40.905121,-14.895929],[-40.906004,-14.894662],[-40.906419,-14.894121],[-40.906574,-14.893901],[-40.906666,-14.893928],[-40.906855,-14.893986],[-40.906986,-14.894085],[-40.90716,-14.89426],[-40.9073,-14.894401],[-40.90774,-14.894638],[-40.907906,-14.894744],[-40.908025,-14.894799],[-40.908119,-14.894821],[-40.908235,-14.894833],[-40.908329,-14.8948],[-40.908695,-14.895436],[-40.909324,-14.895714],[-40.909431,-14.895762],[-40.910879,-14.896403],[-40.911766,-14.896779],[-40.912153,-14.896862],[-40.912702,-14.896966],[-40.91303,-14.897057],[-40.913421,-14.897223],[-40.91442,-14.897611],[-40.915324,-14.898004],[-40.915452,-14.898053],[-40.915715,-14.898155],[-40.916248,-14.898448],[-40.916823,-14.898719],[-40.917543,-14.898984],[-40.918866,-14.899549],[-40.919889,-14.899951],[-40.919905,-14.899962],[-40.922194,-14.898278],[-40.925403,-14.895918],[-40.925972,-14.891642],[-40.926543,-14.887349],[-40.926143,-14.887335],[-40.924497,-14.887201],[-40.923289,-14.887142],[-40.922118,-14.887047],[-40.919692,-14.886834],[-40.91832,-14.88675],[-40.91692,-14.886647],[-40.91533,-14.88645],[-40.914603,-14.886402],[-40.913999,-14.886182],[-40.913594,-14.885967],[-40.912947,-14.885539],[-40.912674,-14.885394],[-40.912448,-14.885313],[-40.911955,-14.885299],[-40.91147,-14.885383],[-40.910732,-14.88337],[-40.910533,-14.88286],[-40.910034,-14.883049],[-40.909817,-14.882419],[-40.908323,-14.88298],[-40.907996,-14.882474],[-40.907583,-14.881868],[-40.907569,-14.881338],[-40.907499,-14.881102],[-40.907022,-14.880169],[-40.907018,-14.880163],[-40.906953,-14.880177],[-40.906428,-14.880235],[-40.905957,-14.880329],[-40.905788,-14.880374],[-40.905709,-14.880382],[-40.904861,-14.880384],[-40.904707,-14.880392],[-40.904565,-14.880378],[-40.904191,-14.880374],[-40.904004,-14.880353],[-40.903607,-14.880381],[-40.902867,-14.880414],[-40.902103,-14.880463],[-40.901626,-14.880479],[-40.901047,-14.880479],[-40.900821,-14.880492],[-40.900615,-14.880541],[-40.90051,-14.880541],[-40.900356,-14.880518],[-40.900056,-14.880496],[-40.899872,-14.880518],[-40.89965,-14.880518],[-40.899331,-14.880543],[-40.899157,-14.880543],[-40.898982,-14.880566],[-40.898394,-14.880693],[-40.89755,-14.880748],[-40.897396,-14.880711],[-40.897188,-14.880677],[-40.896888,-14.880646],[-40.896673,-14.880574],[-40.896307,-14.880438],[-40.896095,-14.88035],[-40.89575,-14.880233],[-40.895615,-14.880167],[-40.894984,-14.879403],[-40.894655,-14.879257],[-40.894292,-14.879012],[-40.894101,-14.878955],[-40.893735,-14.878801],[-40.893499,-14.878678],[-40.893342,-14.878534],[-40.893153,-14.878398],[-40.893114,-14.878139],[-40.893067,-14.878006],[-40.892983,-14.877882],[-40.892712,-14.877663],[-40.892436,-14.877083],[-40.891984,-14.876457],[-40.891452,-14.876085],[-40.890949,-14.875606],[-40.890799,-14.875436],[-40.890723,-14.875308],[-40.890631,-14.875004],[-40.890462,-14.874528],[-40.890193,-14.874232],[-40.889343,-14.873655],[-40.888259,-14.874493],[-40.887986,-14.874511],[-40.887917,-14.874547],[-40.887834,-14.874591],[-40.887781,-14.874619],[-40.887442,-14.874706],[-40.887107,-14.874812],[-40.886977,-14.874897],[-40.886964,-14.874906],[-40.886521,-14.875172],[-40.886198,-14.875387],[-40.886196,-14.875375],[-40.886239,-14.875228],[-40.886399,-14.874907],[-40.886551,-14.874436],[-40.886685,-14.873942],[-40.886601,-14.873646],[-40.886349,-14.872969],[-40.885555,-14.871901],[-40.885392,-14.871682],[-40.88524,-14.871612],[-40.884688,-14.871355],[-40.884598,-14.87131],[-40.884165,-14.871094],[-40.883977,-14.871073],[-40.882176,-14.872977],[-40.882172,-14.872982],[-40.881694,-14.873482],[-40.88131,-14.874811],[-40.881273,-14.874792],[-40.880685,-14.874582],[-40.879378,-14.874091],[-40.878976,-14.873911],[-40.877121,-14.874117],[-40.876428,-14.874032],[-40.875871,-14.874007],[-40.875595,-14.874023],[-40.875302,-14.874023],[-40.875074,-14.874005],[-40.874843,-14.873976],[-40.873347,-14.873691],[-40.872285,-14.873516],[-40.87235,-14.873554],[-40.872969,-14.873911],[-40.873924,-14.87459],[-40.873962,-14.874634],[-40.874155,-14.874858],[-40.874875,-14.875361],[-40.875184,-14.875709],[-40.875424,-14.875766],[-40.875437,-14.875773],[-40.875753,-14.87596],[-40.876724,-14.876702],[-40.876851,-14.87681],[-40.877032,-14.876982],[-40.877302,-14.877213],[-40.877861,-14.877604],[-40.879111,-14.87848],[-40.879316,-14.878623],[-40.879337,-14.878638],[-40.879455,-14.878725],[-40.880367,-14.879399],[-40.881389,-14.88009],[-40.881413,-14.880107],[-40.881984,-14.88046],[-40.882009,-14.880475],[-40.882906,-14.881021],[-40.883301,-14.881228],[-40.883545,-14.881313],[-40.883828,-14.881601],[-40.883945,-14.88173],[-40.884135,-14.881941],[-40.884294,-14.882039],[-40.884431,-14.882123],[-40.884639,-14.882203],[-40.884729,-14.882237],[-40.885222,-14.882338],[-40.885459,-14.882392],[-40.885583,-14.88242],[-40.885899,-14.882573],[-40.885941,-14.882601],[-40.886134,-14.882728],[-40.886299,-14.88286],[-40.886593,-14.883114],[-40.887067,-14.883444],[-40.887353,-14.883629],[-40.887923,-14.883987],[-40.888122,-14.884112],[-40.888524,-14.884396],[-40.888952,-14.884656],[-40.889251,-14.884662],[-40.889585,-14.884652],[-40.889887,-14.884732],[-40.890266,-14.885066],[-40.890703,-14.88555],[-40.891087,-14.88604],[-40.891408,-14.886936],[-40.891567,-14.887523],[-40.891629,-14.88775],[-40.891876,-14.888199],[-40.892106,-14.888885],[-40.8922,-14.889126],[-40.892557,-14.889817],[-40.892932,-14.890514],[-40.89342,-14.891397],[-40.893645,-14.891796],[-40.894333,-14.892918],[-40.894564,-14.893296],[-40.894886,-14.893799],[-40.895326,-14.894491],[-40.895535,-14.894833],[-40.895589,-14.894951],[-40.895737,-14.895276],[-40.895828,-14.895576]]]},"properties":{"cd_unidade":"2933307021","nome":"Campinhos","tipo":"bairro","situacao":"urbano","cd_dist":"293330705","nm_dist":"Vitória da Conquista","cd_mun":"2933307","nm_mun":"Vitória da Conquista","area_km2":7.100059,"area_domiciliada_km2":3.812641,"demografia":{"pop":9516,"homens":4461,"mulheres":5055,"idade":{"0_4":832,"5_9":861,"10_14":891,"15_19":871,"20_24":881,"25_29":754,"30_39":1621,"40_49":1337,"50_59":731,"60_69":420,"70_mais":317}},"domicilios":{"total":3486,"particulares":3486,"coletivos":0,"ocupados":3050,"uso_ocasional":81,"vagos":355,"tipo":{"dppo":3047,"casa":1807,"casa_vila_condominio":0,"apartamento":1231,"comodo_cortico":0,"degradada":0,"improvisado":0},"media_moradores":3.1196,"pct_imputados":0.0446},"saneamento":{"agua":{"rede_geral":2985,"poco":34,"outras":6},"agua_canalizada":{"dentro":2999,"so_terreno":37,"nao":3},"banheiro":{"exclusivo":1758,"comum":9,"so_sanitario":0,"nenhum":0},"esgoto":{"rede_ou_fossa_ligada":1599,"fossa_septica":455,"fossa_rudimentar":537,"outros":80,"inexistente":0},"lixo":{"coletado":2862,"queimado_enterrado":6,"outros":0}},"alfabetizacao":{"alfabetizados_15_mais":6082,"nao_alfabetizados_15_mais":850},"renda_responsavel":{"responsaveis":3047,"moradores":9508,"rendimento_medio":1134.6409},"enderecos_cnefe":{"particulares":3491,"coletivos":0,"agropecuario":8,"ensino":4,"saude":4,"outras_finalidades":358,"em_construcao":180,"religioso":28},"escolas":{"publicas":{"ate_50":0,"51_200":1,"201_500":3,"501_1000":0,"mais_1000":0,"sem_matricula":0,"nao_informado":0},"particulares":{"ate_50":0,"51_200":0,"201_500":0,"501_1000":0,"mais_1000":0,"sem_matricula":0,"nao_informado":0}},"contem_sigilo":["domicilios","saneamento"]}},{"type":"Feature","_id":"2933307022","geometry":{"type":"Polygon","coordinates":[[[-40.875595,-14.874023],[-40.875871,-14.874007],[-40.876428,-14.874032],[-40.877121,-14.874117],[-40.878976,-14.873911],[-40.879378,-14.874091],[-40.880685,-14.874582],[-40.881273,-14.874792],[-40.88131,-14.874811],[-40.881694,-14.873482],[-40.882172,-14.872982],[-40.882176,-14.872977],[-40.883977,-14.871073],[-40.884165,-14.871094],[-40.884598,-14.87131],[-40.884688,-14.871355],[-40.88524,-14.871612],[-40.885392,-14.871682],[-40.885555,-14.871901],[-40.886349,-14.872969],[-40.886601,-14.873646],[-40.886685,-14.873942],[-40.886551,-14.874436],[-40.886399,-14.874907],[-40.886239,-14.875228],[-40.886196,-14.875375],[-40.886198,-14.875387],[-40.886521,-14.875172],[-40.886964,-14.874906],[-40.886977,-14.874897],[-40.887107,-14.874812],[-40.887442,-14.874706],[-40.887781,-14.874619],[-40.887834,-14.874591],[-40.887917,-14.874547],[-40.887986,-14.874511],[-40.888259,-14.874493],[-40.889343,-14.873655],[-40.893699,-14.870285],[-40.894995,-14.869338],[-40.907471,-14.860227],[-40.932368,-14.842046],[-40.929236,-14.8425],[-40.928361,-14.842582],[-40.926842,-14.842671],[-40.92438,-14.842779],[-40.924205,-14.842788],[-40.923042,-14.842845],[-40.918545,-14.843057],[-40.915548,-14.84319],[-40.912876,-14.843308],[-40.909131,-14.843481],[-40.905071,-14.843668],[-40.902448,-14.843788],[-40.900972,-14.843861],[-40.900597,-14.84388],[-40.899355,-14.843941],[-40.899008,-14.843958],[-40.896999,-14.844057],[-40.896956,-14.844059],[-40.895673,-14.844193],[-40.894539,-14.844358],[-40.89454,-14.844362],[-40.890459,-14.844964],[-40.89039,-14.844973],[-40.889583,-14.845079],[-40.889357,-14.845095],[-40.889206,-14.845045],[-40.889064,-14.844927],[-40.888969,-14.844754],[-40.888817,-14.84459],[-40.888612,-14.844575],[-40.88837,-14.844654],[-40.88822,-14.844772],[-40.888218,-14.844773],[-40.888217,-14.844774],[-40.886655,-14.846063],[-40.885813,-14.846753],[-40.885455,-14.847118],[-40.885161,-14.847466],[-40.885053,-14.847629],[-40.884927,-14.847846],[-40.884572,-14.848714],[-40.884074,-14.849449],[-40.883002,-14.850881],[-40.882326,-14.851793],[-40.880366,-14.854378],[-40.879713,-14.855239],[-40.87906,-14.8561],[-40.877556,-14.858068],[-40.875481,-14.860785],[-40.874696,-14.861816],[-40.87356,-14.863292],[-40.873231,-14.863728],[-40.873209,-14.863759],[-40.87284,-14.864283],[-40.872681,-14.864533],[-40.872395,-14.865057],[-40.872188,-14.865596],[-40.87198,-14.866308],[-40.871912,-14.866623],[-40.87183,-14.867018],[-40.871806,-14.867133],[-40.871776,-14.867599],[-40.871773,-14.86765],[-40.871743,-14.86839],[-40.871596,-14.870699],[-40.871534,-14.87157],[-40.871454,-14.872711],[-40.871436,-14.873073],[-40.871431,-14.873178],[-40.871429,-14.8732],[-40.871602,-14.87317],[-40.871622,-14.873167],[-40.871825,-14.873216],[-40.871932,-14.87329],[-40.872088,-14.873399],[-40.872119,-14.873421],[-40.872285,-14.873516],[-40.873347,-14.873691],[-40.874843,-14.873976],[-40.875074,-14.874005],[-40.875302,-14.874023],[-40.875595,-14.874023]]]},"properties":{"cd_unidade":"2933307022","nome":"São Pedro","tipo":"bairro","situacao":"urbano","cd_dist":"293330705","nm_dist":"Vitória da Conquista","cd_mun":"2933307","nm_mun":"Vitória da Conquista","area_km2":11.388775,"area_domiciliada_km2":3.847704,"demografia":{"pop":6481,"homens":3181,"mulheres":3300,"idade":{"0_4":572,"5_9":529,"10_14":491,"15_19":484,"20_24":545,"25_29":728,"30_39":1375,"40_49":828,"50_59":476,"60_69":290,"70_mais":159}},"domicilios":{"total":2661,"particulares":2661,"coletivos":0,"ocupados":2226,"uso_ocasional":55,"vagos":380,"tipo":{"dppo":2225,"casa":1448,"casa_vila_condominio":768,"apartamento":6,"comodo_cortico":0,"degradada":0,"improvisado":0},"media_moradores":2.9215,"pct_imputados":0.0472},"saneamento":{"agua":{"rede_geral":2162,"poco":4,"outras":17},"agua_canalizada":{"dentro":2181,"so_terreno":27,"nao":14},"banheiro":{"exclusivo":1610,"comum":11,"so_sanitario":6,"nenhum":0},"esgoto":{"rede_ou_fossa_ligada":1236,"fossa_septica":72,"fossa_rudimentar":48,"outros":0,"inexistente":0},"lixo":{"coletado":1343,"queimado_enterrado":7,"outros":4}},"alfabetizacao":{"alfabetizados_15_mais":4456,"nao_alfabetizados_15_mais":432},"renda_responsavel":{"responsaveis":2225,"moradores":6474,"rendimento_medio":1879.2827},"enderecos_cnefe":{"particulares":2665,"coletivos":0,"agropecuario":1,"ensino":2,"saude":1,"outras_finalidades":167,"em_construcao":255,"religioso":17},"escolas":{"publicas":{"ate_50":0,"51_200":1,"201_500":0,"501_1000":1,"mais_1000":0,"sem_matricula":0,"nao_informado":0},"particulares":{"ate_50":0,"51_200":0,"201_500":0,"501_1000":0,"mais_1000":0,"sem_matricula":0,"nao_informado":0}},"contem_sigilo":["alfabetizacao","demografia","domicilios","renda_responsavel","saneamento"]}},{"type":"Feature","_id":"2933307023","geometry":{"type":"Polygon","coordinates":[[[-40.825955,-14.827399],[-40.82744,-14.828177],[-40.828792,-14.828886],[-40.829454,-14.829219],[-40.83002,-14.829441],[-40.83055,-14.82956],[-40.83085,-14.829594],[-40.831124,-14.829603],[-40.832167,-14.829577],[-40.833042,-14.829535],[-40.833863,-14.829492],[-40.834314,-14.829501],[-40.834862,-14.829569],[-40.835339,-14.829697],[-40.835712,-14.829855],[-40.836074,-14.830045],[-40.836493,-14.830328],[-40.836784,-14.830577],[-40.837043,-14.830846],[-40.837661,-14.831599],[-40.837812,-14.831442],[-40.837923,-14.831282],[-40.838108,-14.831062],[-40.838269,-14.830907],[-40.838262,-14.828831],[-40.83826,-14.828458],[-40.838251,-14.825637],[-40.837705,-14.823781],[-40.835543,-14.818029],[-40.83295,-14.810826],[-40.832223,-14.808925],[-40.830228,-14.809616],[-40.827399,-14.809315],[-40.827231,-14.808178],[-40.826303,-14.805885],[-40.827567,-14.805314],[-40.828423,-14.804916],[-40.829555,-14.804631],[-40.830055,-14.804417],[-40.830085,-14.804182],[-40.831657,-14.803662],[-40.831352,-14.802893],[-40.832003,-14.802741],[-40.832638,-14.802563],[-40.8331,-14.802517],[-40.833205,-14.802512],[-40.833388,-14.802504],[-40.834982,-14.802606],[-40.836721,-14.802724],[-40.837039,-14.802717],[-40.839177,-14.802216],[-40.839338,-14.802193],[-40.840069,-14.802005],[-40.841181,-14.801619],[-40.840447,-14.799905],[-40.840188,-14.7993],[-40.820356,-14.798451],[-40.818984,-14.79882],[-40.818621,-14.799037],[-40.817653,-14.799624],[-40.817334,-14.79981],[-40.816826,-14.800127],[-40.816138,-14.800533],[-40.815394,-14.800996],[-40.814354,-14.801624],[-40.813861,-14.801931],[-40.813113,-14.802349],[-40.812631,-14.802585],[-40.812273,-14.802781],[-40.811968,-14.802948],[-40.811681,-14.803097],[-40.811341,-14.803268],[-40.810842,-14.803499],[-40.810418,-14.8037],[-40.810356,-14.803712],[-40.810219,-14.803674],[-40.809662,-14.803486],[-40.808933,-14.80323],[-40.80873,-14.803136],[-40.808403,-14.802999],[-40.808107,-14.802875],[-40.807846,-14.802786],[-40.807603,-14.802734],[-40.807184,-14.80267],[-40.807087,-14.802679],[-40.807003,-14.802739],[-40.806895,-14.802907],[-40.806782,-14.803085],[-40.80664,-14.803337],[-40.806565,-14.803383],[-40.806335,-14.803413],[-40.805757,-14.803469],[-40.805337,-14.803516],[-40.804758,-14.803597],[-40.804162,-14.8037],[-40.803831,-14.803751],[-40.803464,-14.803815],[-40.803269,-14.803836],[-40.802912,-14.803836],[-40.802589,-14.803836],[-40.801838,-14.803862],[-40.801379,-14.803858],[-40.80088,-14.803799],[-40.800605,-14.803777],[-40.800569,-14.803557],[-40.80037,-14.803154],[-40.800254,-14.803146],[-40.800141,-14.803216],[-40.799951,-14.803255],[-40.799634,-14.803293],[-40.799305,-14.803456],[-40.799107,-14.803457],[-40.79866,-14.803541],[-40.798075,-14.803516],[-40.797893,-14.803489],[-40.797701,-14.803495],[-40.797453,-14.803535],[-40.797156,-14.803555],[-40.796946,-14.803596],[-40.796832,-14.803598],[-40.796762,-14.803548],[-40.796573,-14.803336],[-40.796396,-14.803098],[-40.79633,-14.802851],[-40.796288,-14.802756],[-40.795333,-14.802307],[-40.795207,-14.80222],[-40.795089,-14.80217],[-40.794958,-14.802135],[-40.794685,-14.802016],[-40.793825,-14.801547],[-40.793638,-14.801432],[-40.793528,-14.801343],[-40.79339,-14.801256],[-40.793269,-14.801191],[-40.793121,-14.801134],[-40.792974,-14.80103],[-40.792474,-14.800628],[-40.792329,-14.800486],[-40.792205,-14.800287],[-40.79211,-14.8002],[-40.791503,-14.799819],[-40.791337,-14.799745],[-40.79105,-14.799518],[-40.790336,-14.798983],[-40.789789,-14.798541],[-40.789285,-14.798159],[-40.789049,-14.797965],[-40.789045,-14.797863],[-40.789299,-14.797512],[-40.789319,-14.79745],[-40.788958,-14.797137],[-40.788632,-14.796718],[-40.788413,-14.7968],[-40.788207,-14.796676],[-40.788066,-14.796684],[-40.787918,-14.796758],[-40.787729,-14.796914],[-40.787597,-14.797008],[-40.787191,-14.797711],[-40.786987,-14.798047],[-40.786961,-14.798127],[-40.786944,-14.798127],[-40.7869,-14.798125],[-40.776111,-14.797717],[-40.77081,-14.797552],[-40.770471,-14.797759],[-40.770123,-14.798316],[-40.773741,-14.800211],[-40.775822,-14.801283],[-40.778193,-14.80254],[-40.779095,-14.803002],[-40.781462,-14.804239],[-40.784547,-14.805822],[-40.786559,-14.806903],[-40.79032,-14.808858],[-40.791656,-14.809549],[-40.792939,-14.810213],[-40.793634,-14.810577],[-40.797772,-14.812736],[-40.800195,-14.813981],[-40.801189,-14.814518],[-40.802944,-14.815427],[-40.803548,-14.81574],[-40.804758,-14.816363],[-40.80543,-14.816722],[-40.80649,-14.817277],[-40.807215,-14.817662],[-40.808089,-14.818089],[-40.809167,-14.818678],[-40.811014,-14.819643],[-40.811774,-14.820002],[-40.812348,-14.820267],[-40.813727,-14.820985],[-40.814619,-14.821446],[-40.815715,-14.822044],[-40.817667,-14.823103],[-40.81814,-14.823359],[-40.818613,-14.823615],[-40.819753,-14.824188],[-40.822377,-14.825554],[-40.823852,-14.82634],[-40.824842,-14.82681],[-40.825955,-14.827399]]]},"properties":{"cd_unidade":"2933307023","nome":"Distrito Industrial","tipo":"bairro","situacao":"urbano","cd_dist":"293330705","nm_dist":"Vitória da Conquista","cd_mun":"2933307","nm_mun":"Vitória da Conquista","area_km2":11.601386,"area_domiciliada_km2":7.71238,"demografia":{"pop":4685,"homens":2351,"mulheres":2334,"idade":{"0_4":380,"5_9":365,"10_14":358,"15_19":360,"20_24":390,"25_29":349,"30_39":776,"40_49":666,"50_59":491,"60_69":292,"70_mais":258}},"domicilios":{"total":1930,"particulares":1928,"coletivos":2,"ocupados":1532,"uso_ocasional":164,"vagos":232,"tipo":{"dppo":1532,"casa":1518,"casa_vila_condominio":7,"apartamento":0,"comodo_cortico":0,"degradada":4,"improvisado":0},"media_moradores":3.0514,"pct_imputados":0.0248},"saneamento":{"agua":{"rede_geral":1222,"poco":291,"outras":13},"agua_canalizada":{"dentro":1460,"so_terreno":36,"nao":31},"banheiro":{"exclusivo":1320,"comum":5,"so_sanitario":7,"nenhum":0},"esgoto":{"rede_ou_fossa_ligada":29,"fossa_septica":36,"fossa_rudimentar":1402,"outros":51,"inexistente":0},"lixo":{"coletado":1391,"queimado_enterrado":7,"outros":9}},"alfabetizacao":{"alfabetizados_15_mais":3120,"nao_alfabetizados_15_mais":462},"renda_responsavel":{"responsaveis":1532,"moradores":4685,"rendimento_medio":1351.3111},"enderecos_cnefe":{"particulares":1933,"coletivos":2,"agropecuario":84,"ensino":3,"saude":2,"outras_finalidades":259,"em_construcao":265,"religioso":29},"escolas":{"publicas":{"ate_50":0,"51_200":2,"201_500":1,"501_1000":0,"mais_1000":0,"sem_matricula":0,"nao_informado":0},"particulares":{"ate_50":0,"51_200":0,"201_500":0,"501_1000":0,"mais_1000":0,"sem_matricula":0,"nao_informado":0}},"contem_sigilo":["domicilios","saneamento"]}},{"type":"Feature","_id":"2933307024","geometry":{"type":"Polygon","coordinates":[[[-40.759663,-14.818227],[-40.758973,-14.820411],[-40.758838,-14.820817],[-40.760258,-14.822442],[-40.761374,-14.823726],[-40.761411,-14.823769],[-40.762478,-14.82501],[-40.764952,-14.827743],[-40.765317,-14.828181],[-40.765749,-14.82868],[-40.766288,-14.829412],[-40.766701,-14.82984],[-40.767981,-14.830823],[-40.770292,-14.832694],[-40.771379,-14.833549],[-40.772837,-14.834795],[-40.773986,-14.835728],[-40.774907,-14.836274],[-40.775822,-14.836704],[-40.777367,-14.837479],[-40.777721,-14.837654],[-40.778031,-14.8379],[-40.778279,-14.838274],[-40.779835,-14.840814],[-40.781293,-14.843236],[-40.782071,-14.844558],[-40.782292,-14.844946],[-40.782513,-14.845332],[-40.782752,-14.84575],[-40.783124,-14.846193],[-40.783555,-14.846512],[-40.783883,-14.846755],[-40.784616,-14.847277],[-40.785304,-14.847682],[-40.785552,-14.847814],[-40.787443,-14.848826],[-40.788148,-14.849203],[-40.788741,-14.849517],[-40.78955,-14.849946],[-40.789672,-14.85001],[-40.790352,-14.85034],[-40.791318,-14.850876],[-40.791755,-14.851118],[-40.792133,-14.85127],[-40.792757,-14.851421],[-40.793057,-14.851483],[-40.793382,-14.851543],[-40.794004,-14.851694],[-40.794202,-14.851727],[-40.795155,-14.851882],[-40.795488,-14.851966],[-40.79614,-14.852162],[-40.796401,-14.852215],[-40.797174,-14.852374],[-40.797298,-14.8524],[-40.797647,-14.85247],[-40.797921,-14.852525],[-40.798142,-14.852525],[-40.798487,-14.852532],[-40.799151,-14.852539],[-40.799745,-14.852637],[-40.800081,-14.852708],[-40.800578,-14.852812],[-40.800809,-14.852634],[-40.801127,-14.852403],[-40.801745,-14.851942],[-40.802377,-14.851476],[-40.802806,-14.851178],[-40.803181,-14.850938],[-40.803418,-14.85081],[-40.803592,-14.850716],[-40.803817,-14.850614],[-40.804078,-14.850499],[-40.804493,-14.850336],[-40.804937,-14.850202],[-40.805028,-14.850174],[-40.805522,-14.850045],[-40.80553,-14.850043],[-40.806093,-14.849896],[-40.806746,-14.849713],[-40.807219,-14.849589],[-40.807944,-14.849393],[-40.808796,-14.849166],[-40.809481,-14.848978],[-40.809839,-14.848855],[-40.810157,-14.848726],[-40.810245,-14.848687],[-40.810603,-14.84853],[-40.811048,-14.848319],[-40.811385,-14.848073],[-40.811778,-14.8478],[-40.81222,-14.847437],[-40.812481,-14.847198],[-40.812715,-14.846963],[-40.812936,-14.846711],[-40.813263,-14.846318],[-40.813659,-14.845842],[-40.813827,-14.845631],[-40.814155,-14.845223],[-40.815695,-14.843307],[-40.81684,-14.841889],[-40.817974,-14.840466],[-40.81899,-14.840745],[-40.820904,-14.841183],[-40.820907,-14.841184],[-40.821318,-14.841289],[-40.821704,-14.841388],[-40.822163,-14.841506],[-40.822957,-14.84171],[-40.822991,-14.841718],[-40.823536,-14.841851],[-40.823743,-14.841786],[-40.824592,-14.84141],[-40.825017,-14.841261],[-40.82552,-14.840945],[-40.826183,-14.840421],[-40.826329,-14.840455],[-40.826339,-14.840342],[-40.826988,-14.839734],[-40.826965,-14.839656],[-40.826746,-14.839058],[-40.826547,-14.838539],[-40.826451,-14.838195],[-40.82644,-14.838093],[-40.826462,-14.837992],[-40.826512,-14.837764],[-40.826577,-14.837568],[-40.82672,-14.83748],[-40.826829,-14.837257],[-40.826916,-14.837195],[-40.827078,-14.837111],[-40.827272,-14.83692],[-40.827285,-14.836842],[-40.827294,-14.836731],[-40.827371,-14.836539],[-40.827479,-14.836338],[-40.827479,-14.836218],[-40.827437,-14.836046],[-40.827535,-14.835802],[-40.827769,-14.835662],[-40.828472,-14.835279],[-40.82847,-14.834994],[-40.82857,-14.834762],[-40.828915,-14.834624],[-40.829935,-14.834302],[-40.831229,-14.833914],[-40.831699,-14.8337],[-40.831994,-14.833483],[-40.832252,-14.833287],[-40.832127,-14.832943],[-40.832324,-14.832816],[-40.83267,-14.832619],[-40.834153,-14.831887],[-40.834468,-14.831726],[-40.834707,-14.831614],[-40.834822,-14.83158],[-40.835016,-14.831649],[-40.835349,-14.831861],[-40.835529,-14.831965],[-40.835661,-14.832024],[-40.835856,-14.832059],[-40.836068,-14.832042],[-40.836487,-14.831835],[-40.836771,-14.831683],[-40.837027,-14.831618],[-40.837323,-14.831646],[-40.837661,-14.831599],[-40.837043,-14.830846],[-40.836784,-14.830577],[-40.836493,-14.830328],[-40.836074,-14.830045],[-40.835712,-14.829855],[-40.835339,-14.829697],[-40.834862,-14.829569],[-40.834314,-14.829501],[-40.833863,-14.829492],[-40.833042,-14.829535],[-40.832167,-14.829577],[-40.831124,-14.829603],[-40.83085,-14.829594],[-40.83055,-14.82956],[-40.83002,-14.829441],[-40.829454,-14.829219],[-40.828792,-14.828886],[-40.82744,-14.828177],[-40.825955,-14.827399],[-40.824842,-14.82681],[-40.823852,-14.82634],[-40.822377,-14.825554],[-40.819753,-14.824188],[-40.818613,-14.823615],[-40.81814,-14.823359],[-40.817667,-14.823103],[-40.815715,-14.822044],[-40.814619,-14.821446],[-40.813727,-14.820985],[-40.812348,-14.820267],[-40.811774,-14.820002],[-40.811014,-14.819643],[-40.809167,-14.818678],[-40.808089,-14.818089],[-40.807215,-14.817662],[-40.80649,-14.817277],[-40.80543,-14.816722],[-40.804758,-14.816363],[-40.803548,-14.81574],[-40.802944,-14.815427],[-40.801189,-14.814518],[-40.800195,-14.813981],[-40.797772,-14.812736],[-40.793634,-14.810577],[-40.792939,-14.810213],[-40.791656,-14.809549],[-40.79032,-14.808858],[-40.786559,-14.806903],[-40.784547,-14.805822],[-40.781462,-14.804239],[-40.779095,-14.803002],[-40.778193,-14.80254],[-40.775822,-14.801283],[-40.773741,-14.800211],[-40.770123,-14.798316],[-40.770086,-14.798375],[-40.767732,-14.802156],[-40.767405,-14.802814],[-40.766841,-14.8039],[-40.766766,-14.804042],[-40.76642,-14.804654],[-40.765861,-14.805655],[-40.765823,-14.80573],[-40.76486,-14.807479],[-40.764047,-14.808947],[-40.763906,-14.809232],[-40.762292,-14.812612],[-40.762065,-14.813122],[-40.760473,-14.816497],[-40.759663,-14.818227]]]},"properties":{"cd_unidade":"2933307024","nome":"Lagoa das Flores","tipo":"bairro","situacao":"urbano","cd_dist":"293330705","nm_dist":"Vitória da Conquista","cd_mun":"2933307","nm_mun":"Vitória da Conquista","area_km2":24.800473,"area_domiciliada_km2":12.01678,"demografia":{"pop":5383,"homens":2660,"mulheres":2723,"idade":{"0_4":419,"5_9":418,"10_14":403,"15_19":440,"20_24":453,"25_29":417,"30_39":858,"40_49":784,"50_59":515,"60_69":368,"70_mais":308}},"domicilios":{"total":2507,"particulares":2500,"coletivos":7,"ocupados":1805,"uso_ocasional":323,"vagos":372,"tipo":{"dppo":1802,"casa":1779,"casa_vila_condominio":11,"apartamento":3,"comodo_cortico":6,"degradada":0,"improvisado":0},"media_moradores":2.9503,"pct_imputados":0.031},"saneamento":{"agua":{"rede_geral":1334,"poco":437,"outras":23},"agua_canalizada":{"dentro":1730,"so_terreno":42,"nao":28},"banheiro":{"exclusivo":141,"comum":3,"so_sanitario":0,"nenhum":0},"esgoto":{"rede_ou_fossa_ligada":56,"fossa_septica":309,"fossa_rudimentar":1413,"outros":0,"inexistente":0},"lixo":{"coletado":1664,"queimado_enterrado":91,"outros":0}},"alfabetizacao":{"alfabetizados_15_mais":3580,"nao_alfabetizados_15_mais":563},"renda_responsavel":{"responsaveis":1802,"moradores":5337,"rendimento_medio":1415.997},"enderecos_cnefe":{"particulares":2505,"coletivos":7,"agropecuario":89,"ensino":7,"saude":3,"outras_finalidades":424,"em_construcao":319,"religioso":33},"escolas":{"publicas":{"ate_50":0,"51_200":1,"201_500":1,"501_1000":1,"mais_1000":0,"sem_matricula":0,"nao_informado":0},"particulares":{"ate_50":0,"51_200":0,"201_500":0,"501_1000":0,"mais_1000":0,"sem_matricula":0,"nao_informado":0}},"contem_sigilo":["domicilios","saneamento"]}},{"type":"Feature","_id":"293330705-rural","geometry":{"type":"MultiPolygon","coordinates":[[[[-40.831832,-15.016621],[-40.835629,-15.01476],[-40.869424,-14.998194],[-40.889998,-14.987982],[-40.894307,-14.97636],[-40.897341,-14.968176],[-40.902292,-14.954819],[-40.909557,-14.935171],[-40.91125,-14.930073],[-40.911196,-14.93005],[-40.910651,-14.929764],[-40.910379,-14.929591],[-40.910128,-14.929381],[-40.909979,-14.929244],[-40.909475,-14.928776],[-40.90915,-14.928475],[-40.908862,-14.928211],[-40.908434,-14.927804],[-40.908133,-14.927469],[-40.907338,-14.926533],[-40.907016,-14.926137],[-40.906816,-14.925855],[-40.90666,-14.925686],[-40.906357,-14.925248],[-40.906258,-14.925093],[-40.905239,-14.924144],[-40.904228,-14.923308],[-40.903563,-14.922787],[-40.903042,-14.922755],[-40.902483,-14.922786],[-40.901829,-14.923267],[-40.900452,-14.924207],[-40.898994,-14.925296],[-40.895668,-14.927653],[-40.894909,-14.928214],[-40.894129,-14.928759],[-40.893894,-14.928968],[-40.89379,-14.929123],[-40.893669,-14.929429],[-40.893609,-14.929574],[-40.893475,-14.929712],[-40.893303,-14.929816],[-40.893151,-14.929838],[-40.892845,-14.929864],[-40.892624,-14.929908],[-40.892379,-14.930028],[-40.892203,-14.930168],[-40.891882,-14.930501],[-40.891863,-14.930518],[-40.891637,-14.930446],[-40.890056,-14.930002],[-40.889049,-14.93],[-40.888486,-14.93007],[-40.888044,-14.930003],[-40.88726,-14.929491],[-40.886519,-14.929042],[-40.886452,-14.929008],[-40.886259,-14.929138],[-40.885904,-14.92857],[-40.883996,-14.925503],[-40.882267,-14.922702],[-40.882263,-14.922695],[-40.881595,-14.921633],[-40.88037,-14.922234],[-40.879906,-14.922555],[-40.879383,-14.9229],[-40.878623,-14.923187],[-40.87785,-14.924289],[-40.876496,-14.925334],[-40.874523,-14.925943],[-40.873358,-14.926287],[-40.872384,-14.926746],[-40.871362,-14.92724],[-40.870613,-14.927791],[-40.869864,-14.928308],[-40.868973,-14.928928],[-40.868403,-14.929284],[-40.867868,-14.929985],[-40.867487,-14.930731],[-40.867072,-14.931018],[-40.866442,-14.931558],[-40.865895,-14.932006],[-40.865182,-14.932407],[-40.865004,-14.932729],[-40.864457,-14.933108],[-40.864267,-14.933602],[-40.863863,-14.933854],[-40.863601,-14.934176],[-40.862686,-14.934991],[-40.861688,-14.935542],[-40.861284,-14.935542],[-40.860726,-14.935887],[-40.86031,-14.935898],[-40.859941,-14.936139],[-40.859299,-14.936644],[-40.858848,-14.936679],[-40.858515,-14.936932],[-40.857945,-14.937012],[-40.857208,-14.937575],[-40.856055,-14.938068],[-40.854712,-14.937976],[-40.853678,-14.938011],[-40.853277,-14.937892],[-40.853081,-14.937993],[-40.852701,-14.938008],[-40.852528,-14.937843],[-40.852332,-14.937813],[-40.852276,-14.937936],[-40.852171,-14.937958],[-40.852038,-14.937814],[-40.851984,-14.937769],[-40.851933,-14.937734],[-40.851856,-14.937749],[-40.851823,-14.937835],[-40.851749,-14.937858],[-40.851675,-14.937915],[-40.851586,-14.937921],[-40.851541,-14.937907],[-40.851461,-14.937958],[-40.851396,-14.93805],[-40.85136,-14.93809],[-40.851259,-14.938148],[-40.851271,-14.938197],[-40.851298,-14.938248],[-40.851274,-14.93838],[-40.85125,-14.93853],[-40.851232,-14.938601],[-40.851161,-14.938667],[-40.851042,-14.938713],[-40.850968,-14.938687],[-40.850896,-14.938673],[-40.850813,-14.938713],[-40.850849,-14.938808],[-40.850896,-14.938908],[-40.850926,-14.939003],[-40.850914,-14.939066],[-40.850825,-14.939152],[-40.850873,-14.939287],[-40.85087,-14.939434],[-40.850837,-14.939517],[-40.850853,-14.939606],[-40.850864,-14.939753],[-40.850719,-14.94005],[-40.850738,-14.940262],[-40.85003,-14.940838],[-40.849448,-14.941743],[-40.848651,-14.943097],[-40.847665,-14.944177],[-40.846667,-14.944556],[-40.845609,-14.944567],[-40.843922,-14.944475],[-40.843149,-14.944625],[-40.841925,-14.945543],[-40.840499,-14.945807],[-40.838847,-14.94614],[-40.837148,-14.94637],[-40.835686,-14.946462],[-40.835056,-14.94606],[-40.834925,-14.945761],[-40.834759,-14.945704],[-40.834474,-14.945784],[-40.834094,-14.946037],[-40.833695,-14.94613],[-40.833537,-14.946082],[-40.833216,-14.945956],[-40.832955,-14.945783],[-40.832693,-14.945582],[-40.832515,-14.945307],[-40.832212,-14.945186],[-40.832057,-14.945249],[-40.831832,-14.94529],[-40.831558,-14.945347],[-40.831445,-14.945416],[-40.831315,-14.945422],[-40.831101,-14.945496],[-40.830982,-14.945571],[-40.830928,-14.945686],[-40.830839,-14.945715],[-40.830655,-14.945726],[-40.830572,-14.945806],[-40.830562,-14.945807],[-40.830394,-14.945812],[-40.830114,-14.945892],[-40.829883,-14.945858],[-40.829758,-14.945887],[-40.829663,-14.945915],[-40.829312,-14.945847],[-40.829021,-14.945898],[-40.828872,-14.946047],[-40.828789,-14.946088],[-40.828718,-14.946088],[-40.828581,-14.945979],[-40.828457,-14.945979],[-40.828379,-14.94607],[-40.828385,-14.946168],[-40.828385,-14.946283],[-40.82832,-14.946444],[-40.828231,-14.946558],[-40.827946,-14.946639],[-40.827862,-14.94666],[-40.827672,-14.946708],[-40.827601,-14.946771],[-40.827571,-14.946851],[-40.827518,-14.946903],[-40.827393,-14.946995],[-40.82731,-14.947144],[-40.827215,-14.947196],[-40.827126,-14.94719],[-40.827019,-14.947178],[-40.826834,-14.947339],[-40.826603,-14.947414],[-40.826585,-14.947465],[-40.826626,-14.94754],[-40.826591,-14.947632],[-40.826448,-14.947712],[-40.826329,-14.947724],[-40.826181,-14.947718],[-40.826008,-14.94777],[-40.82586,-14.947862],[-40.825694,-14.947919],[-40.825616,-14.947919],[-40.82548,-14.94785],[-40.825367,-14.947787],[-40.825183,-14.947827],[-40.825034,-14.947844],[-40.824981,-14.94784],[-40.824891,-14.947833],[-40.824832,-14.947764],[-40.824838,-14.947684],[-40.824796,-14.947638],[-40.824749,-14.947569],[-40.824707,-14.94746],[-40.824588,-14.947471],[-40.824565,-14.947511],[-40.824392,-14.947471],[-40.824303,-14.947437],[-40.824125,-14.94746],[-40.824,-14.947454],[-40.823929,-14.947362],[-40.823792,-14.947362],[-40.823679,-14.947316],[-40.823572,-14.947385],[-40.823436,-14.947443],[-40.82321,-14.947465],[-40.822901,-14.947305],[-40.822776,-14.947288],[-40.822717,-14.947201],[-40.822431,-14.946886],[-40.822259,-14.946679],[-40.822128,-14.946593],[-40.821986,-14.946547],[-40.821754,-14.946599],[-40.82151,-14.946604],[-40.821362,-14.94657],[-40.821207,-14.946604],[-40.821135,-14.946707],[-40.82091,-14.946759],[-40.820797,-14.946696],[-40.820572,-14.94661],[-40.820358,-14.946702],[-40.820031,-14.946736],[-40.81974,-14.946754],[-40.819538,-14.94665],[-40.819264,-14.94669],[-40.819027,-14.946673],[-40.818854,-14.94669],[-40.818492,-14.94665],[-40.818224,-14.946771],[-40.817933,-14.946794],[-40.817731,-14.946742],[-40.817571,-14.94665],[-40.817345,-14.946558],[-40.817185,-14.946593],[-40.817084,-14.946535],[-40.816864,-14.946438],[-40.816529,-14.946295],[-40.816505,-14.946169],[-40.816333,-14.946123],[-40.816208,-14.945951],[-40.815994,-14.945767],[-40.815715,-14.945704],[-40.815549,-14.945773],[-40.81537,-14.945652],[-40.815174,-14.94552],[-40.814966,-14.945526],[-40.814824,-14.945664],[-40.814687,-14.945635],[-40.814556,-14.945526],[-40.814497,-14.945348],[-40.814331,-14.945314],[-40.814188,-14.9454],[-40.814075,-14.945583],[-40.813992,-14.945756],[-40.813861,-14.945824],[-40.813635,-14.945824],[-40.813427,-14.945905],[-40.813332,-14.945974],[-40.813184,-14.945939],[-40.812934,-14.945847],[-40.812952,-14.945681],[-40.812904,-14.945618],[-40.812702,-14.945549],[-40.812483,-14.945377],[-40.812352,-14.945359],[-40.812245,-14.945296],[-40.81196,-14.945342],[-40.811977,-14.945153],[-40.811793,-14.945199],[-40.811621,-14.945164],[-40.811365,-14.945222],[-40.811134,-14.945101],[-40.81111,-14.944952],[-40.810664,-14.944912],[-40.810278,-14.94478],[-40.810236,-14.94455],[-40.810064,-14.944567],[-40.809951,-14.944498],[-40.809975,-14.944297],[-40.810106,-14.94428],[-40.810135,-14.9442],[-40.810076,-14.944102],[-40.810011,-14.944016],[-40.809767,-14.944062],[-40.809458,-14.944056],[-40.809262,-14.943959],[-40.809203,-14.943729],[-40.809197,-14.943494],[-40.809137,-14.943333],[-40.808971,-14.943247],[-40.80868,-14.943235],[-40.808311,-14.943207],[-40.808038,-14.943275],[-40.807866,-14.943201],[-40.807771,-14.943097],[-40.807598,-14.94308],[-40.807378,-14.942948],[-40.807168,-14.942742],[-40.807155,-14.94274],[-40.806893,-14.942803],[-40.806677,-14.942777],[-40.806555,-14.942787],[-40.806537,-14.942871],[-40.806429,-14.942864],[-40.806397,-14.942801],[-40.80633,-14.942769],[-40.806205,-14.942819],[-40.806051,-14.942908],[-40.805876,-14.943008],[-40.805757,-14.943061],[-40.805541,-14.943071],[-40.805479,-14.942976],[-40.805378,-14.94292],[-40.805278,-14.942965],[-40.805258,-14.943065],[-40.80517,-14.943121],[-40.805073,-14.943167],[-40.804933,-14.943264],[-40.804832,-14.94333],[-40.804723,-14.943326],[-40.804656,-14.943275],[-40.804558,-14.94326],[-40.80443,-14.94318],[-40.804225,-14.943108],[-40.804026,-14.943091],[-40.803821,-14.943088],[-40.803747,-14.943108],[-40.803655,-14.943183],[-40.803586,-14.943283],[-40.803515,-14.94343],[-40.803447,-14.943496],[-40.803349,-14.943539],[-40.803248,-14.943541],[-40.803162,-14.943493],[-40.803064,-14.943398],[-40.803022,-14.943335],[-40.802969,-14.943335],[-40.802927,-14.943392],[-40.80287,-14.943441],[-40.802832,-14.943461],[-40.802758,-14.943461],[-40.802719,-14.943415],[-40.802677,-14.943343],[-40.802576,-14.94332],[-40.802517,-14.943341],[-40.802458,-14.943381],[-40.802398,-14.943386],[-40.802309,-14.943386],[-40.802279,-14.943404],[-40.802214,-14.94345],[-40.802146,-14.943441],[-40.802157,-14.943381],[-40.802166,-14.943326],[-40.802143,-14.943277],[-40.802048,-14.94326],[-40.801935,-14.943263],[-40.801902,-14.943309],[-40.801908,-14.943381],[-40.801887,-14.94343],[-40.801822,-14.943455],[-40.801792,-14.943493],[-40.801786,-14.943556],[-40.801759,-14.943582],[-40.801673,-14.943625],[-40.801632,-14.943633],[-40.801593,-14.943564],[-40.801596,-14.943507],[-40.801563,-14.943496],[-40.801504,-14.943504],[-40.801468,-14.94355],[-40.801471,-14.94363],[-40.80145,-14.943722],[-40.801462,-14.943811],[-40.801477,-14.943909],[-40.801525,-14.9439],[-40.801578,-14.943958],[-40.801557,-14.943989],[-40.801558,-14.944088],[-40.801493,-14.944153],[-40.801383,-14.944186],[-40.801236,-14.944183],[-40.801204,-14.944122],[-40.801126,-14.944028],[-40.801034,-14.943944],[-40.800958,-14.943903],[-40.800783,-14.943917],[-40.800682,-14.943882],[-40.80059,-14.943974],[-40.800578,-14.944064],[-40.800587,-14.944179],[-40.800553,-14.944245],[-40.800496,-14.94424],[-40.800433,-14.94421],[-40.800321,-14.944256],[-40.800216,-14.944241],[-40.800094,-14.94419],[-40.799914,-14.944331],[-40.799832,-14.944323],[-40.799824,-14.944244],[-40.799758,-14.944258],[-40.799682,-14.944206],[-40.799549,-14.944137],[-40.799275,-14.944156],[-40.799138,-14.944147],[-40.799074,-14.944255],[-40.798966,-14.944291],[-40.798915,-14.944359],[-40.798899,-14.944297],[-40.79892,-14.944243],[-40.798913,-14.944198],[-40.798847,-14.944193],[-40.798812,-14.944234],[-40.798844,-14.94426],[-40.798856,-14.944321],[-40.798825,-14.944385],[-40.798783,-14.944436],[-40.798731,-14.944438],[-40.798678,-14.944398],[-40.798641,-14.944335],[-40.798586,-14.944371],[-40.798519,-14.944411],[-40.798463,-14.944422],[-40.798434,-14.94439],[-40.798386,-14.944377],[-40.798317,-14.944417],[-40.798269,-14.944409],[-40.798264,-14.944341],[-40.798213,-14.94433],[-40.798117,-14.944378],[-40.798032,-14.944349],[-40.797967,-14.944343],[-40.797887,-14.944412],[-40.797801,-14.944439],[-40.797729,-14.944498],[-40.797654,-14.944719],[-40.79768,-14.944821],[-40.797647,-14.944875],[-40.797589,-14.9449],[-40.797524,-14.944856],[-40.797493,-14.944803],[-40.797451,-14.944812],[-40.797378,-14.944845],[-40.797316,-14.944858],[-40.797295,-14.944813],[-40.797363,-14.944737],[-40.79733,-14.944694],[-40.797283,-14.944713],[-40.797263,-14.944771],[-40.797228,-14.944823],[-40.797194,-14.944895],[-40.797152,-14.944925],[-40.797072,-14.944923],[-40.797018,-14.944879],[-40.796999,-14.944899],[-40.796972,-14.944942],[-40.796896,-14.945026],[-40.796842,-14.945097],[-40.79677,-14.94508],[-40.796713,-14.945114],[-40.796697,-14.945201],[-40.796645,-14.945265],[-40.79662,-14.945379],[-40.79662,-14.945453],[-40.796553,-14.945477],[-40.79645,-14.945468],[-40.796373,-14.945535],[-40.796276,-14.945605],[-40.796158,-14.945675],[-40.796137,-14.945725],[-40.79606,-14.945759],[-40.795952,-14.945781],[-40.795869,-14.945748],[-40.79581,-14.945676],[-40.79572,-14.945664],[-40.795618,-14.945595],[-40.79553,-14.945588],[-40.79482,-14.942258],[-40.794798,-14.94083],[-40.794454,-14.940256],[-40.791097,-14.934667],[-40.791057,-14.934601],[-40.791056,-14.934599],[-40.790873,-14.934645],[-40.790783,-14.934738],[-40.790793,-14.9348],[-40.790801,-14.934848],[-40.790903,-14.934958],[-40.790975,-14.935045],[-40.791017,-14.935161],[-40.791011,-14.935242],[-40.790957,-14.935328],[-40.790903,-14.935427],[-40.790801,-14.935444],[-40.790573,-14.935352],[-40.79034,-14.935311],[-40.790138,-14.935279],[-40.79001,-14.935259],[-40.789852,-14.935244],[-40.78977,-14.935317],[-40.78971,-14.935485],[-40.789673,-14.935618],[-40.789638,-14.935745],[-40.789567,-14.935907],[-40.789495,-14.936058],[-40.789291,-14.936087],[-40.789039,-14.936083],[-40.788955,-14.936081],[-40.788662,-14.936041],[-40.78841,-14.935965],[-40.788248,-14.935983],[-40.788033,-14.936104],[-40.787265,-14.936486],[-40.78681,-14.936724],[-40.78669,-14.936874],[-40.786451,-14.936874],[-40.786337,-14.936805],[-40.785983,-14.936759],[-40.785812,-14.936756],[-40.785847,-14.936415],[-40.785941,-14.935675],[-40.78653,-14.934733],[-40.786735,-14.934024],[-40.787119,-14.933304],[-40.787144,-14.932781],[-40.787192,-14.932037],[-40.78748,-14.931642],[-40.787541,-14.931014],[-40.787853,-14.930317],[-40.787899,-14.92871],[-40.787868,-14.927109],[-40.787865,-14.926926],[-40.787636,-14.924774],[-40.786946,-14.923132],[-40.785645,-14.920726],[-40.784401,-14.918612],[-40.783778,-14.916882],[-40.783241,-14.915575],[-40.782249,-14.911011],[-40.782437,-14.909175],[-40.782343,-14.906587],[-40.781601,-14.905059],[-40.779667,-14.903079],[-40.77684,-14.901162],[-40.774051,-14.895787],[-40.771351,-14.894812],[-40.769931,-14.892357],[-40.76896,-14.891914],[-40.766958,-14.892043],[-40.765929,-14.893031],[-40.765291,-14.893644],[-40.763135,-14.894681],[-40.759303,-14.895247],[-40.759313,-14.895008],[-40.759351,-14.894764],[-40.759426,-14.894588],[-40.759571,-14.894359],[-40.759711,-14.894152],[-40.759926,-14.893767],[-40.760345,-14.892989],[-40.760769,-14.892153],[-40.760889,-14.891859],[-40.761077,-14.891711],[-40.761576,-14.891332],[-40.761914,-14.891013],[-40.762452,-14.890501],[-40.762705,-14.890233],[-40.763082,-14.889862],[-40.763293,-14.88974],[-40.756527,-14.881809],[-40.755874,-14.880478],[-40.755653,-14.880026],[-40.755548,-14.88007],[-40.754307,-14.880587],[-40.753729,-14.879769],[-40.750507,-14.880026],[-40.748819,-14.88023],[-40.747811,-14.878318],[-40.747633,-14.877981],[-40.747621,-14.877959],[-40.747584,-14.87801],[-40.74749,-14.87814],[-40.747245,-14.878649],[-40.747242,-14.878655],[-40.747239,-14.87866],[-40.747239,-14.878655],[-40.747176,-14.878011],[-40.747865,-14.875474],[-40.747905,-14.875328],[-40.74789,-14.875247],[-40.747156,-14.871246],[-40.747884,-14.869058],[-40.749064,-14.868317],[-40.74907,-14.86603],[-40.748377,-14.864556],[-40.748363,-14.864525],[-40.748359,-14.864516],[-40.746316,-14.859821],[-40.74491,-14.856913],[-40.74402,-14.855228],[-40.743749,-14.854647],[-40.74347,-14.854064],[-40.743375,-14.853603],[-40.743392,-14.853167],[-40.743865,-14.852111],[-40.74424,-14.851435],[-40.742025,-14.851811],[-40.737629,-14.85294],[-40.734659,-14.853433],[-40.7318,-14.853702],[-40.730705,-14.853774],[-40.729591,-14.853881],[-40.72857,-14.853684],[-40.727623,-14.853522],[-40.726881,-14.853451],[-40.726398,-14.853612],[-40.726082,-14.853845],[-40.725655,-14.854168],[-40.725229,-14.854437],[-40.724727,-14.854653],[-40.724022,-14.85476],[-40.722834,-14.85476],[-40.721534,-14.854599],[-40.720402,-14.85442],[-40.719492,-14.854455],[-40.71875,-14.854635],[-40.718026,-14.854886],[-40.717728,-14.855118],[-40.717327,-14.855671],[-40.717343,-14.856306],[-40.717549,-14.857224],[-40.717815,-14.858058],[-40.717768,-14.858483],[-40.717602,-14.858852],[-40.717298,-14.858981],[-40.716977,-14.858788],[-40.716502,-14.858494],[-40.715895,-14.858243],[-40.715363,-14.857989],[-40.714883,-14.857356],[-40.714364,-14.856618],[-40.713951,-14.855293],[-40.713695,-14.854415],[-40.713091,-14.852547],[-40.712575,-14.851739],[-40.7117,-14.850911],[-40.710394,-14.84998],[-40.709673,-14.849647],[-40.708757,-14.848822],[-40.707646,-14.848127],[-40.706061,-14.84659],[-40.704828,-14.845368],[-40.703226,-14.844268],[-40.702299,-14.843571],[-40.701265,-14.842512],[-40.698285,-14.839341],[-40.696464,-14.837786],[-40.694763,-14.836007],[-40.694422,-14.835506],[-40.69387,-14.834747],[-40.692632,-14.832563],[-40.692228,-14.831504],[-40.69216,-14.830932],[-40.691791,-14.830168],[-40.691149,-14.829086],[-40.690658,-14.828439],[-40.68932,-14.827383],[-40.687067,-14.825773],[-40.685429,-14.824875],[-40.683517,-14.824084],[-40.682206,-14.823595],[-40.681114,-14.823595],[-40.67938,-14.823978],[-40.678561,-14.824282],[-40.677714,-14.824678],[-40.677114,-14.825073],[-40.67639,-14.825469],[-40.675557,-14.825865],[-40.674666,-14.82615],[-40.673987,-14.826189],[-40.673549,-14.826341],[-40.673151,-14.826715],[-40.672983,-14.826897],[-40.672757,-14.827281],[-40.67252,-14.827518],[-40.67204,-14.827675],[-40.671979,-14.827699],[-40.671498,-14.827893],[-40.671207,-14.828054],[-40.67068,-14.828272],[-40.670177,-14.828426],[-40.669896,-14.828736],[-40.671855,-14.829878],[-40.676054,-14.83253],[-40.678928,-14.835624],[-40.680696,-14.83695],[-40.681831,-14.837173],[-40.683473,-14.838101],[-40.684258,-14.8391],[-40.6849,-14.840171],[-40.685543,-14.841242],[-40.686685,-14.84217],[-40.687185,-14.843026],[-40.687827,-14.843883],[-40.688541,-14.844668],[-40.689754,-14.845739],[-40.689826,-14.846595],[-40.691325,-14.847095],[-40.691824,-14.847952],[-40.692467,-14.848666],[-40.692895,-14.849308],[-40.693395,-14.850022],[-40.694109,-14.850593],[-40.694608,-14.851521],[-40.695465,-14.85252],[-40.69625,-14.853234],[-40.696821,-14.853948],[-40.697749,-14.854947],[-40.69832,-14.855875],[-40.699391,-14.857017],[-40.700105,-14.857945],[-40.700962,-14.859088],[-40.701461,-14.859659],[-40.702247,-14.860658],[-40.702818,-14.861443],[-40.703103,-14.862014],[-40.704102,-14.863228],[-40.704531,-14.86437],[-40.704602,-14.864798],[-40.704959,-14.865227],[-40.705459,-14.866083],[-40.705816,-14.86644],[-40.705923,-14.86694],[-40.70595,-14.867065],[-40.70596,-14.867115],[-40.70599,-14.867252],[-40.70603,-14.867439],[-40.706125,-14.867613],[-40.706458,-14.868225],[-40.70653,-14.86901],[-40.707172,-14.870081],[-40.707458,-14.87108],[-40.707814,-14.871937],[-40.708814,-14.873293],[-40.70967,-14.875006],[-40.71067,-14.875434],[-40.711384,-14.875863],[-40.711955,-14.876148],[-40.713168,-14.876505],[-40.713629,-14.876951],[-40.713758,-14.877075],[-40.713589,-14.877154],[-40.713538,-14.877199],[-40.713406,-14.877508],[-40.713389,-14.877661],[-40.713315,-14.877757],[-40.713174,-14.877849],[-40.713108,-14.877928],[-40.713091,-14.877954],[-40.713018,-14.87809],[-40.71301,-14.878123],[-40.713004,-14.878311],[-40.713029,-14.878463],[-40.713034,-14.878738],[-40.713237,-14.878956],[-40.713243,-14.878983],[-40.713303,-14.879255],[-40.713318,-14.879294],[-40.71338,-14.879426],[-40.713497,-14.87949],[-40.713616,-14.879542],[-40.713739,-14.879569],[-40.713851,-14.879815],[-40.713843,-14.87985],[-40.713828,-14.880134],[-40.713841,-14.880171],[-40.713834,-14.880357],[-40.713832,-14.880368],[-40.713904,-14.880573],[-40.713914,-14.880574],[-40.713899,-14.880742],[-40.713971,-14.880931],[-40.713984,-14.88111],[-40.713944,-14.88129],[-40.713963,-14.881433],[-40.714031,-14.881532],[-40.7141,-14.881632],[-40.714107,-14.881643],[-40.71421,-14.881803],[-40.714461,-14.882001],[-40.714513,-14.882037],[-40.714488,-14.88221],[-40.714407,-14.882312],[-40.714404,-14.882508],[-40.714454,-14.882704],[-40.714559,-14.882887],[-40.714854,-14.883043],[-40.715075,-14.883196],[-40.715191,-14.883292],[-40.715208,-14.883313],[-40.715365,-14.883391],[-40.715456,-14.883402],[-40.71557,-14.883451],[-40.715577,-14.883455],[-40.715745,-14.883515],[-40.715761,-14.88352],[-40.715862,-14.883597],[-40.715871,-14.883609],[-40.715887,-14.883622],[-40.715896,-14.883627],[-40.715985,-14.883723],[-40.715997,-14.883735],[-40.716006,-14.883744],[-40.716016,-14.883745],[-40.716103,-14.883781],[-40.716115,-14.88379],[-40.716128,-14.883792],[-40.716225,-14.883847],[-40.716237,-14.883855],[-40.716253,-14.883865],[-40.716336,-14.883896],[-40.716348,-14.883905],[-40.716351,-14.883905],[-40.716408,-14.883969],[-40.716415,-14.883983],[-40.716421,-14.883991],[-40.716444,-14.884063],[-40.716452,-14.884081],[-40.716463,-14.884093],[-40.716469,-14.884097],[-40.716549,-14.884158],[-40.716557,-14.884165],[-40.716563,-14.884166],[-40.716683,-14.884221],[-40.716689,-14.884222],[-40.716698,-14.88423],[-40.716838,-14.884284],[-40.716846,-14.884295],[-40.716855,-14.884403],[-40.716855,-14.884406],[-40.716871,-14.884494],[-40.716872,-14.884506],[-40.716958,-14.884613],[-40.716998,-14.884778],[-40.717011,-14.884784],[-40.717145,-14.884867],[-40.717151,-14.884876],[-40.717253,-14.884973],[-40.717344,-14.885079],[-40.71745,-14.885214],[-40.717487,-14.885341],[-40.717522,-14.885492],[-40.717543,-14.88562],[-40.717619,-14.885781],[-40.717622,-14.885788],[-40.717638,-14.886046],[-40.717634,-14.886055],[-40.717632,-14.886067],[-40.717605,-14.886191],[-40.717564,-14.88633],[-40.717561,-14.886332],[-40.717463,-14.88642],[-40.717448,-14.886429],[-40.717378,-14.88651],[-40.717372,-14.88652],[-40.717364,-14.886535],[-40.717355,-14.886542],[-40.717295,-14.88665],[-40.717292,-14.886652],[-40.717195,-14.886742],[-40.717127,-14.886785],[-40.71706,-14.886828],[-40.716948,-14.886984],[-40.716954,-14.886997],[-40.717,-14.887103],[-40.717006,-14.887112],[-40.717016,-14.887327],[-40.717015,-14.887334],[-40.716985,-14.88747],[-40.716976,-14.887484],[-40.716972,-14.887491],[-40.716929,-14.887606],[-40.716823,-14.887703],[-40.716769,-14.887821],[-40.716785,-14.887903],[-40.716827,-14.88798],[-40.71691,-14.888059],[-40.717037,-14.888141],[-40.71716,-14.888132],[-40.717293,-14.888094],[-40.717378,-14.888059],[-40.717392,-14.888061],[-40.717521,-14.888094],[-40.717524,-14.888103],[-40.717594,-14.88817],[-40.717659,-14.888236],[-40.717634,-14.888415],[-40.717705,-14.888545],[-40.717704,-14.888562],[-40.717691,-14.888765],[-40.717691,-14.888774],[-40.717732,-14.888863],[-40.717772,-14.888953],[-40.717772,-14.888964],[-40.717802,-14.88907],[-40.717805,-14.889085],[-40.717804,-14.889089],[-40.717794,-14.889258],[-40.717741,-14.889339],[-40.717738,-14.88934],[-40.717734,-14.889342],[-40.717598,-14.889471],[-40.717591,-14.889474],[-40.71749,-14.889652],[-40.717469,-14.889665],[-40.717438,-14.889706],[-40.71734,-14.889843],[-40.717336,-14.889851],[-40.717253,-14.890023],[-40.717251,-14.890027],[-40.71725,-14.890045],[-40.717249,-14.890052],[-40.717227,-14.890155],[-40.717221,-14.890161],[-40.717207,-14.890173],[-40.717132,-14.890253],[-40.717119,-14.890259],[-40.717109,-14.890264],[-40.717046,-14.890304],[-40.717128,-14.890388],[-40.717198,-14.89047],[-40.717202,-14.890479],[-40.717229,-14.890554],[-40.717213,-14.890616],[-40.717213,-14.890618],[-40.717233,-14.890682],[-40.717269,-14.890763],[-40.717237,-14.890833],[-40.717234,-14.890836],[-40.717237,-14.890908],[-40.717193,-14.890953],[-40.717174,-14.891029],[-40.717136,-14.891132],[-40.717143,-14.891213],[-40.717148,-14.891214],[-40.717189,-14.891213],[-40.717198,-14.891214],[-40.717203,-14.891215],[-40.71729,-14.891201],[-40.717345,-14.891247],[-40.717347,-14.891249],[-40.717353,-14.891332],[-40.717352,-14.891335],[-40.717332,-14.891387],[-40.717328,-14.89148],[-40.717306,-14.891539],[-40.717241,-14.891584],[-40.717234,-14.891645],[-40.717234,-14.89177],[-40.717229,-14.891917],[-40.717229,-14.891923],[-40.717248,-14.892013],[-40.717249,-14.89202],[-40.717301,-14.892074],[-40.717304,-14.892083],[-40.717304,-14.892085],[-40.717318,-14.892155],[-40.717321,-14.892163],[-40.717322,-14.892168],[-40.717339,-14.892213],[-40.717339,-14.892223],[-40.71734,-14.892234],[-40.717339,-14.892242],[-40.717338,-14.892252],[-40.717367,-14.892285],[-40.717374,-14.89229],[-40.717412,-14.892309],[-40.717477,-14.892359],[-40.717568,-14.89238],[-40.717615,-14.892375],[-40.717662,-14.89237],[-40.717714,-14.892388],[-40.71776,-14.892402],[-40.717768,-14.892524],[-40.717779,-14.892646],[-40.717782,-14.89266],[-40.717781,-14.892669],[-40.717788,-14.89277],[-40.717785,-14.892779],[-40.717785,-14.892781],[-40.717765,-14.892897],[-40.717742,-14.892972],[-40.717738,-14.892977],[-40.717731,-14.892993],[-40.717723,-14.893004],[-40.717718,-14.893014],[-40.717671,-14.893106],[-40.717648,-14.893184],[-40.7176,-14.893299],[-40.717576,-14.893396],[-40.717575,-14.893398],[-40.717583,-14.893488],[-40.717588,-14.893496],[-40.71763,-14.893543],[-40.717638,-14.893544],[-40.717717,-14.893565],[-40.71772,-14.893568],[-40.717792,-14.893604],[-40.717797,-14.893606],[-40.717843,-14.893696],[-40.717845,-14.893801],[-40.717882,-14.893869],[-40.717919,-14.893969],[-40.717904,-14.894089],[-40.717844,-14.894182],[-40.717842,-14.894196],[-40.717841,-14.894203],[-40.717833,-14.894284],[-40.71783,-14.894289],[-40.717822,-14.894292],[-40.717791,-14.894331],[-40.717778,-14.89441],[-40.717778,-14.894419],[-40.717778,-14.894421],[-40.717782,-14.894475],[-40.717786,-14.894486],[-40.717818,-14.894546],[-40.717843,-14.894608],[-40.71786,-14.894693],[-40.717876,-14.894784],[-40.717876,-14.89491],[-40.717878,-14.894916],[-40.717883,-14.894929],[-40.717923,-14.895015],[-40.71793,-14.895021],[-40.717958,-14.895074],[-40.71796,-14.895077],[-40.717993,-14.895207],[-40.718073,-14.895257],[-40.718101,-14.895322],[-40.718103,-14.895327],[-40.718119,-14.895411],[-40.718112,-14.895521],[-40.718112,-14.895523],[-40.718088,-14.895635],[-40.718086,-14.895636],[-40.718063,-14.895749],[-40.718068,-14.895753],[-40.718071,-14.895756],[-40.718152,-14.895802],[-40.718158,-14.895801],[-40.718166,-14.8958],[-40.718236,-14.895782],[-40.718243,-14.895781],[-40.71825,-14.895778],[-40.718285,-14.895767],[-40.718388,-14.895753],[-40.718394,-14.895756],[-40.718513,-14.895781],[-40.718529,-14.895775],[-40.718597,-14.895739],[-40.718606,-14.895736],[-40.718716,-14.89572],[-40.718793,-14.895756],[-40.718792,-14.895761],[-40.71882,-14.895826],[-40.718822,-14.895832],[-40.718841,-14.895954],[-40.71883,-14.895965],[-40.718822,-14.89597],[-40.718815,-14.895972],[-40.718781,-14.896028],[-40.718781,-14.896041],[-40.718781,-14.896043],[-40.718809,-14.89609],[-40.718808,-14.89614],[-40.718936,-14.896146],[-40.719023,-14.896203],[-40.71906,-14.896294],[-40.719059,-14.896305],[-40.719059,-14.89631],[-40.719074,-14.896385],[-40.719082,-14.896389],[-40.719095,-14.896391],[-40.719172,-14.896421],[-40.719173,-14.896431],[-40.719178,-14.896445],[-40.719207,-14.896539],[-40.719242,-14.8966],[-40.719246,-14.896603],[-40.719305,-14.896652],[-40.719308,-14.89666],[-40.719312,-14.896662],[-40.719339,-14.896702],[-40.719342,-14.896714],[-40.719342,-14.896786],[-40.71937,-14.896813],[-40.719462,-14.896809],[-40.719587,-14.896797],[-40.71959,-14.896806],[-40.719588,-14.896818],[-40.719604,-14.8969],[-40.71966,-14.896969],[-40.719662,-14.896969],[-40.719779,-14.896953],[-40.719788,-14.896936],[-40.719796,-14.896917],[-40.719832,-14.896828],[-40.719833,-14.896823],[-40.719836,-14.896809],[-40.719838,-14.896798],[-40.719845,-14.896785],[-40.71988,-14.896717],[-40.719886,-14.896708],[-40.719893,-14.896697],[-40.719919,-14.896661],[-40.719929,-14.896648],[-40.71993,-14.89664],[-40.719939,-14.896619],[-40.72001,-14.896552],[-40.720145,-14.896481],[-40.720251,-14.896447],[-40.720355,-14.896412],[-40.720442,-14.896364],[-40.720457,-14.896358],[-40.720561,-14.896341],[-40.720565,-14.896341],[-40.720664,-14.896373],[-40.720671,-14.896377],[-40.720792,-14.896403],[-40.720794,-14.896403],[-40.720803,-14.896404],[-40.720897,-14.896454],[-40.720899,-14.896457],[-40.720896,-14.896595],[-40.720892,-14.896597],[-40.720831,-14.896677],[-40.720829,-14.896685],[-40.720815,-14.896802],[-40.720815,-14.896805],[-40.720824,-14.896897],[-40.720884,-14.896916],[-40.720894,-14.896925],[-40.720898,-14.896928],[-40.720968,-14.896985],[-40.721007,-14.897055],[-40.721062,-14.897102],[-40.72108,-14.897184],[-40.721172,-14.89722],[-40.721251,-14.89723],[-40.721337,-14.897276],[-40.721449,-14.897348],[-40.721453,-14.897349],[-40.721558,-14.897365],[-40.721563,-14.897365],[-40.721571,-14.897364],[-40.721584,-14.897357],[-40.721718,-14.897294],[-40.721817,-14.897247],[-40.721895,-14.897225],[-40.721902,-14.897226],[-40.722024,-14.897224],[-40.722028,-14.897226],[-40.722033,-14.897228],[-40.722146,-14.897314],[-40.72215,-14.897317],[-40.722231,-14.897403],[-40.722237,-14.897406],[-40.722242,-14.89741],[-40.72225,-14.897419],[-40.722348,-14.89754],[-40.722484,-14.89762],[-40.722542,-14.89771],[-40.722545,-14.897721],[-40.722548,-14.897729],[-40.722614,-14.897775],[-40.722689,-14.897787],[-40.722763,-14.897741],[-40.722827,-14.897715],[-40.722829,-14.897718],[-40.722886,-14.897756],[-40.72289,-14.897757],[-40.722937,-14.897816],[-40.722934,-14.897818],[-40.72293,-14.897877],[-40.722985,-14.897872],[-40.723056,-14.897876],[-40.723159,-14.897913],[-40.723267,-14.897917],[-40.723336,-14.897972],[-40.723343,-14.897981],[-40.723366,-14.898051],[-40.723364,-14.898058],[-40.723329,-14.898135],[-40.723322,-14.898143],[-40.723311,-14.898185],[-40.723317,-14.898197],[-40.72332,-14.8982],[-40.723366,-14.898248],[-40.723428,-14.898292],[-40.723432,-14.898295],[-40.723482,-14.898321],[-40.723533,-14.898369],[-40.72353,-14.898496],[-40.723524,-14.898507],[-40.723459,-14.898621],[-40.723408,-14.898759],[-40.723485,-14.89881],[-40.723487,-14.89881],[-40.723534,-14.898948],[-40.723596,-14.899064],[-40.723595,-14.899067],[-40.723575,-14.899175],[-40.723565,-14.899181],[-40.723556,-14.899182],[-40.723472,-14.899202],[-40.723463,-14.899201],[-40.723448,-14.899201],[-40.72337,-14.899226],[-40.723361,-14.899237],[-40.723354,-14.899241],[-40.723308,-14.89933],[-40.723306,-14.899341],[-40.723243,-14.899484],[-40.723136,-14.899587],[-40.723135,-14.899721],[-40.723137,-14.899724],[-40.723142,-14.899812],[-40.723144,-14.899818],[-40.723169,-14.899969],[-40.722905,-14.900047],[-40.72272,-14.900087],[-40.722602,-14.900092],[-40.72242,-14.900928],[-40.722399,-14.901032],[-40.722444,-14.901119],[-40.722453,-14.901132],[-40.722668,-14.901231],[-40.722674,-14.901244],[-40.722712,-14.901323],[-40.722735,-14.90143],[-40.722737,-14.901438],[-40.722757,-14.901512],[-40.722751,-14.901796],[-40.722793,-14.902],[-40.722798,-14.90202],[-40.722764,-14.902166],[-40.72276,-14.902188],[-40.722742,-14.902309],[-40.722741,-14.902313],[-40.722798,-14.902493],[-40.722802,-14.902494],[-40.722873,-14.902529],[-40.722939,-14.902567],[-40.722991,-14.902633],[-40.723005,-14.902644],[-40.723011,-14.902649],[-40.723079,-14.902708],[-40.723068,-14.902777],[-40.723059,-14.90278],[-40.722914,-14.902876],[-40.7229,-14.902891],[-40.72288,-14.902892],[-40.722802,-14.902966],[-40.722796,-14.902977],[-40.722763,-14.903124],[-40.722763,-14.903147],[-40.722739,-14.903264],[-40.722691,-14.903328],[-40.722685,-14.903338],[-40.722672,-14.903351],[-40.722561,-14.903497],[-40.722372,-14.903569],[-40.722358,-14.903575],[-40.722289,-14.903636],[-40.722293,-14.903718],[-40.722319,-14.903819],[-40.722321,-14.903827],[-40.722339,-14.903913],[-40.722337,-14.904021],[-40.722328,-14.904034],[-40.72232,-14.904044],[-40.722226,-14.904167],[-40.722222,-14.904174],[-40.722244,-14.904287],[-40.722191,-14.904373],[-40.722131,-14.904397],[-40.722113,-14.904398],[-40.7221,-14.904403],[-40.722036,-14.904421],[-40.722029,-14.904426],[-40.722013,-14.904434],[-40.721985,-14.904465],[-40.721978,-14.904474],[-40.721954,-14.904527],[-40.721953,-14.904533],[-40.721946,-14.904633],[-40.721943,-14.904635],[-40.721872,-14.904674],[-40.721858,-14.904675],[-40.721835,-14.904702],[-40.721828,-14.904713],[-40.721827,-14.904722],[-40.721824,-14.904753],[-40.721802,-14.9048],[-40.721799,-14.904825],[-40.721793,-14.90485],[-40.721792,-14.904858],[-40.721735,-14.905024],[-40.721731,-14.905031],[-40.721656,-14.905134],[-40.721648,-14.905138],[-40.72164,-14.905139],[-40.721556,-14.905212],[-40.721552,-14.905216],[-40.721514,-14.905284],[-40.721514,-14.905286],[-40.721534,-14.90533],[-40.721614,-14.905348],[-40.721618,-14.905347],[-40.721629,-14.905342],[-40.721695,-14.905301],[-40.721701,-14.905297],[-40.721712,-14.905292],[-40.721808,-14.905251],[-40.721887,-14.905296],[-40.721877,-14.905365],[-40.721873,-14.90537],[-40.721841,-14.905423],[-40.721839,-14.905427],[-40.721837,-14.905479],[-40.721887,-14.905487],[-40.721897,-14.90548],[-40.721946,-14.905449],[-40.721951,-14.905444],[-40.721958,-14.905436],[-40.722021,-14.905408],[-40.72203,-14.905407],[-40.722042,-14.905405],[-40.722101,-14.905412],[-40.722104,-14.905419],[-40.722142,-14.905464],[-40.722161,-14.905538],[-40.722099,-14.905608],[-40.722014,-14.905746],[-40.721933,-14.905856],[-40.721922,-14.905859],[-40.721908,-14.905865],[-40.721854,-14.905923],[-40.721853,-14.90593],[-40.72185,-14.905937],[-40.721805,-14.905987],[-40.721794,-14.905991],[-40.721779,-14.905993],[-40.721773,-14.905993],[-40.721728,-14.906003],[-40.721717,-14.906006],[-40.721713,-14.906006],[-40.721679,-14.90602],[-40.721666,-14.906025],[-40.72166,-14.906027],[-40.721588,-14.90606],[-40.721579,-14.90607],[-40.721553,-14.906111],[-40.721551,-14.906116],[-40.721508,-14.906222],[-40.721502,-14.906233],[-40.721457,-14.906364],[-40.721449,-14.906373],[-40.72141,-14.906427],[-40.721405,-14.906428],[-40.721362,-14.906457],[-40.721349,-14.906459],[-40.721304,-14.906471],[-40.721189,-14.906492],[-40.721167,-14.906412],[-40.721158,-14.906411],[-40.721086,-14.906418],[-40.721072,-14.906424],[-40.721015,-14.906501],[-40.721039,-14.906575],[-40.721047,-14.906581],[-40.721056,-14.906588],[-40.721107,-14.906636],[-40.721105,-14.906639],[-40.721042,-14.906702],[-40.721033,-14.906708],[-40.721031,-14.906707],[-40.721017,-14.906713],[-40.720947,-14.906728],[-40.720937,-14.906727],[-40.720932,-14.906726],[-40.720918,-14.906724],[-40.720888,-14.906701],[-40.720888,-14.906699],[-40.720884,-14.906687],[-40.720881,-14.906676],[-40.720879,-14.906667],[-40.720864,-14.906598],[-40.720858,-14.906595],[-40.720851,-14.906597],[-40.720796,-14.906654],[-40.720823,-14.906707],[-40.720818,-14.906709],[-40.720778,-14.906726],[-40.720768,-14.906724],[-40.72072,-14.906716],[-40.72071,-14.906715],[-40.720702,-14.906714],[-40.720654,-14.906703],[-40.72065,-14.9067],[-40.72064,-14.906689],[-40.720631,-14.906686],[-40.720625,-14.906675],[-40.7206,-14.906646],[-40.720596,-14.90664],[-40.720586,-14.906637],[-40.720575,-14.906633],[-40.720517,-14.906596],[-40.720514,-14.906576],[-40.720524,-14.906531],[-40.720529,-14.906524],[-40.720533,-14.906514],[-40.720552,-14.906478],[-40.720554,-14.906474],[-40.720558,-14.906454],[-40.72056,-14.90641],[-40.72055,-14.906398],[-40.720519,-14.906373],[-40.72051,-14.906364],[-40.720474,-14.906327],[-40.72047,-14.906324],[-40.720452,-14.906319],[-40.720444,-14.906318],[-40.720399,-14.906307],[-40.720393,-14.906306],[-40.720384,-14.906311],[-40.720375,-14.906309],[-40.720303,-14.906356],[-40.720303,-14.906359],[-40.720298,-14.906446],[-40.720299,-14.906459],[-40.720309,-14.906546],[-40.720312,-14.906548],[-40.720336,-14.906636],[-40.720359,-14.906696],[-40.720389,-14.906778],[-40.72041,-14.906822],[-40.720436,-14.906818],[-40.720488,-14.906816],[-40.720494,-14.906817],[-40.720565,-14.906841],[-40.720575,-14.906849],[-40.720575,-14.906852],[-40.720577,-14.906923],[-40.720571,-14.906926],[-40.720512,-14.906977],[-40.720504,-14.906978],[-40.720493,-14.906979],[-40.720446,-14.906977],[-40.720432,-14.906977],[-40.720397,-14.906983],[-40.72039,-14.906987],[-40.720386,-14.906988],[-40.720346,-14.907015],[-40.720316,-14.907079],[-40.720312,-14.907142],[-40.720351,-14.907233],[-40.720406,-14.907245],[-40.720414,-14.907241],[-40.720422,-14.907242],[-40.720507,-14.907226],[-40.720535,-14.907254],[-40.720535,-14.907268],[-40.720534,-14.907275],[-40.720537,-14.907337],[-40.720583,-14.907428],[-40.720634,-14.907426],[-40.720637,-14.907421],[-40.720677,-14.907385],[-40.720685,-14.907384],[-40.720731,-14.907397],[-40.720735,-14.907402],[-40.720747,-14.907406],[-40.720794,-14.907432],[-40.720799,-14.907444],[-40.7208,-14.907453],[-40.720779,-14.907498],[-40.720752,-14.907567],[-40.720745,-14.907573],[-40.720734,-14.907661],[-40.720736,-14.907663],[-40.720836,-14.907623],[-40.720848,-14.90762],[-40.720858,-14.907617],[-40.720935,-14.907612],[-40.720938,-14.907621],[-40.720939,-14.90763],[-40.72094,-14.907638],[-40.720938,-14.907649],[-40.720859,-14.907723],[-40.720847,-14.907725],[-40.720843,-14.907727],[-40.720813,-14.907766],[-40.720814,-14.907859],[-40.720835,-14.907907],[-40.720885,-14.907883],[-40.720892,-14.907872],[-40.72093,-14.907819],[-40.720996,-14.907791],[-40.721006,-14.907792],[-40.72106,-14.907814],[-40.721064,-14.907821],[-40.721091,-14.907864],[-40.721137,-14.907903],[-40.721136,-14.907918],[-40.721141,-14.907975],[-40.721142,-14.907978],[-40.721175,-14.908046],[-40.721173,-14.908057],[-40.72117,-14.90806],[-40.721131,-14.908145],[-40.721125,-14.908153],[-40.721092,-14.908249],[-40.721086,-14.908257],[-40.721077,-14.908266],[-40.720978,-14.908327],[-40.720967,-14.908326],[-40.720901,-14.908341],[-40.720844,-14.908357],[-40.720837,-14.908361],[-40.72083,-14.908362],[-40.720754,-14.908391],[-40.720727,-14.908435],[-40.720723,-14.908437],[-40.720653,-14.908487],[-40.720647,-14.908488],[-40.720644,-14.908493],[-40.720627,-14.908493],[-40.72055,-14.908531],[-40.720546,-14.90853],[-40.720537,-14.908532],[-40.72051,-14.908528],[-40.7205,-14.908525],[-40.720479,-14.908505],[-40.720475,-14.9085],[-40.720465,-14.908484],[-40.720443,-14.908441],[-40.720435,-14.908435],[-40.720427,-14.908431],[-40.72039,-14.908417],[-40.720381,-14.908425],[-40.720374,-14.908434],[-40.720367,-14.908443],[-40.720356,-14.908451],[-40.720341,-14.908497],[-40.720292,-14.90858],[-40.720288,-14.908579],[-40.720229,-14.908604],[-40.720227,-14.908606],[-40.720213,-14.908609],[-40.720201,-14.908609],[-40.720139,-14.908656],[-40.720097,-14.908683],[-40.720031,-14.90877],[-40.720007,-14.908842],[-40.720034,-14.908895],[-40.720057,-14.908936],[-40.720055,-14.908947],[-40.720052,-14.90895],[-40.720045,-14.908953],[-40.719984,-14.909017],[-40.719981,-14.909017],[-40.719906,-14.909084],[-40.719872,-14.909138],[-40.719897,-14.909179],[-40.719931,-14.909238],[-40.719933,-14.909241],[-40.719948,-14.90932],[-40.719944,-14.909327],[-40.719903,-14.909378],[-40.719903,-14.909381],[-40.719886,-14.909421],[-40.71988,-14.909428],[-40.719878,-14.909432],[-40.719874,-14.909433],[-40.71983,-14.90947],[-40.71981,-14.909496],[-40.719804,-14.909503],[-40.719788,-14.909514],[-40.71973,-14.909552],[-40.719727,-14.909555],[-40.719698,-14.909588],[-40.719691,-14.90959],[-40.719686,-14.909591],[-40.71968,-14.909591],[-40.719642,-14.909606],[-40.719634,-14.909608],[-40.719632,-14.909608],[-40.719614,-14.909622],[-40.719607,-14.909625],[-40.719597,-14.909627],[-40.719561,-14.909637],[-40.719537,-14.909654],[-40.719526,-14.909658],[-40.719474,-14.909689],[-40.719469,-14.90969],[-40.719445,-14.909725],[-40.71944,-14.909729],[-40.719432,-14.90973],[-40.719421,-14.909731],[-40.719394,-14.90973],[-40.719392,-14.909726],[-40.719383,-14.909712],[-40.719368,-14.909681],[-40.719367,-14.90968],[-40.719357,-14.909672],[-40.719348,-14.909664],[-40.719335,-14.909648],[-40.719331,-14.909646],[-40.719322,-14.909642],[-40.719314,-14.909637],[-40.719265,-14.909614],[-40.719263,-14.90961],[-40.719257,-14.909607],[-40.719224,-14.909587],[-40.719216,-14.909584],[-40.719203,-14.90958],[-40.719188,-14.909577],[-40.719181,-14.909576],[-40.719176,-14.909575],[-40.719167,-14.909573],[-40.719158,-14.90957],[-40.719133,-14.909559],[-40.719125,-14.909554],[-40.719118,-14.909551],[-40.71909,-14.909535],[-40.719082,-14.909533],[-40.719076,-14.909532],[-40.719062,-14.909527],[-40.719038,-14.909516],[-40.719034,-14.909516],[-40.71903,-14.909515],[-40.719018,-14.909512],[-40.719009,-14.909511],[-40.718959,-14.909504],[-40.718954,-14.909503],[-40.718918,-14.909498],[-40.718913,-14.909498],[-40.718902,-14.909496],[-40.718888,-14.909499],[-40.718881,-14.909502],[-40.718876,-14.909504],[-40.718864,-14.909508],[-40.718853,-14.909516],[-40.718813,-14.909631],[-40.718776,-14.909706],[-40.718773,-14.909709],[-40.718728,-14.909758],[-40.718725,-14.909765],[-40.718682,-14.909821],[-40.718678,-14.909829],[-40.718675,-14.909834],[-40.71867,-14.909838],[-40.71864,-14.90988],[-40.718637,-14.909888],[-40.718635,-14.909894],[-40.718609,-14.909993],[-40.718609,-14.909999],[-40.718634,-14.910056],[-40.718641,-14.910056],[-40.718648,-14.910057],[-40.71865,-14.910057],[-40.718658,-14.910054],[-40.718667,-14.910049],[-40.718755,-14.910027],[-40.718814,-14.91006],[-40.71882,-14.910061],[-40.71888,-14.910111],[-40.718883,-14.910118],[-40.718882,-14.910124],[-40.71888,-14.910164],[-40.718877,-14.910181],[-40.718869,-14.91019],[-40.718866,-14.91019],[-40.718861,-14.91019],[-40.718827,-14.910223],[-40.718827,-14.910225],[-40.718819,-14.91027],[-40.718816,-14.910272],[-40.718807,-14.910274],[-40.718781,-14.910297],[-40.718777,-14.910299],[-40.718774,-14.910301],[-40.718767,-14.910303],[-40.71876,-14.910305],[-40.71875,-14.910308],[-40.718724,-14.910317],[-40.718716,-14.910316],[-40.718705,-14.910312],[-40.718686,-14.91029],[-40.718684,-14.910283],[-40.71868,-14.910273],[-40.718677,-14.910267],[-40.718658,-14.910217],[-40.718655,-14.910217],[-40.718648,-14.910215],[-40.718642,-14.910212],[-40.718635,-14.910212],[-40.718612,-14.910207],[-40.718576,-14.91025],[-40.718572,-14.910254],[-40.718566,-14.910254],[-40.718547,-14.910273],[-40.718542,-14.910276],[-40.718538,-14.910293],[-40.718537,-14.9103],[-40.718531,-14.910304],[-40.718526,-14.910307],[-40.718508,-14.910323],[-40.718478,-14.910494],[-40.718879,-14.910587],[-40.718974,-14.910641],[-40.719126,-14.910717],[-40.719223,-14.910827],[-40.719226,-14.910838],[-40.719275,-14.911049],[-40.719268,-14.911063],[-40.719258,-14.911071],[-40.719155,-14.911213],[-40.719139,-14.91123],[-40.719084,-14.911341],[-40.719071,-14.911362],[-40.719066,-14.911366],[-40.719023,-14.911439],[-40.71901,-14.911465],[-40.718993,-14.911486],[-40.718968,-14.911505],[-40.718914,-14.911597],[-40.718892,-14.911625],[-40.718885,-14.911642],[-40.718813,-14.91172],[-40.718795,-14.911727],[-40.718745,-14.91172],[-40.718729,-14.91171],[-40.718719,-14.911695],[-40.718688,-14.911612],[-40.718691,-14.911586],[-40.718706,-14.911544],[-40.718752,-14.911432],[-40.718743,-14.91142],[-40.718734,-14.911407],[-40.718722,-14.911401],[-40.718557,-14.911357],[-40.718452,-14.911394],[-40.718434,-14.911397],[-40.718411,-14.911407],[-40.718362,-14.911455],[-40.718357,-14.911464],[-40.718343,-14.911475],[-40.718316,-14.91153],[-40.718306,-14.911538],[-40.718274,-14.911595],[-40.71827,-14.911595],[-40.718212,-14.911666],[-40.718198,-14.911681],[-40.718193,-14.911685],[-40.718132,-14.91175],[-40.718032,-14.911862],[-40.717892,-14.911952],[-40.717811,-14.911977],[-40.717787,-14.911979],[-40.717676,-14.912031],[-40.717647,-14.912044],[-40.717557,-14.912119],[-40.717553,-14.912123],[-40.71754,-14.912134],[-40.717466,-14.912213],[-40.717369,-14.912217],[-40.71731,-14.91221],[-40.71728,-14.912219],[-40.71726,-14.912229],[-40.717238,-14.91223],[-40.717166,-14.91225],[-40.717154,-14.912252],[-40.717129,-14.912253],[-40.716974,-14.912303],[-40.716883,-14.912368],[-40.716875,-14.912375],[-40.716773,-14.912456],[-40.716769,-14.91246],[-40.71669,-14.912554],[-40.71666,-14.91258],[-40.716646,-14.912582],[-40.716547,-14.912611],[-40.716481,-14.912603],[-40.716462,-14.912551],[-40.716462,-14.912548],[-40.716469,-14.91253],[-40.716484,-14.912505],[-40.716521,-14.912428],[-40.716522,-14.912417],[-40.716485,-14.912345],[-40.716467,-14.912339],[-40.716453,-14.912329],[-40.716382,-14.912268],[-40.716379,-14.912256],[-40.716354,-14.912204],[-40.71634,-14.912203],[-40.716246,-14.912174],[-40.716239,-14.912178],[-40.716217,-14.912179],[-40.716145,-14.912194],[-40.716123,-14.912195],[-40.716059,-14.912191],[-40.716044,-14.912185],[-40.716037,-14.912184],[-40.716,-14.912156],[-40.715979,-14.912145],[-40.715924,-14.912121],[-40.715913,-14.91212],[-40.715873,-14.912115],[-40.715779,-14.912192],[-40.715761,-14.912254],[-40.715713,-14.912345],[-40.715675,-14.91253],[-40.715669,-14.91265],[-40.715697,-14.912716],[-40.715696,-14.912723],[-40.715711,-14.912791],[-40.715717,-14.912833],[-40.715768,-14.912911],[-40.715806,-14.912983],[-40.715812,-14.912987],[-40.715864,-14.913081],[-40.715946,-14.913176],[-40.715907,-14.913245],[-40.715896,-14.91325],[-40.715875,-14.913248],[-40.715816,-14.913261],[-40.715807,-14.91326],[-40.715786,-14.913257],[-40.715722,-14.913266],[-40.715706,-14.913268],[-40.71569,-14.913272],[-40.715659,-14.913292],[-40.715655,-14.913295],[-40.715642,-14.913337],[-40.71564,-14.913344],[-40.715643,-14.913381],[-40.715591,-14.913437],[-40.715599,-14.913444],[-40.715624,-14.913471],[-40.715639,-14.913543],[-40.715577,-14.9136],[-40.7155,-14.913624],[-40.7155,-14.913707],[-40.715546,-14.913736],[-40.715605,-14.913758],[-40.715682,-14.91375],[-40.715722,-14.913824],[-40.715683,-14.913898],[-40.715685,-14.913931],[-40.715712,-14.91401],[-40.715698,-14.914095],[-40.71565,-14.914133],[-40.715644,-14.914132],[-40.715632,-14.914133],[-40.715607,-14.914166],[-40.715606,-14.914168],[-40.715605,-14.914247],[-40.715564,-14.914338],[-40.715564,-14.914344],[-40.715555,-14.914411],[-40.71555,-14.914416],[-40.715538,-14.91442],[-40.715511,-14.914444],[-40.715491,-14.914463],[-40.715453,-14.914534],[-40.715387,-14.914572],[-40.715378,-14.914579],[-40.715333,-14.914624],[-40.715333,-14.914626],[-40.715322,-14.914685],[-40.715328,-14.914693],[-40.715351,-14.914728],[-40.715344,-14.914773],[-40.715343,-14.914785],[-40.715342,-14.914792],[-40.715323,-14.914853],[-40.715353,-14.914898],[-40.715401,-14.914982],[-40.715453,-14.915042],[-40.715502,-14.915121],[-40.715508,-14.915132],[-40.715508,-14.915135],[-40.715509,-14.915194],[-40.715513,-14.915199],[-40.71554,-14.915319],[-40.71554,-14.915396],[-40.715542,-14.915399],[-40.715576,-14.915484],[-40.715543,-14.915562],[-40.715537,-14.915563],[-40.715472,-14.91558],[-40.715464,-14.915581],[-40.715405,-14.915587],[-40.715399,-14.915586],[-40.715387,-14.915578],[-40.715366,-14.915549],[-40.715368,-14.915535],[-40.715363,-14.915514],[-40.715363,-14.915483],[-40.715366,-14.915472],[-40.715376,-14.915427],[-40.715371,-14.915412],[-40.715364,-14.915397],[-40.71536,-14.915387],[-40.715339,-14.915359],[-40.71533,-14.915355],[-40.715288,-14.915347],[-40.715286,-14.915347],[-40.715277,-14.915348],[-40.715212,-14.915387],[-40.715206,-14.915394],[-40.715201,-14.915395],[-40.715167,-14.915451],[-40.715167,-14.915458],[-40.715184,-14.915523],[-40.715206,-14.915581],[-40.715182,-14.915624],[-40.715175,-14.915625],[-40.715167,-14.915624],[-40.715118,-14.915637],[-40.715111,-14.915645],[-40.715105,-14.915646],[-40.715085,-14.915694],[-40.715087,-14.915699],[-40.7151,-14.915727],[-40.715103,-14.915765],[-40.715105,-14.915769],[-40.715148,-14.915819],[-40.7152,-14.915857],[-40.7152,-14.91592],[-40.715192,-14.915927],[-40.715184,-14.91593],[-40.715178,-14.915933],[-40.715168,-14.915933],[-40.715144,-14.915913],[-40.715113,-14.915868],[-40.715105,-14.915867],[-40.715095,-14.915866],[-40.715036,-14.915888],[-40.715034,-14.915889],[-40.71497,-14.915949],[-40.714915,-14.916025],[-40.714918,-14.916031],[-40.714925,-14.916104],[-40.714927,-14.916104],[-40.714899,-14.916193],[-40.714896,-14.916195],[-40.714838,-14.916237],[-40.714826,-14.916238],[-40.714824,-14.916238],[-40.714805,-14.916238],[-40.714796,-14.916237],[-40.714785,-14.916233],[-40.71476,-14.916216],[-40.714755,-14.916202],[-40.714748,-14.916154],[-40.71475,-14.916143],[-40.714748,-14.916129],[-40.714749,-14.916124],[-40.714743,-14.916078],[-40.714731,-14.916065],[-40.714695,-14.916037],[-40.714681,-14.916033],[-40.714672,-14.916032],[-40.714653,-14.916029],[-40.714586,-14.916029],[-40.714573,-14.916036],[-40.714565,-14.916041],[-40.714547,-14.916047],[-40.714537,-14.916049],[-40.714501,-14.916087],[-40.714495,-14.916095],[-40.714492,-14.916103],[-40.714478,-14.916181],[-40.714477,-14.916186],[-40.714483,-14.916244],[-40.714484,-14.916252],[-40.714521,-14.916285],[-40.71453,-14.916287],[-40.714544,-14.916286],[-40.714574,-14.916282],[-40.714581,-14.916283],[-40.714618,-14.916295],[-40.714677,-14.916365],[-40.714679,-14.916368],[-40.714685,-14.916456],[-40.714683,-14.916471],[-40.714682,-14.916475],[-40.714656,-14.916519],[-40.714651,-14.916521],[-40.714595,-14.916565],[-40.71459,-14.916567],[-40.714581,-14.916568],[-40.714555,-14.916577],[-40.714544,-14.916578],[-40.714529,-14.916576],[-40.714499,-14.91657],[-40.714464,-14.91657],[-40.714456,-14.91661],[-40.714453,-14.916617],[-40.714473,-14.91664],[-40.714476,-14.91665],[-40.714387,-14.916715],[-40.714334,-14.91676],[-40.71433,-14.916762],[-40.714315,-14.91676],[-40.714275,-14.916759],[-40.714273,-14.916759],[-40.714256,-14.916759],[-40.714235,-14.916759],[-40.714227,-14.916758],[-40.714194,-14.916751],[-40.714184,-14.91675],[-40.714171,-14.916749],[-40.714155,-14.916762],[-40.71415,-14.916775],[-40.714146,-14.916831],[-40.714137,-14.916883],[-40.714008,-14.91703],[-40.713923,-14.917117],[-40.713918,-14.917119],[-40.713844,-14.917133],[-40.713836,-14.917135],[-40.713825,-14.917137],[-40.713812,-14.917138],[-40.713736,-14.917202],[-40.713734,-14.917204],[-40.713671,-14.917225],[-40.713661,-14.917227],[-40.713646,-14.917225],[-40.713625,-14.917222],[-40.713493,-14.917251],[-40.71348,-14.917258],[-40.71344,-14.917317],[-40.713444,-14.917329],[-40.713521,-14.917383],[-40.713521,-14.917385],[-40.713533,-14.917452],[-40.713523,-14.917509],[-40.713523,-14.917517],[-40.71354,-14.91754],[-40.713562,-14.917574],[-40.713562,-14.917577],[-40.713586,-14.91766],[-40.713648,-14.91774],[-40.713712,-14.917834],[-40.713707,-14.917836],[-40.713636,-14.917893],[-40.71364,-14.9179],[-40.71368,-14.917958],[-40.713682,-14.917964],[-40.713682,-14.918034],[-40.713674,-14.918035],[-40.713663,-14.918067],[-40.713663,-14.918086],[-40.713639,-14.918139],[-40.713631,-14.918146],[-40.713624,-14.918156],[-40.713619,-14.918155],[-40.713633,-14.918246],[-40.713636,-14.918249],[-40.713672,-14.918267],[-40.713693,-14.91828],[-40.713696,-14.91828],[-40.713721,-14.918324],[-40.713732,-14.918338],[-40.713742,-14.918344],[-40.71383,-14.918366],[-40.713879,-14.918389],[-40.713899,-14.918474],[-40.713906,-14.918475],[-40.713914,-14.918476],[-40.714038,-14.918492],[-40.714127,-14.918461],[-40.714137,-14.918462],[-40.714148,-14.918464],[-40.714213,-14.918486],[-40.714243,-14.918579],[-40.714237,-14.918584],[-40.714209,-14.918651],[-40.714205,-14.918661],[-40.714197,-14.918668],[-40.714186,-14.91868],[-40.714126,-14.918752],[-40.71412,-14.918762],[-40.714041,-14.918847],[-40.714029,-14.918848],[-40.714014,-14.918848],[-40.713943,-14.918872],[-40.713935,-14.918876],[-40.71393,-14.918878],[-40.713912,-14.918906],[-40.713905,-14.918912],[-40.7139,-14.918911],[-40.713883,-14.918919],[-40.713871,-14.91892],[-40.713835,-14.91894],[-40.713832,-14.918949],[-40.713822,-14.918958],[-40.713813,-14.918962],[-40.713803,-14.91896],[-40.71378,-14.91896],[-40.713765,-14.91896],[-40.713718,-14.918954],[-40.713711,-14.918949],[-40.713683,-14.918926],[-40.713676,-14.918922],[-40.713655,-14.918915],[-40.713646,-14.918909],[-40.713629,-14.918904],[-40.713586,-14.918884],[-40.713582,-14.918883],[-40.713565,-14.918884],[-40.713509,-14.918952],[-40.713505,-14.918961],[-40.7135,-14.918965],[-40.713513,-14.919031],[-40.713517,-14.919041],[-40.713541,-14.919107],[-40.713541,-14.919114],[-40.713533,-14.919163],[-40.713528,-14.919173],[-40.713522,-14.919193],[-40.713513,-14.91926],[-40.713543,-14.919248],[-40.713548,-14.919248],[-40.713554,-14.919249],[-40.713561,-14.91925],[-40.713621,-14.919261],[-40.713628,-14.919259],[-40.713674,-14.919237],[-40.713677,-14.919232],[-40.71368,-14.919221],[-40.713684,-14.91921],[-40.713688,-14.919201],[-40.713714,-14.919138],[-40.713718,-14.919127],[-40.713722,-14.919117],[-40.713726,-14.919108],[-40.713756,-14.919073],[-40.713758,-14.919071],[-40.713767,-14.919062],[-40.713774,-14.919057],[-40.71381,-14.919042],[-40.713817,-14.919039],[-40.713855,-14.91904],[-40.713859,-14.91905],[-40.713862,-14.919052],[-40.71388,-14.919081],[-40.713883,-14.919087],[-40.7139,-14.919103],[-40.713909,-14.919104],[-40.713912,-14.919104],[-40.713935,-14.919127],[-40.713932,-14.919188],[-40.713932,-14.919198],[-40.713935,-14.919204],[-40.71394,-14.919206],[-40.713943,-14.919207],[-40.713997,-14.91925],[-40.714023,-14.919309],[-40.714028,-14.919313],[-40.714032,-14.919352],[-40.714033,-14.919357],[-40.714036,-14.919359],[-40.714061,-14.919397],[-40.71409,-14.91949],[-40.714096,-14.919503],[-40.714115,-14.919514],[-40.714157,-14.919558],[-40.71416,-14.919559],[-40.71421,-14.919563],[-40.714212,-14.919563],[-40.714256,-14.919567],[-40.71426,-14.91957],[-40.714297,-14.919571],[-40.714303,-14.919573],[-40.714306,-14.919574],[-40.714311,-14.919574],[-40.714333,-14.919575],[-40.71438,-14.919635],[-40.714382,-14.919641],[-40.714382,-14.919644],[-40.714384,-14.919653],[-40.714401,-14.919743],[-40.714403,-14.91975],[-40.714454,-14.919783],[-40.714457,-14.919784],[-40.714462,-14.919784],[-40.714533,-14.919795],[-40.714535,-14.919797],[-40.714578,-14.919824],[-40.714584,-14.919828],[-40.71459,-14.919829],[-40.714639,-14.919825],[-40.714644,-14.919819],[-40.714681,-14.919797],[-40.71469,-14.919786],[-40.714731,-14.919751],[-40.714736,-14.919746],[-40.714782,-14.919721],[-40.714812,-14.919716],[-40.714883,-14.919742],[-40.71493,-14.919778],[-40.714942,-14.919817],[-40.714942,-14.919849],[-40.714942,-14.919854],[-40.714941,-14.919914],[-40.714935,-14.919989],[-40.714938,-14.920054],[-40.714939,-14.920059],[-40.714959,-14.920117],[-40.714961,-14.92012],[-40.714976,-14.920181],[-40.715002,-14.920242],[-40.715008,-14.920245],[-40.715041,-14.920304],[-40.71504,-14.920311],[-40.715055,-14.920393],[-40.715055,-14.920399],[-40.715023,-14.920464],[-40.715016,-14.920476],[-40.715017,-14.920485],[-40.715021,-14.920499],[-40.715024,-14.920515],[-40.715027,-14.920524],[-40.715028,-14.920547],[-40.715031,-14.920558],[-40.715033,-14.92056],[-40.715072,-14.920613],[-40.71508,-14.92069],[-40.715105,-14.920723],[-40.715192,-14.920881],[-40.715227,-14.920939],[-40.71523,-14.920948],[-40.715237,-14.920957],[-40.71524,-14.920962],[-40.715299,-14.921015],[-40.715326,-14.921045],[-40.715358,-14.921084],[-40.715403,-14.921112],[-40.715417,-14.921152],[-40.71542,-14.921161],[-40.715458,-14.921187],[-40.715467,-14.921189],[-40.715493,-14.921194],[-40.715541,-14.921237],[-40.715606,-14.921244],[-40.715606,-14.921246],[-40.715584,-14.921278],[-40.71558,-14.921281],[-40.715578,-14.921304],[-40.715591,-14.921351],[-40.715592,-14.921355],[-40.715607,-14.921402],[-40.715608,-14.921415],[-40.715609,-14.92142],[-40.715704,-14.921414],[-40.715712,-14.921421],[-40.715717,-14.921425],[-40.715733,-14.921464],[-40.715735,-14.921473],[-40.715758,-14.92149],[-40.715766,-14.921495],[-40.715768,-14.921495],[-40.715786,-14.921503],[-40.715795,-14.921502],[-40.715887,-14.921516],[-40.716022,-14.921576],[-40.716078,-14.921656],[-40.716125,-14.921655],[-40.716129,-14.921656],[-40.716181,-14.921686],[-40.716191,-14.921685],[-40.716253,-14.921656],[-40.716257,-14.921652],[-40.716292,-14.921615],[-40.716296,-14.921613],[-40.71634,-14.921616],[-40.716342,-14.921617],[-40.716375,-14.921654],[-40.716379,-14.921657],[-40.71643,-14.92169],[-40.716432,-14.92169],[-40.716477,-14.921715],[-40.716481,-14.921722],[-40.716524,-14.92176],[-40.716534,-14.921763],[-40.71654,-14.921764],[-40.716604,-14.921768],[-40.71661,-14.921769],[-40.716668,-14.921825],[-40.716776,-14.921856],[-40.716816,-14.921915],[-40.716817,-14.921925],[-40.716811,-14.92197],[-40.716804,-14.921975],[-40.716796,-14.921978],[-40.716792,-14.922011],[-40.716798,-14.922044],[-40.716801,-14.922056],[-40.716738,-14.922221],[-40.716816,-14.922306],[-40.716818,-14.922315],[-40.716821,-14.922322],[-40.71683,-14.922376],[-40.716818,-14.922407],[-40.716808,-14.922459],[-40.716809,-14.922467],[-40.716811,-14.922475],[-40.716814,-14.922485],[-40.716814,-14.922493],[-40.716801,-14.922559],[-40.716798,-14.922566],[-40.716788,-14.922605],[-40.716786,-14.922606],[-40.716767,-14.922611],[-40.716757,-14.922672],[-40.716685,-14.92268],[-40.716675,-14.922687],[-40.716675,-14.922689],[-40.716666,-14.92269],[-40.716591,-14.92273],[-40.716583,-14.922736],[-40.716574,-14.922742],[-40.716563,-14.922746],[-40.716528,-14.922801],[-40.716526,-14.92281],[-40.71654,-14.922861],[-40.716546,-14.922871],[-40.716546,-14.922874],[-40.716543,-14.922908],[-40.716545,-14.922979],[-40.716544,-14.922981],[-40.716557,-14.92302],[-40.716554,-14.923073],[-40.716551,-14.923085],[-40.716548,-14.923092],[-40.716538,-14.92309],[-40.716491,-14.923132],[-40.716488,-14.923138],[-40.716483,-14.923146],[-40.716475,-14.923157],[-40.716472,-14.92317],[-40.716467,-14.923177],[-40.716461,-14.923235],[-40.716462,-14.92325],[-40.716464,-14.923258],[-40.716463,-14.923268],[-40.716433,-14.923337],[-40.716436,-14.923341],[-40.71644,-14.923383],[-40.716439,-14.92343],[-40.716434,-14.923437],[-40.716432,-14.923439],[-40.716405,-14.923495],[-40.716379,-14.923593],[-40.716372,-14.923702],[-40.716371,-14.923706],[-40.716358,-14.923766],[-40.716353,-14.923777],[-40.716325,-14.923813],[-40.716321,-14.923815],[-40.716275,-14.923869],[-40.71624,-14.923934],[-40.716238,-14.923945],[-40.716237,-14.923956],[-40.716276,-14.924048],[-40.716281,-14.924055],[-40.716293,-14.924067],[-40.7163,-14.924076],[-40.716302,-14.924085],[-40.71632,-14.92415],[-40.716347,-14.924405],[-40.716295,-14.924514],[-40.71622,-14.924568],[-40.716198,-14.924608],[-40.716196,-14.924621],[-40.716196,-14.924633],[-40.716145,-14.924783],[-40.716143,-14.924788],[-40.716137,-14.924795],[-40.716135,-14.924904],[-40.716143,-14.924906],[-40.716201,-14.924901],[-40.716208,-14.924902],[-40.716264,-14.924958],[-40.716266,-14.924968],[-40.716268,-14.924973],[-40.716332,-14.925025],[-40.716338,-14.925032],[-40.716406,-14.9251],[-40.71641,-14.925105],[-40.716452,-14.925148],[-40.716462,-14.925156],[-40.716462,-14.925158],[-40.716562,-14.925251],[-40.716568,-14.925256],[-40.71668,-14.925272],[-40.716708,-14.925265],[-40.716714,-14.925262],[-40.716736,-14.925256],[-40.716826,-14.925295],[-40.716838,-14.925297],[-40.716848,-14.925298],[-40.716848,-14.925289],[-40.716853,-14.925279],[-40.716893,-14.925236],[-40.716899,-14.925233],[-40.716966,-14.925239],[-40.71697,-14.92524],[-40.717025,-14.925249],[-40.717038,-14.925242],[-40.717095,-14.925227],[-40.717103,-14.925228],[-40.717131,-14.925273],[-40.717134,-14.925276],[-40.717143,-14.925283],[-40.717148,-14.925282],[-40.717191,-14.925246],[-40.717197,-14.925242],[-40.717206,-14.925241],[-40.717286,-14.925238],[-40.717292,-14.925241],[-40.717363,-14.925285],[-40.717372,-14.925288],[-40.71738,-14.925291],[-40.717391,-14.925293],[-40.717435,-14.925329],[-40.717435,-14.925336],[-40.717467,-14.925368],[-40.717473,-14.925368],[-40.717482,-14.92537],[-40.717555,-14.925375],[-40.717562,-14.925378],[-40.717608,-14.925379],[-40.717727,-14.925359],[-40.717755,-14.925359],[-40.717759,-14.925359],[-40.717818,-14.925373],[-40.717821,-14.925376],[-40.717857,-14.925402],[-40.717861,-14.925409],[-40.71787,-14.925412],[-40.717901,-14.925471],[-40.717981,-14.925557],[-40.71798,-14.925563],[-40.717976,-14.92557],[-40.717984,-14.925611],[-40.717991,-14.925614],[-40.718001,-14.925618],[-40.718034,-14.925635],[-40.718032,-14.925644],[-40.718029,-14.92565],[-40.718026,-14.925656],[-40.718023,-14.925697],[-40.718026,-14.925709],[-40.718035,-14.925716],[-40.718048,-14.92572],[-40.718079,-14.925726],[-40.7181,-14.925782],[-40.717467,-14.926202],[-40.717359,-14.926976],[-40.717284,-14.927276],[-40.717238,-14.92734],[-40.717136,-14.927514],[-40.717108,-14.927545],[-40.71689,-14.927826],[-40.716847,-14.927877],[-40.716791,-14.927893],[-40.716602,-14.927992],[-40.716548,-14.927997],[-40.716503,-14.928013],[-40.716418,-14.928014],[-40.716375,-14.928019],[-40.716107,-14.928107],[-40.716097,-14.928106],[-40.716011,-14.928117],[-40.715653,-14.928323],[-40.715612,-14.928383],[-40.715597,-14.928414],[-40.715593,-14.928435],[-40.71547,-14.928875],[-40.715467,-14.928895],[-40.7154,-14.929063],[-40.715357,-14.929078],[-40.715336,-14.929085],[-40.715273,-14.929098],[-40.715084,-14.929217],[-40.715073,-14.929226],[-40.714673,-14.929516],[-40.714603,-14.929675],[-40.714588,-14.929712],[-40.714587,-14.929721],[-40.714641,-14.929893],[-40.714727,-14.930048],[-40.714719,-14.930104],[-40.714692,-14.930158],[-40.71466,-14.930182],[-40.714638,-14.930198],[-40.714484,-14.930338],[-40.714624,-14.93082],[-40.714654,-14.930862],[-40.714935,-14.931103],[-40.714967,-14.93112],[-40.714998,-14.931149],[-40.715041,-14.931167],[-40.71532,-14.931379],[-40.715339,-14.931407],[-40.715319,-14.931603],[-40.715284,-14.931624],[-40.715114,-14.931787],[-40.71507,-14.931793],[-40.715036,-14.931814],[-40.714877,-14.931879],[-40.714854,-14.9319],[-40.714787,-14.931916],[-40.714625,-14.932052],[-40.714601,-14.932073],[-40.714538,-14.932196],[-40.714523,-14.932253],[-40.714497,-14.932308],[-40.714458,-14.932537],[-40.714445,-14.932708],[-40.714422,-14.932728],[-40.7144,-14.932885],[-40.714356,-14.932913],[-40.714276,-14.933005],[-40.714243,-14.933023],[-40.714222,-14.933031],[-40.714058,-14.933155],[-40.714016,-14.933161],[-40.713952,-14.933186],[-40.713942,-14.933185],[-40.713838,-14.933205],[-40.713776,-14.933197],[-40.713581,-14.933195],[-40.713294,-14.933158],[-40.713242,-14.933174],[-40.71316,-14.933174],[-40.713119,-14.93318],[-40.713016,-14.9332],[-40.71276,-14.933211],[-40.712738,-14.933252],[-40.712728,-14.933284],[-40.712726,-14.933349],[-40.712746,-14.933383],[-40.712775,-14.933441],[-40.712538,-14.93372],[-40.712426,-14.933811],[-40.712316,-14.934138],[-40.712296,-14.934605],[-40.712296,-14.934629],[-40.712258,-14.934889],[-40.712237,-14.934922],[-40.712083,-14.935245],[-40.712062,-14.935266],[-40.711965,-14.935462],[-40.711913,-14.935489],[-40.71186,-14.935506],[-40.711725,-14.935705],[-40.711725,-14.935727],[-40.711765,-14.935912],[-40.711786,-14.93597],[-40.711806,-14.935995],[-40.711948,-14.936189],[-40.711968,-14.936224],[-40.711998,-14.936272],[-40.711998,-14.936283],[-40.712077,-14.936455],[-40.712196,-14.93662],[-40.712325,-14.936722],[-40.712485,-14.936742],[-40.712802,-14.936833],[-40.71312,-14.937131],[-40.713141,-14.937159],[-40.713161,-14.937187],[-40.71331,-14.93762],[-40.713318,-14.937671],[-40.713201,-14.937974],[-40.713166,-14.938018],[-40.713133,-14.938026],[-40.712837,-14.938133],[-40.712803,-14.938152],[-40.712771,-14.938148],[-40.712685,-14.938173],[-40.712424,-14.938563],[-40.712236,-14.938838],[-40.712203,-14.938891],[-40.712202,-14.938925],[-40.712205,-14.939469],[-40.71227,-14.939672],[-40.712573,-14.939946],[-40.712591,-14.93999],[-40.712753,-14.940376],[-40.712761,-14.940398],[-40.712858,-14.940451],[-40.712888,-14.940455],[-40.712927,-14.94046],[-40.712977,-14.940466],[-40.713154,-14.940489],[-40.713194,-14.940494],[-40.713214,-14.940497],[-40.713492,-14.940501],[-40.713542,-14.940507],[-40.713601,-14.940515],[-40.713742,-14.940502],[-40.713762,-14.940504],[-40.713804,-14.940479],[-40.713898,-14.940439],[-40.713939,-14.940434],[-40.714097,-14.94036],[-40.714118,-14.940352],[-40.714172,-14.940317],[-40.714215,-14.940291],[-40.714248,-14.940264],[-40.714377,-14.940196],[-40.714408,-14.940189],[-40.714474,-14.940144],[-40.714612,-14.940098],[-40.714652,-14.940103],[-40.714683,-14.940107],[-40.715041,-14.940269],[-40.715281,-14.940374],[-40.715316,-14.940346],[-40.715339,-14.940328],[-40.715563,-14.940122],[-40.715738,-14.939993],[-40.715921,-14.939885],[-40.715941,-14.939888],[-40.716273,-14.940017],[-40.716411,-14.94024],[-40.716453,-14.940235],[-40.716704,-14.940223],[-40.716736,-14.940217],[-40.716771,-14.940199],[-40.716848,-14.940177],[-40.716895,-14.94015],[-40.716962,-14.940126],[-40.717274,-14.940078],[-40.717328,-14.940074],[-40.717507,-14.940119],[-40.717515,-14.940131],[-40.717523,-14.940143],[-40.717659,-14.940544],[-40.717668,-14.940574],[-40.717649,-14.941148],[-40.717624,-14.941173],[-40.71734,-14.941506],[-40.717329,-14.941504],[-40.717282,-14.941512],[-40.717102,-14.941476],[-40.717068,-14.941471],[-40.717033,-14.941481],[-40.716736,-14.941817],[-40.716721,-14.941868],[-40.716721,-14.941881],[-40.716707,-14.942088],[-40.716652,-14.942402],[-40.716617,-14.942423],[-40.716351,-14.942816],[-40.71637,-14.942868],[-40.716441,-14.942951],[-40.716435,-14.943218],[-40.71641,-14.943275],[-40.716399,-14.943285],[-40.716356,-14.94328],[-40.716224,-14.943525],[-40.716192,-14.943533],[-40.716159,-14.943553],[-40.716099,-14.943674],[-40.716077,-14.943903],[-40.716205,-14.94425],[-40.716204,-14.944261],[-40.716217,-14.944409],[-40.716237,-14.944422],[-40.716354,-14.944537],[-40.716384,-14.944552],[-40.716446,-14.94456],[-40.716588,-14.944896],[-40.716627,-14.944911],[-40.716666,-14.944938],[-40.716706,-14.944954],[-40.716726,-14.944956],[-40.71694,-14.945091],[-40.717291,-14.945275],[-40.717319,-14.945299],[-40.717374,-14.945359],[-40.717383,-14.945371],[-40.717426,-14.94545],[-40.717497,-14.945543],[-40.717532,-14.9456],[-40.717541,-14.945611],[-40.717609,-14.945724],[-40.717635,-14.945861],[-40.717718,-14.946014],[-40.717763,-14.94605],[-40.717773,-14.946052],[-40.717891,-14.946067],[-40.71833,-14.945918],[-40.718545,-14.94617],[-40.718886,-14.946101],[-40.718921,-14.946136],[-40.71912,-14.946394],[-40.71912,-14.946454],[-40.719226,-14.946645],[-40.719249,-14.946688],[-40.719255,-14.946708],[-40.71949,-14.946942],[-40.719507,-14.946954],[-40.719669,-14.947032],[-40.719719,-14.947077],[-40.719825,-14.947342],[-40.719752,-14.947675],[-40.71974,-14.947687],[-40.719523,-14.947954],[-40.7195,-14.948004],[-40.719478,-14.948015],[-40.71931,-14.948373],[-40.719287,-14.948383],[-40.719123,-14.948606],[-40.719112,-14.948643],[-40.719048,-14.948912],[-40.719038,-14.94896],[-40.719051,-14.949307],[-40.719051,-14.949331],[-40.719054,-14.949704],[-40.719076,-14.949742],[-40.719246,-14.950034],[-40.719382,-14.950179],[-40.719673,-14.950433],[-40.719741,-14.950746],[-40.719851,-14.950949],[-40.720218,-14.95105],[-40.720591,-14.951207],[-40.721118,-14.95148],[-40.721157,-14.951506],[-40.721226,-14.951547],[-40.721436,-14.951734],[-40.721473,-14.951781],[-40.721562,-14.952065],[-40.721581,-14.952088],[-40.721723,-14.952188],[-40.721851,-14.952205],[-40.721994,-14.952285],[-40.72203,-14.95233],[-40.722095,-14.952379],[-40.722105,-14.952381],[-40.722325,-14.95247],[-40.722523,-14.952657],[-40.722529,-14.952697],[-40.722505,-14.952992],[-40.722435,-14.953438],[-40.722218,-14.953776],[-40.721883,-14.954077],[-40.721654,-14.954457],[-40.721652,-14.954471],[-40.721644,-14.954799],[-40.721638,-14.954855],[-40.721425,-14.955246],[-40.721377,-14.955268],[-40.721331,-14.955262],[-40.721272,-14.955282],[-40.721106,-14.955329],[-40.721061,-14.955324],[-40.721018,-14.955277],[-40.720946,-14.955172],[-40.720907,-14.955084],[-40.720889,-14.955013],[-40.720841,-14.954881],[-40.72082,-14.95485],[-40.720777,-14.954803],[-40.720702,-14.954709],[-40.720449,-14.954649],[-40.72044,-14.954656],[-40.720431,-14.954663],[-40.719702,-14.955234],[-40.719666,-14.95527],[-40.71963,-14.955307],[-40.719594,-14.955343],[-40.719404,-14.9556],[-40.719392,-14.955952],[-40.719413,-14.955994],[-40.719516,-14.9562],[-40.719659,-14.956485],[-40.719702,-14.956628],[-40.719745,-14.956771],[-40.719755,-14.956796],[-40.719501,-14.957179],[-40.719329,-14.957479],[-40.719293,-14.957928],[-40.719251,-14.957946],[-40.719209,-14.957963],[-40.718745,-14.958255],[-40.718745,-14.958266],[-40.71867,-14.958445],[-40.718598,-14.958469],[-40.718598,-14.958513],[-40.718628,-14.958571],[-40.718658,-14.958608],[-40.718668,-14.958631],[-40.718768,-14.95873],[-40.718797,-14.959062],[-40.718821,-14.959094],[-40.719023,-14.959312],[-40.71907,-14.959623],[-40.719198,-14.959769],[-40.71922,-14.960056],[-40.719289,-14.960121],[-40.719356,-14.960311],[-40.719356,-14.960325],[-40.719286,-14.960577],[-40.719263,-14.960602],[-40.7189,-14.960827],[-40.718866,-14.960822],[-40.718562,-14.960891],[-40.718529,-14.960914],[-40.718509,-14.96107],[-40.718634,-14.961244],[-40.718668,-14.961287],[-40.718847,-14.961478],[-40.71898,-14.961764],[-40.718991,-14.961778],[-40.719221,-14.961933],[-40.719232,-14.961947],[-40.719448,-14.962124],[-40.71947,-14.962127],[-40.719503,-14.962131],[-40.719855,-14.962423],[-40.719825,-14.962771],[-40.719803,-14.96278],[-40.719775,-14.963085],[-40.71982,-14.963382],[-40.719969,-14.963653],[-40.720181,-14.964116],[-40.720201,-14.96414],[-40.72048,-14.964318],[-40.720756,-14.964342],[-40.721043,-14.964346],[-40.721393,-14.964346],[-40.72182,-14.964312],[-40.722184,-14.964402],[-40.722494,-14.964507],[-40.722517,-14.96475],[-40.722261,-14.965171],[-40.722258,-14.965195],[-40.72199,-14.965544],[-40.721967,-14.965548],[-40.721808,-14.965575],[-40.721792,-14.965581],[-40.721732,-14.965589],[-40.721694,-14.9656],[-40.721518,-14.96567],[-40.721481,-14.965673],[-40.721457,-14.965693],[-40.721286,-14.965725],[-40.721278,-14.965731],[-40.721241,-14.965734],[-40.721212,-14.96573],[-40.721042,-14.96577],[-40.720983,-14.965785],[-40.720932,-14.965786],[-40.720639,-14.965854],[-40.720617,-14.965858],[-40.720595,-14.965863],[-40.720566,-14.965867],[-40.720483,-14.965974],[-40.720503,-14.965999],[-40.720604,-14.966136],[-40.720707,-14.966372],[-40.720841,-14.966626],[-40.720853,-14.966635],[-40.720945,-14.966729],[-40.72097,-14.966755],[-40.721097,-14.966852],[-40.721128,-14.966856],[-40.721272,-14.966882],[-40.72129,-14.966884],[-40.721429,-14.966894],[-40.721459,-14.966905],[-40.721496,-14.96691],[-40.721593,-14.9669],[-40.721754,-14.966816],[-40.721778,-14.966812],[-40.721885,-14.966757],[-40.72191,-14.966738],[-40.722164,-14.966709],[-40.72217,-14.96671],[-40.722176,-14.966711],[-40.72223,-14.966943],[-40.722,-14.967149],[-40.722084,-14.96726],[-40.722108,-14.96727],[-40.722193,-14.967338],[-40.722205,-14.967347],[-40.722386,-14.967482],[-40.722423,-14.967543],[-40.722614,-14.967739],[-40.722843,-14.967856],[-40.722923,-14.968034],[-40.72292,-14.968066],[-40.722939,-14.968102],[-40.722953,-14.96813],[-40.723012,-14.968376],[-40.72301,-14.968389],[-40.722932,-14.968629],[-40.722946,-14.968649],[-40.722962,-14.968664],[-40.722982,-14.968679],[-40.723155,-14.968858],[-40.723158,-14.968877],[-40.72312,-14.969044],[-40.723115,-14.969044],[-40.722962,-14.969267],[-40.722956,-14.969278],[-40.722929,-14.96928],[-40.722918,-14.969279],[-40.722791,-14.969308],[-40.722779,-14.969318],[-40.722762,-14.969327],[-40.722724,-14.969334],[-40.722642,-14.969413],[-40.722531,-14.969601],[-40.722356,-14.969766],[-40.722331,-14.96979],[-40.722319,-14.969789],[-40.722298,-14.969854],[-40.722314,-14.969883],[-40.722416,-14.970037],[-40.72242,-14.970064],[-40.722425,-14.970078],[-40.722429,-14.970183],[-40.72241,-14.970214],[-40.722398,-14.970238],[-40.722385,-14.970359],[-40.722394,-14.970385],[-40.722396,-14.970455],[-40.722371,-14.97059],[-40.722401,-14.970669],[-40.722455,-14.970872],[-40.722489,-14.970918],[-40.722564,-14.970955],[-40.722645,-14.970978],[-40.722741,-14.971052],[-40.722747,-14.97106],[-40.722825,-14.971364],[-40.722823,-14.971409],[-40.722822,-14.971422],[-40.722672,-14.971873],[-40.722666,-14.97189],[-40.722639,-14.972003],[-40.722573,-14.972157],[-40.722572,-14.972186],[-40.722567,-14.972197],[-40.722552,-14.972313],[-40.72255,-14.972348],[-40.72255,-14.972365],[-40.722588,-14.97249],[-40.722589,-14.972621],[-40.722686,-14.972853],[-40.722697,-14.972867],[-40.722866,-14.973107],[-40.722877,-14.973121],[-40.722888,-14.973142],[-40.72303,-14.973365],[-40.723029,-14.973384],[-40.723022,-14.973402],[-40.723004,-14.973544],[-40.722992,-14.973555],[-40.72298,-14.973572],[-40.722913,-14.973686],[-40.722902,-14.973703],[-40.722884,-14.973731],[-40.722834,-14.973863],[-40.722827,-14.973903],[-40.722826,-14.973921],[-40.722887,-14.974011],[-40.722992,-14.974175],[-40.722997,-14.974192],[-40.723002,-14.97429],[-40.723011,-14.974319],[-40.723025,-14.97436],[-40.723045,-14.97438],[-40.723055,-14.974392],[-40.72309,-14.974419],[-40.72312,-14.974439],[-40.723144,-14.974481],[-40.723151,-14.974543],[-40.723164,-14.974583],[-40.723182,-14.974623],[-40.723237,-14.974662],[-40.723383,-14.974729],[-40.723397,-14.974747],[-40.723417,-14.974761],[-40.72352,-14.974822],[-40.723556,-14.974832],[-40.723591,-14.974841],[-40.723616,-14.974855],[-40.723689,-14.974896],[-40.723695,-14.974897],[-40.723761,-14.974976],[-40.72379,-14.974986],[-40.724024,-14.975064],[-40.724036,-14.975093],[-40.724037,-14.975099],[-40.724102,-14.975196],[-40.724119,-14.975225],[-40.724154,-14.975256],[-40.724166,-14.975258],[-40.724281,-14.975286],[-40.724333,-14.975359],[-40.724389,-14.975498],[-40.724406,-14.975546],[-40.724435,-14.975582],[-40.72444,-14.975589],[-40.724479,-14.975652],[-40.724485,-14.975678],[-40.72455,-14.975839],[-40.724567,-14.97586],[-40.724715,-14.975991],[-40.724785,-14.976043],[-40.724802,-14.976058],[-40.724829,-14.976074],[-40.724861,-14.976102],[-40.725142,-14.976275],[-40.725159,-14.976305],[-40.725188,-14.976315],[-40.72539,-14.976509],[-40.725401,-14.976523],[-40.725413,-14.976538],[-40.725543,-14.976686],[-40.725548,-14.976706],[-40.725619,-14.976858],[-40.725786,-14.977156],[-40.725835,-14.977346],[-40.725846,-14.977372],[-40.725861,-14.97741],[-40.725876,-14.977436],[-40.725974,-14.977579],[-40.725984,-14.977598],[-40.726135,-14.977722],[-40.726152,-14.977719],[-40.726299,-14.977702],[-40.726332,-14.977683],[-40.72636,-14.977675],[-40.726472,-14.97763],[-40.72649,-14.977609],[-40.726556,-14.977534],[-40.726569,-14.977505],[-40.726595,-14.97746],[-40.726645,-14.977382],[-40.72667,-14.977354],[-40.726694,-14.977332],[-40.726717,-14.977329],[-40.726809,-14.977298],[-40.726982,-14.977245],[-40.727003,-14.977266],[-40.727014,-14.977268],[-40.727118,-14.977343],[-40.727128,-14.977356],[-40.727144,-14.977365],[-40.727228,-14.977455],[-40.727238,-14.977469],[-40.727301,-14.977543],[-40.727476,-14.977686],[-40.727578,-14.977829],[-40.72758,-14.977847],[-40.727597,-14.977849],[-40.727808,-14.978072],[-40.727935,-14.978369],[-40.727939,-14.978391],[-40.72806,-14.978699],[-40.728063,-14.97872],[-40.728066,-14.978747],[-40.728106,-14.979139],[-40.72809,-14.97917],[-40.727965,-14.979497],[-40.727953,-14.979508],[-40.727769,-14.97967],[-40.727758,-14.979674],[-40.727566,-14.9798],[-40.72756,-14.9798],[-40.727531,-14.979814],[-40.72729,-14.979866],[-40.726996,-14.97994],[-40.726969,-14.979943],[-40.726931,-14.979938],[-40.726904,-14.979934],[-40.726748,-14.979926],[-40.726732,-14.97993],[-40.726705,-14.979927],[-40.726673,-14.979928],[-40.726651,-14.979926],[-40.726528,-14.979927],[-40.726511,-14.979931],[-40.726463,-14.979931],[-40.726425,-14.979932],[-40.726307,-14.979945],[-40.72628,-14.979953],[-40.726232,-14.979959],[-40.726173,-14.979963],[-40.726077,-14.979962],[-40.725833,-14.980033],[-40.725822,-14.980037],[-40.725796,-14.98004],[-40.725765,-14.980041],[-40.725623,-14.980118],[-40.725613,-14.980134],[-40.725598,-14.98017],[-40.725588,-14.980202],[-40.725573,-14.980228],[-40.725573,-14.980239],[-40.725652,-14.980384],[-40.72573,-14.980537],[-40.725781,-14.980679],[-40.725881,-14.980983],[-40.726026,-14.981299],[-40.72617,-14.981425],[-40.726181,-14.981433],[-40.726299,-14.98146],[-40.726327,-14.981476],[-40.726616,-14.981575],[-40.726627,-14.981576],[-40.726849,-14.981617],[-40.727016,-14.981532],[-40.727129,-14.981464],[-40.727141,-14.981459],[-40.727169,-14.981463],[-40.727294,-14.981415],[-40.727299,-14.981419],[-40.727305,-14.981422],[-40.727419,-14.981551],[-40.727434,-14.981578],[-40.727456,-14.981606],[-40.72758,-14.981703],[-40.727607,-14.981713],[-40.727722,-14.981758],[-40.727755,-14.981768],[-40.727782,-14.981772],[-40.727804,-14.981775],[-40.72786,-14.981782],[-40.728004,-14.981794],[-40.728106,-14.981905],[-40.728251,-14.981966],[-40.728272,-14.981975],[-40.728294,-14.981977],[-40.728316,-14.98198],[-40.728338,-14.981983],[-40.728367,-14.981968],[-40.728373,-14.981969],[-40.728446,-14.981905],[-40.728565,-14.98184],[-40.728782,-14.981947],[-40.728802,-14.981968],[-40.728901,-14.982024],[-40.72892,-14.98205],[-40.728941,-14.982059],[-40.729018,-14.982147],[-40.729016,-14.982159],[-40.729038,-14.982275],[-40.729037,-14.982287],[-40.729073,-14.98238],[-40.729079,-14.98241],[-40.729092,-14.982435],[-40.729175,-14.982503],[-40.72919,-14.982511],[-40.729256,-14.982571],[-40.729258,-14.982594],[-40.729271,-14.982613],[-40.729364,-14.982737],[-40.729411,-14.982904],[-40.729416,-14.982905],[-40.729478,-14.983006],[-40.729476,-14.983017],[-40.729486,-14.98305],[-40.729493,-14.983073],[-40.729519,-14.98313],[-40.729542,-14.983149],[-40.729557,-14.983156],[-40.729593,-14.983187],[-40.729661,-14.983322],[-40.729655,-14.983353],[-40.729642,-14.983419],[-40.729641,-14.983424],[-40.729619,-14.983589],[-40.729611,-14.983772],[-40.729777,-14.983744],[-40.729786,-14.983782],[-40.729785,-14.983794],[-40.72978,-14.98396],[-40.729777,-14.984001],[-40.729775,-14.984035],[-40.729774,-14.984059],[-40.729793,-14.984171],[-40.729803,-14.984189],[-40.729822,-14.98422],[-40.729837,-14.984239],[-40.729902,-14.984299],[-40.729923,-14.984307],[-40.729949,-14.984316],[-40.729981,-14.98432],[-40.730197,-14.984358],[-40.730207,-14.98436],[-40.730228,-14.984362],[-40.730317,-14.984334],[-40.73034,-14.984314],[-40.730461,-14.984238],[-40.730492,-14.984207],[-40.730567,-14.984165],[-40.730668,-14.984137],[-40.730674,-14.984137],[-40.730791,-14.984164],[-40.7308,-14.984177],[-40.730815,-14.98419],[-40.730896,-14.98431],[-40.730905,-14.984329],[-40.730917,-14.984359],[-40.730919,-14.984382],[-40.730924,-14.984388],[-40.730987,-14.984582],[-40.730993,-14.984582],[-40.731141,-14.984662],[-40.731176,-14.984672],[-40.731187,-14.984673],[-40.731331,-14.984642],[-40.731409,-14.98481],[-40.731616,-14.98485],[-40.731846,-14.984901],[-40.731868,-14.984918],[-40.731883,-14.984955],[-40.731904,-14.984986],[-40.732047,-14.985186],[-40.732044,-14.98522],[-40.732042,-14.98524],[-40.732017,-14.985501],[-40.732002,-14.985532],[-40.7319,-14.985703],[-40.731876,-14.985719],[-40.731857,-14.985743],[-40.73184,-14.985741],[-40.731712,-14.985846],[-40.731699,-14.985864],[-40.731687,-14.985875],[-40.731597,-14.986101],[-40.731584,-14.98613],[-40.731578,-14.986135],[-40.731511,-14.986224],[-40.731498,-14.986253],[-40.731491,-14.986276],[-40.731484,-14.986299],[-40.731407,-14.986479],[-40.731405,-14.986514],[-40.731421,-14.986522],[-40.731436,-14.986535],[-40.731462,-14.986545],[-40.731483,-14.986553],[-40.731509,-14.986568],[-40.731531,-14.986571],[-40.731563,-14.986575],[-40.731596,-14.986567],[-40.731713,-14.986588],[-40.731739,-14.986603],[-40.73176,-14.986617],[-40.73177,-14.986618],[-40.731785,-14.986638],[-40.731859,-14.986767],[-40.73187,-14.986774],[-40.731945,-14.986829],[-40.732215,-14.987037],[-40.732409,-14.987138],[-40.732434,-14.987141],[-40.732445,-14.98715],[-40.732531,-14.987176],[-40.732548,-14.987193],[-40.732561,-14.987195],[-40.73259,-14.987214],[-40.732671,-14.9873],[-40.732675,-14.987331],[-40.732687,-14.98734],[-40.73285,-14.987383],[-40.732874,-14.987393],[-40.732892,-14.987403],[-40.732934,-14.987408],[-40.733184,-14.987632],[-40.73319,-14.987633],[-40.733268,-14.987824],[-40.733265,-14.987852],[-40.733251,-14.987872],[-40.733234,-14.988158],[-40.733232,-14.988178],[-40.733226,-14.988239],[-40.733226,-14.988246],[-40.733115,-14.988415],[-40.733109,-14.988421],[-40.732966,-14.988659],[-40.732959,-14.988678],[-40.732952,-14.988684],[-40.732824,-14.988865],[-40.732816,-14.988883],[-40.732772,-14.989163],[-40.732766,-14.989174],[-40.732587,-14.989444],[-40.732574,-14.989471],[-40.732574,-14.989477],[-40.732512,-14.989767],[-40.732507,-14.989927],[-40.732487,-14.98998],[-40.73248,-14.990017],[-40.732474,-14.990027],[-40.732509,-14.990129],[-40.732512,-14.990161],[-40.7326,-14.990231],[-40.732699,-14.990354],[-40.732708,-14.99037],[-40.73272,-14.990408],[-40.732727,-14.990445],[-40.732756,-14.990592],[-40.73276,-14.990598],[-40.732832,-14.990702],[-40.732844,-14.990729],[-40.732858,-14.99075],[-40.732866,-14.990766],[-40.732912,-14.990958],[-40.732915,-14.990982],[-40.732914,-14.990987],[-40.732976,-14.991156],[-40.732988,-14.991181],[-40.733004,-14.991212],[-40.733017,-14.991232],[-40.733034,-14.991248],[-40.733122,-14.991287],[-40.733132,-14.991288],[-40.733151,-14.991291],[-40.733209,-14.991314],[-40.733267,-14.991338],[-40.733286,-14.99134],[-40.733387,-14.991307],[-40.733398,-14.991299],[-40.733458,-14.991251],[-40.733475,-14.991239],[-40.733519,-14.991202],[-40.733612,-14.991143],[-40.73364,-14.991118],[-40.733762,-14.991071],[-40.733782,-14.991073],[-40.733811,-14.991077],[-40.733835,-14.99108],[-40.733845,-14.991081],[-40.733865,-14.991084],[-40.73395,-14.991109],[-40.733959,-14.991115],[-40.733973,-14.991121],[-40.734153,-14.991173],[-40.734178,-14.991172],[-40.734204,-14.991165],[-40.734314,-14.991117],[-40.734337,-14.991105],[-40.734353,-14.991097],[-40.734381,-14.991086],[-40.734402,-14.991079],[-40.734503,-14.991033],[-40.734584,-14.991009],[-40.734604,-14.991011],[-40.734614,-14.991013],[-40.734718,-14.99109],[-40.734726,-14.991101],[-40.734798,-14.991202],[-40.734801,-14.991212],[-40.734834,-14.991284],[-40.734847,-14.991295],[-40.734865,-14.991302],[-40.734902,-14.991316],[-40.735031,-14.99143],[-40.735225,-14.991533],[-40.735356,-14.991603],[-40.735491,-14.991667],[-40.735638,-14.991777],[-40.735717,-14.991847],[-40.73582,-14.991905],[-40.736099,-14.992163],[-40.736244,-14.992305],[-40.736373,-14.992372],[-40.736397,-14.992375],[-40.736466,-14.992441],[-40.736471,-14.992449],[-40.736557,-14.992509],[-40.736569,-14.992511],[-40.736682,-14.992518],[-40.736812,-14.992619],[-40.736823,-14.992627],[-40.736872,-14.992683],[-40.736935,-14.992788],[-40.736961,-14.992962],[-40.736992,-14.993081],[-40.737078,-14.993217],[-40.737201,-14.993312],[-40.737207,-14.993312],[-40.737296,-14.99344],[-40.737295,-14.99345],[-40.737294,-14.993459],[-40.737187,-14.993554],[-40.737154,-14.993601],[-40.737153,-14.993613],[-40.73718,-14.993785],[-40.737207,-14.993959],[-40.737251,-14.994055],[-40.737276,-14.994182],[-40.737273,-14.994205],[-40.737257,-14.994302],[-40.73726,-14.99432],[-40.737308,-14.994418],[-40.737404,-14.99456],[-40.737488,-14.994693],[-40.737582,-14.994826],[-40.737638,-14.994946],[-40.737643,-14.994952],[-40.737743,-14.995018],[-40.737896,-14.995107],[-40.73796,-14.995099],[-40.737976,-14.995101],[-40.738022,-14.995107],[-40.738084,-14.995141],[-40.738094,-14.995142],[-40.738165,-14.995209],[-40.738244,-14.995261],[-40.738249,-14.995261],[-40.738323,-14.995255],[-40.738375,-14.995282],[-40.738388,-14.995294],[-40.738463,-14.995309],[-40.738524,-14.995382],[-40.73865,-14.995466],[-40.738667,-14.995475],[-40.738802,-14.995575],[-40.738818,-14.995592],[-40.738921,-14.995693],[-40.738926,-14.995701],[-40.738924,-14.995833],[-40.738838,-14.995959],[-40.738812,-14.99597],[-40.738702,-14.996027],[-40.738677,-14.996031],[-40.73864,-14.99604],[-40.738524,-14.996096],[-40.738499,-14.996107],[-40.738468,-14.996117],[-40.738349,-14.996309],[-40.738334,-14.996575],[-40.738331,-14.996601],[-40.738312,-14.996756],[-40.738387,-14.996976],[-40.738392,-14.996982],[-40.738436,-14.997076],[-40.73844,-14.997089],[-40.7385,-14.997226],[-40.738519,-14.997253],[-40.738538,-14.997273],[-40.738557,-14.9973],[-40.738684,-14.997455],[-40.738674,-14.997631],[-40.738634,-14.997782],[-40.738634,-14.997787],[-40.738663,-14.997916],[-40.73863,-14.998128],[-40.738623,-14.998171],[-40.738541,-14.998397],[-40.738529,-14.998411],[-40.738517,-14.99842],[-40.738431,-14.998508],[-40.73842,-14.998517],[-40.738332,-14.998594],[-40.738309,-14.998606],[-40.738287,-14.998619],[-40.738227,-14.998647],[-40.738174,-14.998781],[-40.738197,-14.998912],[-40.738205,-14.998944],[-40.738279,-14.999044],[-40.738483,-14.999203],[-40.738632,-14.999284],[-40.738669,-14.999322],[-40.738683,-14.999374],[-40.738708,-14.999399],[-40.738733,-14.999425],[-40.738741,-14.999427],[-40.738761,-14.999438],[-40.738766,-14.999444],[-40.738834,-14.999479],[-40.738848,-14.999483],[-40.738876,-14.999496],[-40.738895,-14.999515],[-40.738976,-14.999578],[-40.739003,-14.999592],[-40.739024,-14.999601],[-40.739082,-14.999646],[-40.739097,-14.999653],[-40.739129,-14.999662],[-40.739146,-14.999665],[-40.739239,-14.999689],[-40.739256,-14.999692],[-40.739273,-14.999687],[-40.739288,-14.999683],[-40.739465,-14.999657],[-40.739491,-14.999658],[-40.739521,-14.999663],[-40.739535,-14.999667],[-40.739607,-14.999722],[-40.739618,-14.99973],[-40.739631,-14.999745],[-40.73965,-14.999758],[-40.739658,-14.999764],[-40.739671,-14.999778],[-40.739775,-14.999938],[-40.739789,-14.999962],[-40.739797,-14.999983],[-40.739893,-15.000159],[-40.739981,-15.000256],[-40.740075,-15.000365],[-40.740089,-15.000375],[-40.740178,-15.000509],[-40.74018,-15.000518],[-40.740234,-15.000666],[-40.740209,-15.00079],[-40.73965,-15.00105],[-40.738907,-15.001395],[-40.737976,-15.001828],[-40.712168,-15.013828],[-40.712043,-15.013871],[-40.711874,-15.013874],[-40.711767,-15.013854],[-40.711743,-15.013839],[-40.711607,-15.013902],[-40.711577,-15.014051],[-40.711571,-15.014244],[-40.711509,-15.014385],[-40.711363,-15.014283],[-40.711351,-15.014278],[-40.711341,-15.014257],[-40.711208,-15.014174],[-40.7112,-15.01417],[-40.711183,-15.014161],[-40.711113,-15.014279],[-40.711008,-15.014284],[-40.710732,-15.014311],[-40.710584,-15.014256],[-40.710476,-15.014169],[-40.710402,-15.014101],[-40.710316,-15.014038],[-40.710187,-15.014022],[-40.710079,-15.014091],[-40.70999,-15.014133],[-40.70992,-15.014184],[-40.709772,-15.01428],[-40.709692,-15.014293],[-40.709686,-15.014287],[-40.709582,-15.014185],[-40.709428,-15.014215],[-40.709303,-15.014325],[-40.709199,-15.0143],[-40.709178,-15.014289],[-40.70902,-15.014254],[-40.708993,-15.01424],[-40.708824,-15.014149],[-40.708814,-15.014137],[-40.708681,-15.014127],[-40.708553,-15.014154],[-40.708413,-15.014238],[-40.708247,-15.014354],[-40.707988,-15.014437],[-40.707863,-15.014362],[-40.707728,-15.014324],[-40.707449,-15.014221],[-40.707392,-15.014183],[-40.70729,-15.014092],[-40.707132,-15.014083],[-40.707039,-15.014037],[-40.707032,-15.014028],[-40.706923,-15.013959],[-40.70673,-15.014021],[-40.706696,-15.014035],[-40.706604,-15.014083],[-40.706536,-15.014169],[-40.706449,-15.014235],[-40.706374,-15.014279],[-40.706363,-15.014282],[-40.706334,-15.014299],[-40.706246,-15.014319],[-40.706214,-15.014322],[-40.706111,-15.01439],[-40.70603,-15.014416],[-40.705955,-15.01445],[-40.705911,-15.014533],[-40.705916,-15.014562],[-40.705918,-15.014567],[-40.705896,-15.014663],[-40.705826,-15.014763],[-40.705768,-15.014837],[-40.705744,-15.015294],[-40.705643,-15.015478],[-40.705636,-15.015487],[-40.705629,-15.015496],[-40.705529,-15.015601],[-40.705332,-15.015935],[-40.705253,-15.016099],[-40.705028,-15.016357],[-40.704852,-15.016709],[-40.704836,-15.016767],[-40.704667,-15.017087],[-40.70448,-15.017395],[-40.704394,-15.017502],[-40.704166,-15.017652],[-40.704113,-15.017693],[-40.704105,-15.017721],[-40.703912,-15.017989],[-40.703769,-15.018194],[-40.703664,-15.01847],[-40.703663,-15.018492],[-40.703636,-15.018705],[-40.703639,-15.018736],[-40.703516,-15.018991],[-40.703494,-15.019016],[-40.703477,-15.01905],[-40.703413,-15.019184],[-40.703195,-15.019523],[-40.703115,-15.019686],[-40.703019,-15.019839],[-40.703006,-15.019859],[-40.702914,-15.020014],[-40.702811,-15.020258],[-40.702765,-15.020328],[-40.702689,-15.020437],[-40.702601,-15.020573],[-40.702589,-15.020592],[-40.702501,-15.020776],[-40.702447,-15.020924],[-40.702308,-15.021135],[-40.70229,-15.021451],[-40.702255,-15.021515],[-40.70215,-15.021703],[-40.702021,-15.021952],[-40.702003,-15.021993],[-40.70184,-15.02217],[-40.701822,-15.022196],[-40.701792,-15.022196],[-40.701671,-15.02232],[-40.701651,-15.022355],[-40.701499,-15.022479],[-40.701467,-15.022486],[-40.701369,-15.022564],[-40.70108,-15.022817],[-40.700947,-15.022944],[-40.7007,-15.02316],[-40.700666,-15.02321],[-40.700559,-15.023431],[-40.700538,-15.023487],[-40.700518,-15.023616],[-40.700509,-15.02368],[-40.700545,-15.024012],[-40.700562,-15.024095],[-40.700568,-15.024131],[-40.700586,-15.024283],[-40.700598,-15.024314],[-40.700606,-15.024398],[-40.700618,-15.024429],[-40.700638,-15.024603],[-40.700627,-15.024634],[-40.700627,-15.024674],[-40.700623,-15.024685],[-40.700435,-15.02483],[-40.700432,-15.024861],[-40.700301,-15.025217],[-40.700173,-15.025558],[-40.700142,-15.025897],[-40.700137,-15.026037],[-40.700144,-15.026054],[-40.700245,-15.026522],[-40.700271,-15.026584],[-40.700604,-15.027085],[-40.700789,-15.027311],[-40.700887,-15.027452],[-40.700984,-15.027592],[-40.701024,-15.027645],[-40.701178,-15.02804],[-40.701212,-15.028131],[-40.701436,-15.028339],[-40.701632,-15.028654],[-40.701668,-15.028681],[-40.702078,-15.029007],[-40.702135,-15.029001],[-40.702167,-15.028996],[-40.702332,-15.02901],[-40.702383,-15.029012],[-40.702532,-15.029061],[-40.702596,-15.029081],[-40.70261,-15.029099],[-40.702656,-15.029112],[-40.702718,-15.029153],[-40.70288,-15.029258],[-40.702921,-15.029313],[-40.702945,-15.029342],[-40.702967,-15.029676],[-40.702962,-15.029709],[-40.702964,-15.029741],[-40.702921,-15.029854],[-40.702924,-15.029864],[-40.702947,-15.029911],[-40.702965,-15.029969],[-40.702998,-15.030052],[-40.703079,-15.03019],[-40.703107,-15.030231],[-40.703133,-15.030293],[-40.703169,-15.030311],[-40.703317,-15.030383],[-40.703352,-15.030402],[-40.703549,-15.030552],[-40.703556,-15.030551],[-40.703746,-15.030636],[-40.703794,-15.030628],[-40.704003,-15.030692],[-40.704028,-15.030705],[-40.704175,-15.030782],[-40.704213,-15.030797],[-40.704276,-15.030827],[-40.704314,-15.030841],[-40.704503,-15.031031],[-40.704556,-15.031065],[-40.704586,-15.031099],[-40.70448,-15.031364],[-40.704441,-15.031385],[-40.704387,-15.031486],[-40.70429,-15.031585],[-40.704282,-15.031686],[-40.70441,-15.031948],[-40.704509,-15.032136],[-40.704636,-15.032223],[-40.704687,-15.032261],[-40.704794,-15.032313],[-40.704817,-15.032322],[-40.704938,-15.032491],[-40.705109,-15.033225],[-40.705119,-15.03327],[-40.705539,-15.033555],[-40.705826,-15.03356],[-40.705899,-15.033647],[-40.705919,-15.033686],[-40.705925,-15.033892],[-40.706092,-15.034164],[-40.706195,-15.034124],[-40.706435,-15.034291],[-40.70642,-15.034498],[-40.706414,-15.034548],[-40.706392,-15.034791],[-40.706389,-15.034816],[-40.706336,-15.035031],[-40.706333,-15.035055],[-40.706263,-15.035131],[-40.706223,-15.035317],[-40.706218,-15.035332],[-40.706319,-15.035573],[-40.70633,-15.035583],[-40.706439,-15.035762],[-40.706468,-15.035805],[-40.706567,-15.035954],[-40.706937,-15.0363],[-40.707075,-15.03635],[-40.707234,-15.03643],[-40.707396,-15.036453],[-40.707431,-15.036446],[-40.707443,-15.036442],[-40.707556,-15.036444],[-40.707653,-15.036529],[-40.707836,-15.036559],[-40.708008,-15.036636],[-40.708112,-15.036844],[-40.708037,-15.036907],[-40.708012,-15.036924],[-40.708032,-15.037039],[-40.708043,-15.037066],[-40.708164,-15.037083],[-40.708187,-15.037085],[-40.708331,-15.037082],[-40.708348,-15.037075],[-40.708365,-15.037068],[-40.708487,-15.037179],[-40.708622,-15.037256],[-40.70879,-15.037327],[-40.708951,-15.037397],[-40.709269,-15.037518],[-40.709431,-15.037575],[-40.709436,-15.037579],[-40.709459,-15.037587],[-40.709543,-15.037617],[-40.709601,-15.037623],[-40.709617,-15.037622],[-40.709638,-15.037625],[-40.709646,-15.037628],[-40.709721,-15.037655],[-40.709757,-15.037641],[-40.709783,-15.037632],[-40.709824,-15.037616],[-40.709838,-15.037611],[-40.709861,-15.037606],[-40.709928,-15.037565],[-40.709945,-15.037551],[-40.709968,-15.037531],[-40.710053,-15.037517],[-40.71008,-15.037513],[-40.710122,-15.037506],[-40.710156,-15.0375],[-40.710209,-15.037528],[-40.710234,-15.037537],[-40.710244,-15.037546],[-40.710339,-15.037649],[-40.710361,-15.037665],[-40.710396,-15.037694],[-40.710431,-15.037723],[-40.710448,-15.037735],[-40.710566,-15.037855],[-40.710602,-15.037877],[-40.710653,-15.038066],[-40.710632,-15.038125],[-40.710505,-15.03825],[-40.710492,-15.038261],[-40.710474,-15.038279],[-40.710444,-15.038356],[-40.710443,-15.038373],[-40.710473,-15.03847],[-40.710483,-15.038489],[-40.710497,-15.038511],[-40.710504,-15.038534],[-40.710609,-15.038692],[-40.710742,-15.03884],[-40.710789,-15.039047],[-40.710637,-15.039132],[-40.710585,-15.039146],[-40.710552,-15.039147],[-40.710433,-15.039405],[-40.710544,-15.039737],[-40.710551,-15.039761],[-40.710559,-15.039791],[-40.710624,-15.040007],[-40.710636,-15.040052],[-40.710656,-15.040121],[-40.710661,-15.040139],[-40.710591,-15.040327],[-40.710559,-15.040581],[-40.710513,-15.040736],[-40.710576,-15.040921],[-40.710492,-15.041133],[-40.7104,-15.04131],[-40.710391,-15.041334],[-40.710385,-15.041358],[-40.710308,-15.041505],[-40.710308,-15.041523],[-40.710342,-15.041643],[-40.710386,-15.04174],[-40.710395,-15.041753],[-40.710414,-15.041759],[-40.710528,-15.041873],[-40.710541,-15.041887],[-40.710506,-15.042033],[-40.710488,-15.042293],[-40.710474,-15.042547],[-40.710476,-15.042581],[-40.710489,-15.042618],[-40.710404,-15.042863],[-40.710395,-15.042891],[-40.710386,-15.042919],[-40.710329,-15.04311],[-40.710202,-15.043415],[-40.710196,-15.043435],[-40.71016,-15.043543],[-40.710119,-15.043795],[-40.710113,-15.043812],[-40.710216,-15.043944],[-40.710246,-15.043962],[-40.710277,-15.043953],[-40.71029,-15.043954],[-40.710418,-15.043957],[-40.710439,-15.043954],[-40.710464,-15.043949],[-40.710488,-15.043939],[-40.710509,-15.043936],[-40.710609,-15.044057],[-40.710618,-15.044263],[-40.710658,-15.044573],[-40.710706,-15.044649],[-40.710715,-15.044659],[-40.710736,-15.044691],[-40.710796,-15.044774],[-40.710832,-15.04482],[-40.710862,-15.04485],[-40.710912,-15.044882],[-40.710947,-15.04491],[-40.710956,-15.044917],[-40.710966,-15.044924],[-40.710996,-15.044942],[-40.711014,-15.04495],[-40.711045,-15.045019],[-40.711075,-15.045087],[-40.711084,-15.045113],[-40.711026,-15.045287],[-40.711014,-15.045305],[-40.711013,-15.04533],[-40.711016,-15.045517],[-40.711026,-15.045546],[-40.711043,-15.045578],[-40.710965,-15.045769],[-40.710829,-15.045892],[-40.710816,-15.04591],[-40.710804,-15.045914],[-40.71106,-15.046161],[-40.711142,-15.046293],[-40.711159,-15.046306],[-40.711188,-15.046319],[-40.711179,-15.046377],[-40.71124,-15.046508],[-40.711261,-15.046538],[-40.711267,-15.046551],[-40.71136,-15.046734],[-40.711393,-15.046774],[-40.711342,-15.046956],[-40.711341,-15.046981],[-40.711307,-15.047092],[-40.711306,-15.047124],[-40.711303,-15.047255],[-40.711126,-15.047338],[-40.711111,-15.047343],[-40.711099,-15.047348],[-40.711017,-15.047459],[-40.710957,-15.047665],[-40.710776,-15.047819],[-40.710758,-15.047836],[-40.710748,-15.047844],[-40.710724,-15.047861],[-40.710627,-15.04795],[-40.710439,-15.048076],[-40.710303,-15.048241],[-40.710226,-15.04831],[-40.710146,-15.048406],[-40.709997,-15.048475],[-40.70969,-15.048515],[-40.709398,-15.048765],[-40.709398,-15.048903],[-40.709227,-15.049027],[-40.709242,-15.049105],[-40.709246,-15.049133],[-40.709258,-15.049165],[-40.709266,-15.04939],[-40.709268,-15.049396],[-40.709291,-15.049639],[-40.709263,-15.049908],[-40.709367,-15.05014],[-40.709328,-15.050338],[-40.709333,-15.050379],[-40.709226,-15.05061],[-40.709204,-15.050644],[-40.709194,-15.05067],[-40.709186,-15.050678],[-40.709151,-15.0508],[-40.709156,-15.050836],[-40.709164,-15.05089],[-40.709183,-15.051202],[-40.709219,-15.051596],[-40.709161,-15.051806],[-40.709162,-15.052045],[-40.709172,-15.052124],[-40.709186,-15.052189],[-40.709221,-15.052354],[-40.709251,-15.052428],[-40.709269,-15.052477],[-40.709312,-15.052643],[-40.709344,-15.052706],[-40.709357,-15.052781],[-40.709363,-15.053076],[-40.709365,-15.053139],[-40.709317,-15.053328],[-40.709303,-15.053345],[-40.70928,-15.053392],[-40.709244,-15.053454],[-40.709234,-15.053455],[-40.709152,-15.053409],[-40.709128,-15.053401],[-40.708985,-15.053362],[-40.70897,-15.053351],[-40.708817,-15.053189],[-40.708805,-15.05317],[-40.7085,-15.053007],[-40.708449,-15.05302],[-40.708423,-15.053022],[-40.708236,-15.053201],[-40.708222,-15.053209],[-40.707988,-15.053428],[-40.707971,-15.053441],[-40.707949,-15.053459],[-40.707851,-15.053687],[-40.708061,-15.053774],[-40.7081,-15.053747],[-40.708128,-15.053741],[-40.708167,-15.053715],[-40.708238,-15.053772],[-40.708308,-15.053829],[-40.708421,-15.054155],[-40.70843,-15.054179],[-40.708507,-15.054475],[-40.708511,-15.054501],[-40.708568,-15.054783],[-40.708558,-15.054938],[-40.708455,-15.055144],[-40.708084,-15.05529],[-40.70806,-15.055304],[-40.70804,-15.055312],[-40.708027,-15.055312],[-40.707961,-15.055373],[-40.707895,-15.055434],[-40.707875,-15.055444],[-40.707687,-15.055638],[-40.707666,-15.055659],[-40.707646,-15.055685],[-40.707538,-15.055839],[-40.707514,-15.055859],[-40.707505,-15.055877],[-40.707485,-15.055897],[-40.707475,-15.05591],[-40.707457,-15.055965],[-40.707439,-15.056019],[-40.707437,-15.056046],[-40.707324,-15.056232],[-40.707306,-15.056255],[-40.707292,-15.056276],[-40.707241,-15.056423],[-40.707245,-15.056439],[-40.707205,-15.056558],[-40.707208,-15.056568],[-40.707201,-15.056616],[-40.707194,-15.056664],[-40.707187,-15.05668],[-40.707068,-15.056824],[-40.707051,-15.056852],[-40.70703,-15.056955],[-40.707039,-15.056981],[-40.707041,-15.05699],[-40.707199,-15.057272],[-40.707276,-15.057516],[-40.707233,-15.057703],[-40.707133,-15.057809],[-40.7069,-15.057994],[-40.706865,-15.058002],[-40.706642,-15.058123],[-40.706606,-15.058162],[-40.706585,-15.058174],[-40.706472,-15.058286],[-40.706201,-15.058539],[-40.706191,-15.058542],[-40.705964,-15.058575],[-40.705938,-15.058578],[-40.705719,-15.058657],[-40.705698,-15.058652],[-40.705405,-15.05871],[-40.70516,-15.058907],[-40.705148,-15.058933],[-40.705138,-15.05897],[-40.705069,-15.059369],[-40.704871,-15.05957],[-40.70469,-15.059744],[-40.704668,-15.059753],[-40.704532,-15.05996],[-40.704525,-15.059969],[-40.704368,-15.060114],[-40.704227,-15.060261],[-40.704078,-15.060321],[-40.70407,-15.060324],[-40.703996,-15.060492],[-40.703905,-15.060666],[-40.703813,-15.060727],[-40.703632,-15.060858],[-40.703466,-15.061034],[-40.703348,-15.061136],[-40.703313,-15.061206],[-40.703294,-15.061248],[-40.70328,-15.061263],[-40.70326,-15.061293],[-40.703106,-15.061419],[-40.703055,-15.061449],[-40.702744,-15.061578],[-40.702723,-15.061584],[-40.702494,-15.061639],[-40.702439,-15.061674],[-40.702314,-15.061794],[-40.70229,-15.061825],[-40.702255,-15.06187],[-40.702241,-15.061893],[-40.702218,-15.061922],[-40.70214,-15.062114],[-40.702118,-15.06217],[-40.702095,-15.062232],[-40.702093,-15.062238],[-40.701893,-15.062424],[-40.701616,-15.062492],[-40.701596,-15.062493],[-40.701342,-15.062414],[-40.70132,-15.062402],[-40.701056,-15.062404],[-40.700657,-15.062686],[-40.700611,-15.062819],[-40.700685,-15.06303],[-40.700691,-15.063066],[-40.700724,-15.063213],[-40.700723,-15.063219],[-40.700679,-15.063437],[-40.700679,-15.06344],[-40.700668,-15.063465],[-40.70068,-15.063629],[-40.700725,-15.063805],[-40.700738,-15.063915],[-40.70075,-15.064025],[-40.700914,-15.064218],[-40.700937,-15.064233],[-40.700944,-15.064246],[-40.700986,-15.064328],[-40.700996,-15.064348],[-40.701031,-15.064417],[-40.701049,-15.064453],[-40.701056,-15.064467],[-40.701064,-15.064477],[-40.701106,-15.064736],[-40.701106,-15.064738],[-40.701107,-15.064746],[-40.701108,-15.064767],[-40.70104,-15.065008],[-40.700917,-15.065132],[-40.70091,-15.065136],[-40.700845,-15.065227],[-40.700678,-15.065359],[-40.700663,-15.065375],[-40.700547,-15.065497],[-40.700537,-15.065517],[-40.700392,-15.065747],[-40.700336,-15.065925],[-40.70039,-15.066078],[-40.700404,-15.066105],[-40.700427,-15.066123],[-40.70055,-15.066371],[-40.700582,-15.066406],[-40.700701,-15.066663],[-40.70071,-15.066678],[-40.700753,-15.066717],[-40.700704,-15.066948],[-40.700687,-15.066984],[-40.700578,-15.067196],[-40.700552,-15.067218],[-40.700488,-15.067347],[-40.700469,-15.06739],[-40.700459,-15.067426],[-40.700346,-15.067686],[-40.70033,-15.067718],[-40.700173,-15.067815],[-40.700161,-15.067812],[-40.699941,-15.067636],[-40.699938,-15.067626],[-40.699746,-15.06752],[-40.699724,-15.067505],[-40.699707,-15.067501],[-40.699406,-15.067398],[-40.699372,-15.067381],[-40.699366,-15.06738],[-40.69905,-15.067327],[-40.69902,-15.067321],[-40.698806,-15.067375],[-40.69872,-15.067515],[-40.698706,-15.067531],[-40.698729,-15.067738],[-40.698745,-15.067785],[-40.698788,-15.06807],[-40.698795,-15.068097],[-40.698735,-15.06834],[-40.698718,-15.068377],[-40.698578,-15.068475],[-40.698492,-15.068512],[-40.698269,-15.068634],[-40.697952,-15.068681],[-40.697777,-15.068781],[-40.697618,-15.068921],[-40.697607,-15.068933],[-40.69747,-15.069057],[-40.697313,-15.069186],[-40.69719,-15.06929],[-40.697191,-15.069317],[-40.697191,-15.069358],[-40.697267,-15.069495],[-40.697281,-15.069507],[-40.697294,-15.06952],[-40.697308,-15.069522],[-40.697537,-15.069587],[-40.697559,-15.069585],[-40.697573,-15.069581],[-40.697701,-15.069486],[-40.69771,-15.069474],[-40.697711,-15.069447],[-40.69781,-15.069259],[-40.697816,-15.069247],[-40.698005,-15.069102],[-40.698016,-15.069091],[-40.698027,-15.06908],[-40.698204,-15.068973],[-40.698241,-15.068966],[-40.698263,-15.06895],[-40.698524,-15.069027],[-40.698633,-15.069284],[-40.698637,-15.069324],[-40.698683,-15.069621],[-40.698711,-15.069814],[-40.698724,-15.069903],[-40.698737,-15.069993],[-40.698766,-15.070166],[-40.698854,-15.070287],[-40.699055,-15.070371],[-40.69907,-15.070374],[-40.699295,-15.070317],[-40.699311,-15.070312],[-40.699535,-15.070289],[-40.699552,-15.070268],[-40.699692,-15.070161],[-40.699703,-15.070155],[-40.699859,-15.070054],[-40.700005,-15.069921],[-40.700011,-15.069914],[-40.70022,-15.069861],[-40.700391,-15.069963],[-40.700639,-15.070292],[-40.700883,-15.070586],[-40.701234,-15.070876],[-40.701501,-15.071087],[-40.701514,-15.071437],[-40.701376,-15.071946],[-40.701349,-15.072158],[-40.701372,-15.072174],[-40.701581,-15.07235],[-40.701608,-15.072316],[-40.701802,-15.07258],[-40.701807,-15.072597],[-40.701826,-15.072635],[-40.701706,-15.0729],[-40.701676,-15.072923],[-40.701365,-15.07308],[-40.701097,-15.073225],[-40.700921,-15.073543],[-40.700898,-15.073924],[-40.70097,-15.074419],[-40.701026,-15.074636],[-40.701082,-15.074852],[-40.70109,-15.074917],[-40.701101,-15.075021],[-40.701113,-15.075125],[-40.701134,-15.075307],[-40.701847,-15.076361],[-40.707936,-15.075814],[-40.708011,-15.075749],[-40.708189,-15.075628],[-40.708378,-15.075526],[-40.708617,-15.075335],[-40.708878,-15.075042],[-40.708953,-15.074846],[-40.708878,-15.074669],[-40.708859,-15.074624],[-40.708906,-15.074326],[-40.70898,-15.074188],[-40.709033,-15.074101],[-40.70922,-15.074038],[-40.7095,-15.07406],[-40.70992,-15.07421],[-40.710248,-15.074266],[-40.71046,-15.074303],[-40.710859,-15.074156],[-40.711165,-15.074033],[-40.7116,-15.07405],[-40.711747,-15.074025],[-40.711933,-15.073943],[-40.712168,-15.073954],[-40.712363,-15.074009],[-40.712692,-15.074162],[-40.712963,-15.074362],[-40.713247,-15.074517],[-40.713576,-15.074542],[-40.713791,-15.074526],[-40.714038,-15.074478],[-40.714188,-15.074374],[-40.714255,-15.074319],[-40.714328,-15.074298],[-40.71443,-15.074269],[-40.714486,-15.074195],[-40.714487,-15.07413],[-40.714497,-15.073919],[-40.71451,-15.073754],[-40.714498,-15.073643],[-40.714479,-15.07346],[-40.714491,-15.073249],[-40.714596,-15.073023],[-40.71476,-15.072356],[-40.714724,-15.072131],[-40.714716,-15.071928],[-40.714713,-15.071861],[-40.714623,-15.07135],[-40.714627,-15.070921],[-40.714629,-15.070758],[-40.714667,-15.070466],[-40.714686,-15.070292],[-40.71465,-15.070188],[-40.714636,-15.070149],[-40.714608,-15.070068],[-40.714614,-15.070027],[-40.714653,-15.069978],[-40.714836,-15.06996],[-40.715088,-15.069894],[-40.715277,-15.069786],[-40.715962,-15.069782],[-40.716211,-15.069748],[-40.716767,-15.06971],[-40.716926,-15.069754],[-40.717084,-15.069775],[-40.717366,-15.069757],[-40.717567,-15.069751],[-40.717901,-15.069808],[-40.718239,-15.069954],[-40.718471,-15.070067],[-40.718689,-15.070112],[-40.71887,-15.070254],[-40.719125,-15.070522],[-40.719297,-15.070768],[-40.719462,-15.07084],[-40.719739,-15.070895],[-40.719881,-15.070842],[-40.720033,-15.070771],[-40.720329,-15.070336],[-40.72058,-15.069988],[-40.721056,-15.069223],[-40.721372,-15.0686],[-40.721574,-15.068317],[-40.721595,-15.068234],[-40.721587,-15.068112],[-40.721581,-15.067997],[-40.721524,-15.067842],[-40.721368,-15.067645],[-40.721373,-15.067456],[-40.721429,-15.067257],[-40.721473,-15.067106],[-40.721544,-15.067006],[-40.721627,-15.066976],[-40.721855,-15.067009],[-40.722246,-15.067092],[-40.722359,-15.067094],[-40.722394,-15.067104],[-40.722457,-15.067097],[-40.722515,-15.067059],[-40.722672,-15.066947],[-40.722997,-15.066829],[-40.723353,-15.066704],[-40.723653,-15.066618],[-40.723896,-15.066496],[-40.724022,-15.066433],[-40.724492,-15.066408],[-40.725336,-15.066139],[-40.726048,-15.066246],[-40.726556,-15.066302],[-40.726848,-15.066451],[-40.727079,-15.066549],[-40.727489,-15.066483],[-40.727849,-15.06641],[-40.728507,-15.066566],[-40.729031,-15.066712],[-40.72982,-15.066707],[-40.730167,-15.066799],[-40.730624,-15.067032],[-40.730932,-15.067286],[-40.731209,-15.067477],[-40.731424,-15.067585],[-40.732302,-15.067801],[-40.732939,-15.067916],[-40.733252,-15.067989],[-40.733533,-15.067936],[-40.734041,-15.067676],[-40.734559,-15.067561],[-40.734991,-15.067592],[-40.735423,-15.067613],[-40.736114,-15.067561],[-40.736633,-15.067394],[-40.737097,-15.067092],[-40.737529,-15.066894],[-40.738091,-15.066632],[-40.738303,-15.066625],[-40.738576,-15.066763],[-40.738869,-15.067014],[-40.739107,-15.067056],[-40.739651,-15.06698],[-40.739853,-15.066982],[-40.740105,-15.067047],[-40.740263,-15.066999],[-40.740397,-15.066923],[-40.74058,-15.066777],[-40.740724,-15.066707],[-40.740951,-15.066704],[-40.741206,-15.066783],[-40.741394,-15.066838],[-40.741519,-15.066825],[-40.741662,-15.06676],[-40.741914,-15.066476],[-40.742238,-15.066247],[-40.742735,-15.066111],[-40.743404,-15.066195],[-40.743632,-15.066195],[-40.743772,-15.066195],[-40.744009,-15.066111],[-40.744017,-15.066103],[-40.744247,-15.06584],[-40.744333,-15.065548],[-40.74442,-15.065256],[-40.744528,-15.065006],[-40.744938,-15.064777],[-40.745392,-15.064693],[-40.745716,-15.064735],[-40.746032,-15.064725],[-40.747076,-15.064693],[-40.747552,-15.064526],[-40.74794,-15.064255],[-40.747995,-15.064203],[-40.748675,-15.063556],[-40.749161,-15.06316],[-40.749323,-15.062753],[-40.749366,-15.062263],[-40.749528,-15.062013],[-40.749787,-15.061929],[-40.75009,-15.061898],[-40.750695,-15.061648],[-40.751148,-15.061001],[-40.751256,-15.060511],[-40.751613,-15.06001],[-40.752099,-15.059625],[-40.752585,-15.05928],[-40.752865,-15.05927],[-40.753081,-15.059228],[-40.753362,-15.059093],[-40.753492,-15.058926],[-40.753557,-15.058582],[-40.753611,-15.057966],[-40.753643,-15.057643],[-40.75374,-15.057466],[-40.754129,-15.057184],[-40.754755,-15.056777],[-40.755198,-15.056777],[-40.755603,-15.056849],[-40.755727,-15.056871],[-40.756138,-15.056913],[-40.756483,-15.056798],[-40.756656,-15.056621],[-40.75679,-15.056503],[-40.757304,-15.056047],[-40.758233,-15.055474],[-40.758957,-15.055077],[-40.759885,-15.054107],[-40.76022,-15.053847],[-40.760641,-15.053711],[-40.760825,-15.053722],[-40.761063,-15.05368],[-40.761711,-15.053158],[-40.762542,-15.052783],[-40.762895,-15.052705],[-40.763341,-15.052606],[-40.763989,-15.052658],[-40.764551,-15.052647],[-40.764933,-15.052562],[-40.765016,-15.052543],[-40.76534,-15.05247],[-40.765404,-15.052334],[-40.765448,-15.05199],[-40.765512,-15.051688],[-40.765772,-15.051364],[-40.765977,-15.051218],[-40.766063,-15.051052],[-40.766063,-15.050666],[-40.766193,-15.050415],[-40.766301,-15.050186],[-40.76642,-15.049581],[-40.766927,-15.048945],[-40.767294,-15.048517],[-40.76746,-15.048437],[-40.767705,-15.048319],[-40.767932,-15.048309],[-40.768493,-15.048569],[-40.768785,-15.04859],[-40.769303,-15.048507],[-40.769606,-15.048434],[-40.769755,-15.048181],[-40.769865,-15.047996],[-40.770135,-15.047797],[-40.770437,-15.047672],[-40.770718,-15.047359],[-40.770815,-15.047255],[-40.77101,-15.047234],[-40.771247,-15.047182],[-40.771852,-15.047172],[-40.7721,-15.04712],[-40.77237,-15.046885],[-40.772424,-15.046838],[-40.772727,-15.046713],[-40.772878,-15.046786],[-40.772932,-15.046974],[-40.772932,-15.047057],[-40.772932,-15.047182],[-40.772969,-15.047213],[-40.773094,-15.047318],[-40.773375,-15.04737],[-40.773666,-15.047422],[-40.773807,-15.047526],[-40.773882,-15.047797],[-40.774034,-15.048131],[-40.774142,-15.048267],[-40.774314,-15.048319],[-40.774509,-15.048298],[-40.774768,-15.048163],[-40.775135,-15.0481],[-40.775492,-15.048163],[-40.77601,-15.048256],[-40.776669,-15.048371],[-40.77676,-15.048327],[-40.776928,-15.048246],[-40.777058,-15.048121],[-40.777274,-15.048048],[-40.777468,-15.048079],[-40.777619,-15.048215],[-40.777954,-15.048309],[-40.778063,-15.048263],[-40.778256,-15.048183],[-40.778284,-15.048159],[-40.77857,-15.047912],[-40.77885,-15.047453],[-40.779185,-15.047078],[-40.779344,-15.047005],[-40.77966,-15.046859],[-40.77992,-15.046859],[-40.780373,-15.047057],[-40.780592,-15.047205],[-40.78073,-15.047299],[-40.780989,-15.047474],[-40.781464,-15.047537],[-40.781617,-15.047488],[-40.781756,-15.047443],[-40.781983,-15.047213],[-40.781997,-15.04719],[-40.782155,-15.046932],[-40.782469,-15.046661],[-40.782706,-15.046619],[-40.782933,-15.046629],[-40.783117,-15.046765],[-40.783354,-15.046984],[-40.783555,-15.047173],[-40.783775,-15.04738],[-40.784132,-15.047537],[-40.784369,-15.047578],[-40.785093,-15.047526],[-40.785709,-15.047641],[-40.785827,-15.047735],[-40.786,-15.047943],[-40.786421,-15.048006],[-40.787048,-15.047891],[-40.787404,-15.047745],[-40.787707,-15.047505],[-40.78802,-15.047161],[-40.788463,-15.046838],[-40.788621,-15.046727],[-40.78913,-15.046736],[-40.789829,-15.046719],[-40.790028,-15.046493],[-40.790375,-15.04597],[-40.790556,-15.045756],[-40.790639,-15.045514],[-40.790598,-15.045367],[-40.790626,-15.045085],[-40.790667,-15.04487],[-40.790848,-15.044428],[-40.791042,-15.044079],[-40.791056,-15.043113],[-40.791223,-15.042737],[-40.791473,-15.042281],[-40.791528,-15.04161],[-40.791667,-15.041235],[-40.791973,-15.041154],[-40.792278,-15.041066],[-40.792584,-15.040913],[-40.792834,-15.040645],[-40.793334,-15.040403],[-40.793445,-15.040108],[-40.793584,-15.03984],[-40.793779,-15.039625],[-40.794446,-15.038793],[-40.794834,-15.038552],[-40.795251,-15.038257],[-40.795918,-15.038015],[-40.796185,-15.037991],[-40.796305,-15.037643],[-40.796224,-15.037264],[-40.796112,-15.036727],[-40.795918,-15.03603],[-40.796057,-15.035305],[-40.796529,-15.0345],[-40.797001,-15.033373],[-40.797113,-15.032676],[-40.797113,-15.032112],[-40.797335,-15.031603],[-40.797918,-15.031093],[-40.798252,-15.030851],[-40.798741,-15.030869],[-40.799259,-15.030816],[-40.799853,-15.030722],[-40.799932,-15.030709],[-40.800401,-15.030716],[-40.801019,-15.030823],[-40.805173,-15.029703],[-40.805284,-15.029673],[-40.831832,-15.016621]]],[[[-40.928361,-14.842582],[-40.929236,-14.8425],[-40.932368,-14.842046],[-40.937987,-14.841182],[-40.946524,-14.823747],[-40.963662,-14.788744],[-40.96356,-14.78636],[-40.963496,-14.784854],[-40.963416,-14.783002],[-40.963039,-14.774165],[-40.961502,-14.738178],[-40.959679,-14.695526],[-40.958772,-14.674289],[-40.955183,-14.674315],[-40.954721,-14.674301],[-40.954442,-14.674608],[-40.954336,-14.674746],[-40.95397,-14.675268],[-40.953664,-14.67574],[-40.953039,-14.676483],[-40.952729,-14.676772],[-40.952419,-14.676944],[-40.952081,-14.677083],[-40.951739,-14.677294],[-40.951337,-14.677723],[-40.951125,-14.677981],[-40.95107,-14.678113],[-40.951064,-14.678338],[-40.951125,-14.678694],[-40.951154,-14.678979],[-40.951166,-14.67909],[-40.951139,-14.679421],[-40.950975,-14.679936],[-40.950763,-14.680358],[-40.950333,-14.681309],[-40.949821,-14.682293],[-40.949595,-14.682638],[-40.949479,-14.682805],[-40.949289,-14.683029],[-40.949182,-14.683171],[-40.948838,-14.683601],[-40.948401,-14.684142],[-40.947951,-14.684565],[-40.947391,-14.684935],[-40.946421,-14.685463],[-40.945895,-14.685707],[-40.945174,-14.686183],[-40.944947,-14.686335],[-40.944536,-14.686619],[-40.943875,-14.687061],[-40.943411,-14.687338],[-40.94307,-14.687451],[-40.942728,-14.68755],[-40.942556,-14.6876],[-40.942435,-14.687636],[-40.942141,-14.687649],[-40.941615,-14.687583],[-40.94126,-14.68751],[-40.940755,-14.687444],[-40.940555,-14.687433],[-40.940292,-14.687434],[-40.938312,-14.687739],[-40.92943,-14.688169],[-40.806729,-14.775533],[-40.806004,-14.776049],[-40.788592,-14.792649],[-40.776111,-14.797717],[-40.7869,-14.798125],[-40.786944,-14.798127],[-40.786961,-14.798127],[-40.786987,-14.798047],[-40.787191,-14.797711],[-40.787597,-14.797008],[-40.787729,-14.796914],[-40.787918,-14.796758],[-40.788066,-14.796684],[-40.788207,-14.796676],[-40.788413,-14.7968],[-40.788632,-14.796718],[-40.788958,-14.797137],[-40.789319,-14.79745],[-40.789299,-14.797512],[-40.789045,-14.797863],[-40.789049,-14.797965],[-40.789285,-14.798159],[-40.789789,-14.798541],[-40.790336,-14.798983],[-40.79105,-14.799518],[-40.791337,-14.799745],[-40.791503,-14.799819],[-40.79211,-14.8002],[-40.792205,-14.800287],[-40.792329,-14.800486],[-40.792474,-14.800628],[-40.792974,-14.80103],[-40.793121,-14.801134],[-40.793269,-14.801191],[-40.79339,-14.801256],[-40.793528,-14.801343],[-40.793638,-14.801432],[-40.793825,-14.801547],[-40.794685,-14.802016],[-40.794958,-14.802135],[-40.795089,-14.80217],[-40.795207,-14.80222],[-40.795333,-14.802307],[-40.796288,-14.802756],[-40.79633,-14.802851],[-40.796396,-14.803098],[-40.796573,-14.803336],[-40.796762,-14.803548],[-40.796832,-14.803598],[-40.796946,-14.803596],[-40.797156,-14.803555],[-40.797453,-14.803535],[-40.797701,-14.803495],[-40.797893,-14.803489],[-40.798075,-14.803516],[-40.79866,-14.803541],[-40.799107,-14.803457],[-40.799305,-14.803456],[-40.799634,-14.803293],[-40.799951,-14.803255],[-40.800141,-14.803216],[-40.800254,-14.803146],[-40.80037,-14.803154],[-40.800569,-14.803557],[-40.800605,-14.803777],[-40.80088,-14.803799],[-40.801379,-14.803858],[-40.801838,-14.803862],[-40.802589,-14.803836],[-40.802912,-14.803836],[-40.803269,-14.803836],[-40.803464,-14.803815],[-40.803831,-14.803751],[-40.804162,-14.8037],[-40.804758,-14.803597],[-40.805337,-14.803516],[-40.805757,-14.803469],[-40.806335,-14.803413],[-40.806565,-14.803383],[-40.80664,-14.803337],[-40.806782,-14.803085],[-40.806895,-14.802907],[-40.807003,-14.802739],[-40.807087,-14.802679],[-40.807184,-14.80267],[-40.807603,-14.802734],[-40.807846,-14.802786],[-40.808107,-14.802875],[-40.808403,-14.802999],[-40.80873,-14.803136],[-40.808933,-14.80323],[-40.809662,-14.803486],[-40.810219,-14.803674],[-40.810356,-14.803712],[-40.810418,-14.8037],[-40.810842,-14.803499],[-40.811341,-14.803268],[-40.811681,-14.803097],[-40.811968,-14.802948],[-40.812273,-14.802781],[-40.812631,-14.802585],[-40.813113,-14.802349],[-40.813861,-14.801931],[-40.814354,-14.801624],[-40.815394,-14.800996],[-40.816138,-14.800533],[-40.816826,-14.800127],[-40.817334,-14.79981],[-40.817653,-14.799624],[-40.818621,-14.799037],[-40.818984,-14.79882],[-40.820356,-14.798451],[-40.840188,-14.7993],[-40.840447,-14.799905],[-40.841181,-14.801619],[-40.840069,-14.802005],[-40.839338,-14.802193],[-40.839177,-14.802216],[-40.837039,-14.802717],[-40.836721,-14.802724],[-40.834982,-14.802606],[-40.833388,-14.802504],[-40.833205,-14.802512],[-40.8331,-14.802517],[-40.832638,-14.802563],[-40.832003,-14.802741],[-40.831352,-14.802893],[-40.831657,-14.803662],[-40.830085,-14.804182],[-40.830055,-14.804417],[-40.829555,-14.804631],[-40.828423,-14.804916],[-40.827567,-14.805314],[-40.826303,-14.805885],[-40.827231,-14.808178],[-40.827399,-14.809315],[-40.830228,-14.809616],[-40.832223,-14.808925],[-40.83295,-14.810826],[-40.835543,-14.818029],[-40.837705,-14.823781],[-40.838251,-14.825637],[-40.83826,-14.828458],[-40.838262,-14.828831],[-40.839419,-14.829392],[-40.839514,-14.829524],[-40.839543,-14.829746],[-40.839498,-14.829983],[-40.839805,-14.8298],[-40.840542,-14.829677],[-40.841006,-14.829619],[-40.841408,-14.829576],[-40.841954,-14.829561],[-40.842954,-14.82958],[-40.843499,-14.829586],[-40.844012,-14.829606],[-40.844285,-14.829612],[-40.844565,-14.829643],[-40.844908,-14.829726],[-40.845271,-14.829845],[-40.845728,-14.830063],[-40.846265,-14.830362],[-40.846515,-14.830454],[-40.846781,-14.830518],[-40.847103,-14.830451],[-40.847324,-14.830336],[-40.848047,-14.829905],[-40.8478,-14.829144],[-40.848452,-14.828514],[-40.848787,-14.828157],[-40.849742,-14.827899],[-40.851179,-14.828028],[-40.851709,-14.829191],[-40.851399,-14.829666],[-40.851353,-14.829737],[-40.851523,-14.829821],[-40.851696,-14.82991],[-40.851853,-14.829972],[-40.852064,-14.830008],[-40.852296,-14.830033],[-40.852604,-14.830048],[-40.852802,-14.830021],[-40.853072,-14.829901],[-40.853386,-14.829807],[-40.853544,-14.829765],[-40.853718,-14.829743],[-40.853898,-14.829759],[-40.854034,-14.829788],[-40.85418,-14.82985],[-40.854276,-14.829897],[-40.854388,-14.829979],[-40.854512,-14.830092],[-40.854636,-14.830223],[-40.85474,-14.830358],[-40.854925,-14.830555],[-40.855087,-14.830662],[-40.855189,-14.830696],[-40.855347,-14.830695],[-40.855491,-14.830661],[-40.85584,-14.830545],[-40.856391,-14.830338],[-40.856615,-14.830309],[-40.857041,-14.830292],[-40.857512,-14.830233],[-40.857993,-14.830122],[-40.858391,-14.830018],[-40.858775,-14.82995],[-40.858952,-14.829907],[-40.859059,-14.829876],[-40.859208,-14.829654],[-40.859594,-14.829144],[-40.859942,-14.828622],[-40.860241,-14.828232],[-40.860616,-14.827742],[-40.860867,-14.827358],[-40.861391,-14.826173],[-40.861697,-14.825495],[-40.861814,-14.825295],[-40.861852,-14.825262],[-40.86208,-14.825061],[-40.86209,-14.825053],[-40.86211,-14.825077],[-40.862275,-14.82618],[-40.862498,-14.830222],[-40.862625,-14.830204],[-40.863218,-14.829995],[-40.863957,-14.829679],[-40.864093,-14.82958],[-40.864865,-14.829583],[-40.86758,-14.829659],[-40.869302,-14.829632],[-40.870562,-14.829694],[-40.871014,-14.829708],[-40.871306,-14.829725],[-40.871953,-14.829765],[-40.872601,-14.829804],[-40.87263,-14.829446],[-40.875552,-14.829401],[-40.877743,-14.829341],[-40.87778,-14.82934],[-40.879774,-14.828415],[-40.88174,-14.828054],[-40.883602,-14.827782],[-40.885918,-14.827446],[-40.88635,-14.828514],[-40.88653,-14.829553],[-40.886598,-14.829949],[-40.886673,-14.830421],[-40.890171,-14.829977],[-40.890173,-14.82998],[-40.890895,-14.830849],[-40.89085,-14.830934],[-40.891554,-14.831712],[-40.891689,-14.831861],[-40.892012,-14.832211],[-40.892326,-14.83255],[-40.892407,-14.832607],[-40.892535,-14.832696],[-40.893393,-14.833536],[-40.895366,-14.835785],[-40.896041,-14.836505],[-40.897186,-14.837841],[-40.8981,-14.838909],[-40.898481,-14.839327],[-40.900523,-14.841294],[-40.899995,-14.841907],[-40.899576,-14.842933],[-40.899008,-14.843958],[-40.899355,-14.843941],[-40.900597,-14.84388],[-40.900972,-14.843861],[-40.902448,-14.843788],[-40.905071,-14.843668],[-40.909131,-14.843481],[-40.912876,-14.843308],[-40.915548,-14.84319],[-40.918545,-14.843057],[-40.923042,-14.842845],[-40.924205,-14.842788],[-40.92438,-14.842779],[-40.926842,-14.842671],[-40.928361,-14.842582]],[[-40.865853,-14.819422],[-40.865714,-14.819695],[-40.86549,-14.820024],[-40.865263,-14.820264],[-40.865022,-14.820417],[-40.864615,-14.820603],[-40.864215,-14.820876],[-40.864009,-14.821076],[-40.863914,-14.821168],[-40.863795,-14.821423],[-40.863444,-14.822016],[-40.863051,-14.822715],[-40.862658,-14.823414],[-40.862385,-14.82398],[-40.862217,-14.824357],[-40.862173,-14.824587],[-40.862173,-14.824588],[-40.849207,-14.82517],[-40.849177,-14.824468],[-40.849335,-14.82346],[-40.8489,-14.820158],[-40.848604,-14.817753],[-40.849777,-14.816883],[-40.850442,-14.816106],[-40.851194,-14.815112],[-40.85151,-14.814505],[-40.852315,-14.813936],[-40.852647,-14.813402],[-40.854703,-14.809978],[-40.855818,-14.808858],[-40.85713,-14.805478],[-40.857115,-14.804699],[-40.859932,-14.804117],[-40.862802,-14.804738],[-40.866332,-14.805501],[-40.866531,-14.806553],[-40.866724,-14.80745],[-40.866865,-14.80795],[-40.866806,-14.808634],[-40.866493,-14.80962],[-40.867246,-14.809162],[-40.868965,-14.807982],[-40.869102,-14.808112],[-40.869505,-14.808402],[-40.869999,-14.808708],[-40.872596,-14.809548],[-40.873085,-14.811158],[-40.873452,-14.812635],[-40.873503,-14.813786],[-40.872673,-14.816895],[-40.872433,-14.81703],[-40.871526,-14.817407],[-40.871099,-14.817544],[-40.870294,-14.817722],[-40.869057,-14.818014],[-40.867539,-14.818359],[-40.865893,-14.819269],[-40.865853,-14.819422]]]]},"properties":{"cd_unidade":"293330705-rural","nome":"Zona rural de Vitória da Conquista","tipo":"distrito","situacao":"rural","cd_dist":"293330705","nm_dist":"Vitória da Conquista","cd_mun":"2933307","nm_mun":"Vitória da Conquista","area_km2":453.847156,"area_domiciliada_km2":1.91229,"demografia":{"pop":11158,"homens":5434,"mulheres":5254,"idade":{"0_4":779,"5_9":762,"10_14":790,"15_19":869,"20_24":791,"25_29":794,"30_39":1528,"40_49":1520,"50_59":1223,"60_69":823,"70_mais":789}},"domicilios":{"total":5397,"particulares":5396,"coletivos":1,"ocupados":3701,"uso_ocasional":953,"vagos":742,"tipo":{"dppo":3697,"casa":3694,"casa_vila_condominio":0,"apartamento":0,"comodo_cortico":0,"degradada":0,"improvisado":0},"media_moradores":2.8912,"pct_imputados":0.0438},"saneamento":{"agua":{"rede_geral":1731,"poco":1091,"outras":255},"agua_canalizada":{"dentro":3188,"so_terreno":250,"nao":239},"banheiro":{"exclusivo":1032,"comum":21,"so_sanitario":153,"nenhum":89},"esgoto":{"rede_ou_fossa_ligada":705,"fossa_septica":747,"fossa_rudimentar":1827,"outros":22,"inexistente":89},"lixo":{"coletado":1924,"queimado_enterrado":1297,"outros":14}},"alfabetizacao":{"alfabetizados_15_mais":6724,"nao_alfabetizados_15_mais":1625},"renda_responsavel":{"responsaveis":3697,"moradores":10681,"rendimento_medio":1174.8891},"enderecos_cnefe":{"particulares":5407,"coletivos":1,"agropecuario":703,"ensino":25,"saude":11,"outras_finalidades":645,"em_construcao":614,"religioso":60},"escolas":{"publicas":{"ate_50":2,"51_200":7,"201_500":0,"501_1000":1,"mais_1000":0,"sem_matricula":0,"nao_informado":0},"particulares":{"ate_50":0,"51_200":0,"201_500":0,"501_1000":0,"mais_1000":0,"sem_matricula":0,"nao_informado":0}},"contem_sigilo":["alfabetizacao","demografia","domicilios","renda_responsavel","saneamento"]}},{"type":"Feature","_id":"293330706","geometry":{"type":"Polygon","coordinates":[[[-41.09013,-14.980098],[-41.120672,-14.98904],[-41.127104,-14.990923],[-41.127058,-14.990736],[-41.127026,-14.990471],[-41.127024,-14.990236],[-41.127111,-14.990047],[-41.127262,-14.989919],[-41.127524,-14.989916],[-41.127633,-14.989873],[-41.127676,-14.989746],[-41.127695,-14.989555],[-41.127821,-14.989045],[-41.128097,-14.988258],[-41.128355,-14.98781],[-41.128525,-14.987343],[-41.128543,-14.986961],[-41.12854,-14.986665],[-41.128405,-14.986263],[-41.128337,-14.985989],[-41.128334,-14.985734],[-41.128442,-14.985606],[-41.12868,-14.985392],[-41.128853,-14.985136],[-41.129091,-14.984985],[-41.129133,-14.984816],[-41.129151,-14.984476],[-41.128927,-14.983529],[-41.128775,-14.983064],[-41.128772,-14.982828],[-41.128851,-14.982555],[-41.128958,-14.982278],[-41.129,-14.982109],[-41.128955,-14.981982],[-41.128736,-14.981899],[-41.128583,-14.981816],[-41.12845,-14.981669],[-41.128338,-14.981394],[-41.128315,-14.981204],[-41.128203,-14.981036],[-41.127963,-14.980996],[-41.127766,-14.98087],[-41.127632,-14.980617],[-41.127628,-14.980172],[-41.127556,-14.979579],[-41.127488,-14.979262],[-41.127311,-14.979031],[-41.127047,-14.978906],[-41.126871,-14.978717],[-41.126737,-14.9784],[-41.126755,-14.977997],[-41.126706,-14.977707],[-41.126573,-14.977475],[-41.126243,-14.97716],[-41.126154,-14.976992],[-41.12613,-14.976779],[-41.126193,-14.976567],[-41.126386,-14.976248],[-41.126884,-14.97584],[-41.126948,-14.975585],[-41.12692,-14.975077],[-41.126939,-14.974716],[-41.127044,-14.974313],[-41.127323,-14.973802],[-41.127754,-14.97331],[-41.128122,-14.972947],[-41.128338,-14.972797],[-41.128556,-14.972688],[-41.128708,-14.972644],[-41.129123,-14.97264],[-41.129364,-14.972702],[-41.129937,-14.972681],[-41.130287,-14.9727],[-41.130678,-14.972611],[-41.131157,-14.972416],[-41.13146,-14.97218],[-41.131741,-14.971944],[-41.132109,-14.97158],[-41.132411,-14.971217],[-41.132779,-14.97096],[-41.133213,-14.970638],[-41.133883,-14.970017],[-41.134098,-14.969612],[-41.134182,-14.969294],[-41.134263,-14.968805],[-41.13439,-14.96838],[-41.134628,-14.967711],[-41.134749,-14.967444],[-41.1351,-14.966978],[-41.135593,-14.966453],[-41.136233,-14.966069],[-41.137007,-14.965731],[-41.137524,-14.965598],[-41.137971,-14.965484],[-41.138336,-14.965345],[-41.13858,-14.965141],[-41.138534,-14.964968],[-41.138565,-14.964739],[-41.138861,-14.964398],[-41.139048,-14.964185],[-41.139333,-14.964074],[-41.139582,-14.963979],[-41.139801,-14.963857],[-41.140043,-14.963567],[-41.140114,-14.963305],[-41.140108,-14.962767],[-41.139949,-14.962001],[-41.139878,-14.961577],[-41.13989,-14.961042],[-41.13975,-14.960587],[-41.139495,-14.960198],[-41.139173,-14.959956],[-41.138717,-14.959748],[-41.138177,-14.959574],[-41.137907,-14.959445],[-41.137654,-14.959269],[-41.1375,-14.959058],[-41.137498,-14.958911],[-41.137564,-14.958764],[-41.137746,-14.958517],[-41.138416,-14.958151],[-41.13848,-14.957873],[-41.138393,-14.957564],[-41.138173,-14.957468],[-41.137749,-14.957414],[-41.137447,-14.957417],[-41.137295,-14.957369],[-41.137176,-14.957207],[-41.137208,-14.957043],[-41.137275,-14.956945],[-41.137424,-14.956813],[-41.13759,-14.956648],[-41.137639,-14.956435],[-41.137587,-14.956322],[-41.137401,-14.956176],[-41.13708,-14.956],[-41.136793,-14.955856],[-41.136538,-14.955597],[-41.136231,-14.955045],[-41.136124,-14.954524],[-41.135964,-14.953627],[-41.135678,-14.952359],[-41.135572,-14.951757],[-41.135698,-14.951037],[-41.135809,-14.950253],[-41.135823,-14.949992],[-41.13577,-14.949731],[-41.135517,-14.94957],[-41.135062,-14.949591],[-41.134743,-14.949545],[-41.13454,-14.949449],[-41.134437,-14.949286],[-41.134436,-14.949091],[-41.134567,-14.948763],[-41.134833,-14.948533],[-41.135082,-14.948219],[-41.135165,-14.948023],[-41.135163,-14.947844],[-41.135054,-14.947491],[-41.135041,-14.947113],[-41.135124,-14.947015],[-41.135343,-14.946921],[-41.135611,-14.94687],[-41.135724,-14.946731],[-41.135688,-14.946454],[-41.135551,-14.946227],[-41.135381,-14.946033],[-41.135194,-14.945773],[-41.135108,-14.945611],[-41.13509,-14.945415],[-41.135104,-14.945203],[-41.135203,-14.945055],[-41.13532,-14.94494],[-41.135521,-14.944856],[-41.136327,-14.944799],[-41.136495,-14.944749],[-41.136543,-14.944553],[-41.136541,-14.94434],[-41.136455,-14.94413],[-41.136252,-14.943935],[-41.136231,-14.943609],[-41.136229,-14.94343],[-41.136379,-14.943232],[-41.136504,-14.943086],[-41.136509,-14.942758],[-41.136507,-14.942355],[-41.136386,-14.942062],[-41.136284,-14.941867],[-41.136264,-14.941492],[-41.136261,-14.941215],[-41.13644,-14.940657],[-41.13654,-14.940503],[-41.136589,-14.940428],[-41.136988,-14.939823],[-41.137156,-14.939527],[-41.137481,-14.93914],[-41.137808,-14.938817],[-41.138055,-14.938546],[-41.138159,-14.938289],[-41.138182,-14.938033],[-41.138153,-14.937714],[-41.138058,-14.937509],[-41.137193,-14.936654],[-41.136064,-14.935266],[-41.135806,-14.934799],[-41.135774,-14.93425],[-41.135935,-14.933992],[-41.136451,-14.933637],[-41.13737,-14.933151],[-41.137581,-14.933003],[-41.137712,-14.932848],[-41.137814,-14.932631],[-41.137888,-14.932041],[-41.137867,-14.931286],[-41.137877,-14.930954],[-41.137915,-14.930787],[-41.137979,-14.930697],[-41.138138,-14.930632],[-41.138347,-14.930603],[-41.138507,-14.930641],[-41.138732,-14.930741],[-41.138942,-14.930778],[-41.139153,-14.930788],[-41.139391,-14.930773],[-41.139696,-14.930687],[-41.139905,-14.930494],[-41.1401,-14.930224],[-41.140465,-14.929797],[-41.140921,-14.929346],[-41.141091,-14.929216],[-41.141482,-14.928816],[-41.141813,-14.928538],[-41.14214,-14.928356],[-41.142416,-14.928225],[-41.142783,-14.928082],[-41.143202,-14.927898],[-41.143425,-14.927729],[-41.143542,-14.927588],[-41.14358,-14.927421],[-41.143564,-14.927229],[-41.143484,-14.927051],[-41.143297,-14.926823],[-41.14319,-14.926645],[-41.143149,-14.926491],[-41.143159,-14.926209],[-41.143316,-14.925765],[-41.143445,-14.925534],[-41.14355,-14.92543],[-41.143734,-14.92539],[-41.143892,-14.925388],[-41.144156,-14.925412],[-41.144394,-14.925499],[-41.144566,-14.925587],[-41.144685,-14.925586],[-41.144841,-14.925444],[-41.145037,-14.925238],[-41.145101,-14.92498],[-41.145163,-14.924647],[-41.145258,-14.924416],[-41.145268,-14.924392],[-41.145305,-14.924301],[-41.145408,-14.924108],[-41.145525,-14.92394],[-41.145879,-14.923797],[-41.146116,-14.92373],[-41.146321,-14.923714],[-41.146355,-14.923711],[-41.146602,-14.923636],[-41.146733,-14.923571],[-41.146916,-14.923467],[-41.147237,-14.923269],[-41.147437,-14.922978],[-41.147686,-14.922793],[-41.148014,-14.922683],[-41.148312,-14.922634],[-41.148514,-14.922481],[-41.148679,-14.922302],[-41.148858,-14.922144],[-41.148895,-14.921832],[-41.148893,-14.921578],[-41.148951,-14.921382],[-41.149009,-14.921226],[-41.149088,-14.921088],[-41.149328,-14.92095],[-41.149688,-14.920849],[-41.150009,-14.920748],[-41.150249,-14.92059],[-41.150467,-14.920432],[-41.150565,-14.920197],[-41.150604,-14.920002],[-41.150582,-14.919768],[-41.1505,-14.91971],[-41.15034,-14.919711],[-41.15016,-14.919772],[-41.14992,-14.919833],[-41.149638,-14.919855],[-41.149079,-14.920172],[-41.1489,-14.92033],[-41.14858,-14.92045],[-41.148478,-14.920392],[-41.148437,-14.920256],[-41.148456,-14.920061],[-41.148574,-14.919825],[-41.148651,-14.919493],[-41.148628,-14.919259],[-41.148566,-14.919026],[-41.148384,-14.91895],[-41.148123,-14.918932],[-41.147922,-14.918877],[-41.147839,-14.918682],[-41.147837,-14.918506],[-41.147937,-14.91835],[-41.147994,-14.918076],[-41.14799,-14.917745],[-41.148009,-14.917529],[-41.147946,-14.917257],[-41.147944,-14.917121],[-41.148064,-14.916983],[-41.148183,-14.916864],[-41.148303,-14.916844],[-41.148384,-14.916844],[-41.148464,-14.916901],[-41.148605,-14.916958],[-41.148949,-14.917189],[-41.149152,-14.917343],[-41.149514,-14.917418],[-41.149775,-14.917415],[-41.149975,-14.917336],[-41.150174,-14.917216],[-41.150273,-14.91702],[-41.150252,-14.916884],[-41.150189,-14.91665],[-41.150046,-14.916399],[-41.14976,-14.915933],[-41.149335,-14.915586],[-41.148583,-14.915168],[-41.147978,-14.914901],[-41.147757,-14.914922],[-41.147597,-14.914982],[-41.147457,-14.915004],[-41.147295,-14.914908],[-41.147108,-14.914363],[-41.146986,-14.914071],[-41.146842,-14.9138],[-41.14666,-14.913646],[-41.146438,-14.913569],[-41.146237,-14.913552],[-41.145996,-14.913554],[-41.145735,-14.913498],[-41.145572,-14.913343],[-41.14553,-14.91313],[-41.145528,-14.912915],[-41.145545,-14.912661],[-41.145643,-14.912445],[-41.145817,-14.912286],[-41.146122,-14.912213],[-41.146365,-14.912282],[-41.14661,-14.912407],[-41.146719,-14.912517],[-41.146913,-14.91262],[-41.147232,-14.912606],[-41.147452,-14.912487],[-41.14767,-14.912251],[-41.147768,-14.912016],[-41.147924,-14.911488],[-41.148016,-14.910649],[-41.147968,-14.909894],[-41.147842,-14.909368],[-41.1478,-14.909134],[-41.147819,-14.908978],[-41.147897,-14.908783],[-41.148076,-14.908605],[-41.148236,-14.908506],[-41.148536,-14.908367],[-41.148755,-14.908169],[-41.148873,-14.908032],[-41.149052,-14.907796],[-41.14919,-14.907522],[-41.149309,-14.907365],[-41.149521,-14.907209],[-41.149768,-14.907126],[-41.150609,-14.906768],[-41.150828,-14.906727],[-41.151169,-14.906567],[-41.151428,-14.90639],[-41.151507,-14.906271],[-41.151526,-14.906174],[-41.151541,-14.905403],[-41.151434,-14.904741],[-41.151351,-14.90441],[-41.151167,-14.904158],[-41.150844,-14.903908],[-41.150582,-14.903812],[-41.150239,-14.903757],[-41.149839,-14.9038],[-41.149377,-14.903804],[-41.148612,-14.903733],[-41.148331,-14.903697],[-41.148149,-14.903593],[-41.147947,-14.903506],[-41.147793,-14.903342],[-41.147683,-14.903157],[-41.14754,-14.902938],[-41.147457,-14.90271],[-41.147486,-14.902364],[-41.147545,-14.901666],[-41.147507,-14.901081],[-41.147333,-14.900826],[-41.147171,-14.900632],[-41.146885,-14.900422],[-41.146562,-14.900327],[-41.146243,-14.90027],[-41.145775,-14.900155],[-41.145054,-14.900013],[-41.14486,-14.899954],[-41.144284,-14.89957],[-41.143985,-14.899374],[-41.143902,-14.899102],[-41.143918,-14.898712],[-41.143995,-14.898418],[-41.144172,-14.897949],[-41.144487,-14.8974],[-41.144543,-14.89695],[-41.144681,-14.896657],[-41.145139,-14.896204],[-41.145438,-14.896006],[-41.145597,-14.895829],[-41.145735,-14.895594],[-41.145773,-14.895398],[-41.145791,-14.895207],[-41.14577,-14.895071],[-41.145708,-14.894994],[-41.145607,-14.894936],[-41.145346,-14.894861],[-41.145125,-14.894863],[-41.144904,-14.894845],[-41.144522,-14.894829],[-41.14422,-14.894715],[-41.143997,-14.894502],[-41.143854,-14.894231],[-41.14383,-14.893899],[-41.143888,-14.893646],[-41.143966,-14.893411],[-41.144283,-14.892979],[-41.144762,-14.892682],[-41.145241,-14.892345],[-41.14534,-14.892188],[-41.145418,-14.892032],[-41.145437,-14.891856],[-41.145375,-14.89172],[-41.145274,-14.891643],[-41.145131,-14.891372],[-41.145129,-14.891157],[-41.145207,-14.890961],[-41.145326,-14.890862],[-41.145566,-14.890762],[-41.145624,-14.890509],[-41.145643,-14.890352],[-41.145841,-14.890057],[-41.14596,-14.88994],[-41.146139,-14.889821],[-41.14638,-14.889741],[-41.146701,-14.889738],[-41.147062,-14.889773],[-41.147443,-14.889672],[-41.147652,-14.889562],[-41.147808,-14.88936],[-41.147933,-14.88916],[-41.147993,-14.888883],[-41.147974,-14.888608],[-41.147844,-14.888194],[-41.147443,-14.887615],[-41.146779,-14.886984],[-41.14621,-14.886547],[-41.145488,-14.886394],[-41.144875,-14.885978],[-41.144022,-14.885715],[-41.143453,-14.885453],[-41.14295,-14.88484],[-41.142621,-14.884206],[-41.142315,-14.883287],[-41.142359,-14.882433],[-41.14295,-14.881908],[-41.14354,-14.881492],[-41.144,-14.881077],[-41.144219,-14.880398],[-41.144481,-14.880026],[-41.144963,-14.879807],[-41.145488,-14.880179],[-41.146057,-14.880836],[-41.146779,-14.880945],[-41.147676,-14.880376],[-41.148004,-14.879917],[-41.148201,-14.879085],[-41.148241,-14.878778],[-41.148331,-14.878098],[-41.148331,-14.877786],[-41.148485,-14.877355],[-41.148732,-14.876816],[-41.148793,-14.876737],[-41.149044,-14.876414],[-41.14931,-14.876151],[-41.149715,-14.875656],[-41.150202,-14.875361],[-41.150658,-14.875126],[-41.150971,-14.874801],[-41.151472,-14.874443],[-41.151738,-14.874165],[-41.151956,-14.873871],[-41.152047,-14.873503],[-41.152062,-14.873349],[-41.152024,-14.872582],[-41.151892,-14.871985],[-41.151712,-14.871373],[-41.151612,-14.870853],[-41.151593,-14.8705],[-41.151587,-14.869932],[-41.151598,-14.869411],[-41.15156,-14.868736],[-41.151602,-14.86823],[-41.151727,-14.86806],[-41.151867,-14.867843],[-41.152118,-14.867734],[-41.15234,-14.867732],[-41.153019,-14.867802],[-41.153462,-14.867828],[-41.153671,-14.867768],[-41.153891,-14.867658],[-41.154095,-14.867487],[-41.154235,-14.867256],[-41.154326,-14.866933],[-41.154369,-14.866473],[-41.154316,-14.865936],[-41.154172,-14.865692],[-41.154042,-14.865309],[-41.15396,-14.865004],[-41.15383,-14.864667],[-41.153764,-14.864407],[-41.153571,-14.864025],[-41.153123,-14.863431],[-41.152899,-14.863204],[-41.152809,-14.862787],[-41.152834,-14.862378],[-41.152934,-14.861977],[-41.153151,-14.86171],[-41.153602,-14.861559],[-41.154145,-14.861518],[-41.154454,-14.861417],[-41.154621,-14.8613],[-41.154997,-14.860908],[-41.155214,-14.860774],[-41.155465,-14.860808],[-41.15569,-14.861016],[-41.156016,-14.861442],[-41.156279,-14.861688],[-41.156678,-14.862067],[-41.156836,-14.862127],[-41.157073,-14.86214],[-41.157562,-14.862074],[-41.157945,-14.861868],[-41.158841,-14.861354],[-41.159342,-14.860996],[-41.160291,-14.860466],[-41.160668,-14.86034],[-41.161062,-14.860244],[-41.162105,-14.86028],[-41.162547,-14.860337],[-41.162911,-14.860411],[-41.163197,-14.860576],[-41.163626,-14.860772],[-41.163896,-14.860969],[-41.164374,-14.861363],[-41.164789,-14.861804],[-41.165574,-14.86279],[-41.165753,-14.862961],[-41.165931,-14.862978],[-41.166029,-14.862939],[-41.166146,-14.862766],[-41.166303,-14.86263],[-41.166539,-14.86257],[-41.167072,-14.862584],[-41.167545,-14.862542],[-41.167999,-14.862576],[-41.168473,-14.86259],[-41.168946,-14.862624],[-41.169141,-14.862604],[-41.169538,-14.862561],[-41.169753,-14.862406],[-41.169968,-14.862136],[-41.17016,-14.861731],[-41.170275,-14.86127],[-41.170326,-14.86058],[-41.170322,-14.860158],[-41.170194,-14.858841],[-41.170014,-14.858575],[-41.169735,-14.858329],[-41.169476,-14.858043],[-41.169316,-14.857796],[-41.169274,-14.857605],[-41.169291,-14.857317],[-41.169409,-14.8571],[-41.169857,-14.856463],[-41.169894,-14.856234],[-41.169853,-14.856099],[-41.169712,-14.855852],[-41.169473,-14.855586],[-41.169176,-14.855474],[-41.16888,-14.855438],[-41.168661,-14.855344],[-41.168379,-14.855159],[-41.168313,-14.855059],[-41.168332,-14.854925],[-41.16842,-14.854829],[-41.168517,-14.854675],[-41.168673,-14.854482],[-41.168711,-14.854328],[-41.168709,-14.854194],[-41.168548,-14.853812],[-41.168545,-14.853583],[-41.168604,-14.853467],[-41.168741,-14.853408],[-41.168879,-14.853368],[-41.169036,-14.853367],[-41.169175,-14.853404],[-41.169254,-14.853487],[-41.169435,-14.853766],[-41.169655,-14.854032],[-41.169934,-14.854317],[-41.170291,-14.854563],[-41.171005,-14.8549],[-41.171262,-14.854956],[-41.171678,-14.855066],[-41.172012,-14.855006],[-41.172247,-14.854774],[-41.172204,-14.854468],[-41.172123,-14.854219],[-41.171943,-14.853972],[-41.171645,-14.853841],[-41.171522,-14.853723],[-41.159111,-14.849857],[-41.108371,-14.833987],[-41.072841,-14.822875],[-41.072641,-14.822812],[-41.072633,-14.822824],[-41.072625,-14.822836],[-41.072621,-14.822841],[-41.072285,-14.823315],[-41.071177,-14.822761],[-41.070069,-14.822761],[-41.069037,-14.822836],[-41.068157,-14.823716],[-41.067092,-14.824688],[-41.065518,-14.825753],[-41.064082,-14.827328],[-41.06172,-14.829597],[-41.060841,-14.830847],[-41.060368,-14.83237],[-41.060474,-14.833057],[-41.060686,-14.834062],[-41.059998,-14.834908],[-41.058571,-14.835701],[-41.057989,-14.835595],[-41.056879,-14.834062],[-41.056033,-14.831947],[-41.054975,-14.830942],[-41.052648,-14.829039],[-41.052608,-14.829023],[-41.050428,-14.828193],[-41.050058,-14.828888],[-41.0487,-14.830028],[-41.047278,-14.830984],[-41.046369,-14.831142],[-41.045623,-14.831547],[-41.045128,-14.831715],[-41.044889,-14.831795],[-41.044792,-14.831848],[-41.044279,-14.832123],[-41.044155,-14.83219],[-41.043456,-14.832652],[-41.042908,-14.833159],[-41.042547,-14.833789],[-41.04208,-14.835096],[-41.041841,-14.835736],[-41.041387,-14.836316],[-41.041214,-14.836564],[-41.041091,-14.836914],[-41.040845,-14.837359],[-41.040812,-14.837789],[-41.040608,-14.838113],[-41.040216,-14.838767],[-41.039957,-14.839229],[-41.039806,-14.839414],[-41.039625,-14.83948],[-41.039418,-14.839501],[-41.039375,-14.839535],[-41.039347,-14.839632],[-41.039446,-14.839783],[-41.039489,-14.839866],[-41.039513,-14.839965],[-41.039539,-14.840073],[-41.039471,-14.840174],[-41.039235,-14.840845],[-41.039197,-14.8409],[-41.038926,-14.84159],[-41.038726,-14.842017],[-41.03875,-14.842228],[-41.038769,-14.842403],[-41.038801,-14.842628],[-41.03884,-14.842899],[-41.038847,-14.842964],[-41.04039,-14.844136],[-41.040314,-14.84433],[-41.040289,-14.84438],[-41.040256,-14.844445],[-41.040167,-14.84479],[-41.040162,-14.844834],[-41.040149,-14.844932],[-41.04009,-14.845095],[-41.040055,-14.845234],[-41.040059,-14.845413],[-41.040043,-14.845524],[-41.040024,-14.845591],[-41.03987,-14.845835],[-41.039796,-14.845945],[-41.039815,-14.846115],[-41.039791,-14.846184],[-41.039726,-14.846366],[-41.039651,-14.846612],[-41.039551,-14.846963],[-41.039544,-14.847015],[-41.039527,-14.847134],[-41.039469,-14.847379],[-41.039549,-14.847656],[-41.03956,-14.847778],[-41.039373,-14.848535],[-41.039262,-14.848754],[-41.039076,-14.849071],[-41.03901,-14.849189],[-41.039118,-14.849322],[-41.039298,-14.849612],[-41.039521,-14.849876],[-41.039768,-14.850143],[-41.040024,-14.850418],[-41.040117,-14.850527],[-41.040146,-14.851042],[-41.040178,-14.85129],[-41.040282,-14.851586],[-41.040346,-14.852008],[-41.040328,-14.852163],[-41.040293,-14.852276],[-41.040267,-14.8524],[-41.040205,-14.852496],[-41.04009,-14.852626],[-41.039924,-14.852792],[-41.04001,-14.852895],[-41.040067,-14.853143],[-41.039967,-14.853267],[-41.039839,-14.853419],[-41.039867,-14.853556],[-41.039953,-14.853736],[-41.039938,-14.85397],[-41.040053,-14.854356],[-41.040267,-14.854563],[-41.040238,-14.854783],[-41.040038,-14.855018],[-41.040309,-14.855528],[-41.040295,-14.855886],[-41.040352,-14.856424],[-41.040425,-14.856581],[-41.040552,-14.856851],[-41.041022,-14.857499],[-41.041351,-14.857692],[-41.041279,-14.857913],[-41.041094,-14.85812],[-41.041065,-14.858423],[-41.041137,-14.858602],[-41.04088,-14.858947],[-41.040623,-14.859291],[-41.040637,-14.859691],[-41.040737,-14.860312],[-41.040837,-14.860877],[-41.040751,-14.861759],[-41.040637,-14.862118],[-41.040766,-14.862283],[-41.040994,-14.862242],[-41.041194,-14.862145],[-41.041636,-14.862421],[-41.041992,-14.862972],[-41.042178,-14.863207],[-41.042463,-14.8634],[-41.042805,-14.863662],[-41.043091,-14.863979],[-41.043419,-14.864309],[-41.04349,-14.864627],[-41.04349,-14.865026],[-41.043319,-14.865467],[-41.04329,-14.865674],[-41.043333,-14.865922],[-41.043419,-14.865853],[-41.043547,-14.865605],[-41.043704,-14.865716],[-41.043875,-14.865978],[-41.043932,-14.866198],[-41.043932,-14.86635],[-41.044046,-14.866488],[-41.044317,-14.866529],[-41.044389,-14.866694],[-41.044389,-14.866832],[-41.044731,-14.866929],[-41.044959,-14.867067],[-41.045087,-14.867356],[-41.044873,-14.867618],[-41.044717,-14.867783],[-41.044931,-14.867907],[-41.045061,-14.867909],[-41.045159,-14.867997],[-41.044884,-14.868361],[-41.044708,-14.86854],[-41.044436,-14.868849],[-41.044192,-14.869335],[-41.044157,-14.869634],[-41.04426,-14.869996],[-41.044353,-14.870279],[-41.044394,-14.870406],[-41.044446,-14.870568],[-41.044481,-14.87083],[-41.044538,-14.870995],[-41.044638,-14.871092],[-41.044766,-14.871099],[-41.044888,-14.870968],[-41.044988,-14.870926],[-41.045066,-14.870989],[-41.045294,-14.87134],[-41.045351,-14.871581],[-41.045515,-14.87185],[-41.045651,-14.872009],[-41.045943,-14.87236],[-41.046022,-14.872636],[-41.046057,-14.872939],[-41.046228,-14.873215],[-41.046628,-14.873587],[-41.046685,-14.87369],[-41.046599,-14.873752],[-41.046499,-14.873821],[-41.046485,-14.873973],[-41.046756,-14.874435],[-41.047156,-14.875062],[-41.047354,-14.875236],[-41.047754,-14.875202],[-41.047895,-14.875187],[-41.047958,-14.87542],[-41.047939,-14.87575],[-41.048097,-14.875896],[-41.048396,-14.876123],[-41.048881,-14.876323],[-41.049252,-14.876482],[-41.049873,-14.876647],[-41.050158,-14.876833],[-41.050493,-14.877081],[-41.05075,-14.87735],[-41.051256,-14.877743],[-41.051463,-14.877895],[-41.051527,-14.878095],[-41.051484,-14.878412],[-41.051499,-14.879135],[-41.051606,-14.879542],[-41.051784,-14.88008],[-41.051834,-14.880383],[-41.051969,-14.880652],[-41.052119,-14.880824],[-41.052433,-14.881072],[-41.052775,-14.881272],[-41.053324,-14.881389],[-41.053531,-14.881396],[-41.053995,-14.881527],[-41.054808,-14.881775],[-41.054986,-14.881872],[-41.0551,-14.882016],[-41.055214,-14.882168],[-41.055385,-14.882437],[-41.055656,-14.882837],[-41.055785,-14.883057],[-41.056048,-14.883843],[-41.056113,-14.884311],[-41.05597,-14.885021],[-41.055913,-14.885338],[-41.055963,-14.885435],[-41.056227,-14.885587],[-41.056491,-14.885642],[-41.056847,-14.885649],[-41.057296,-14.885545],[-41.057589,-14.885531],[-41.057838,-14.885552],[-41.057953,-14.885655],[-41.058017,-14.885766],[-41.058052,-14.885876],[-41.058081,-14.886103],[-41.05806,-14.886469],[-41.058159,-14.886813],[-41.058373,-14.887275],[-41.058559,-14.887606],[-41.058908,-14.888033],[-41.059136,-14.888233],[-41.059643,-14.888302],[-41.060698,-14.888212],[-41.061247,-14.888157],[-41.061504,-14.888206],[-41.061675,-14.888302],[-41.061804,-14.888412],[-41.061975,-14.888612],[-41.062303,-14.888922],[-41.062617,-14.889081],[-41.062858,-14.889088],[-41.062651,-14.889703],[-41.062373,-14.890053],[-41.062192,-14.890402],[-41.062076,-14.890589],[-41.061859,-14.890939],[-41.061303,-14.891529],[-41.060845,-14.891825],[-41.060095,-14.891825],[-41.059904,-14.89183],[-41.059571,-14.892229],[-41.059368,-14.89271],[-41.05903,-14.89283],[-41.058769,-14.892878],[-41.058748,-14.892805],[-41.058749,-14.892679],[-41.058819,-14.892558],[-41.058981,-14.892374],[-41.059018,-14.892214],[-41.058965,-14.892108],[-41.058858,-14.891987],[-41.058541,-14.891925],[-41.058366,-14.891895],[-41.058256,-14.891876],[-41.058186,-14.891897],[-41.058171,-14.891934],[-41.058166,-14.891946],[-41.058199,-14.892113],[-41.058171,-14.892462],[-41.058098,-14.892559],[-41.058007,-14.892606],[-41.05781,-14.892583],[-41.057379,-14.892563],[-41.057129,-14.892619],[-41.056858,-14.892549],[-41.056418,-14.892281],[-41.056407,-14.892274],[-41.056219,-14.892238],[-41.056091,-14.892271],[-41.0559,-14.892456],[-41.055494,-14.892832],[-41.055365,-14.892952],[-41.055111,-14.89307],[-41.055045,-14.8931],[-41.054726,-14.893167],[-41.054588,-14.893282],[-41.054573,-14.893368],[-41.054586,-14.893395],[-41.054649,-14.893529],[-41.054712,-14.893785],[-41.05467,-14.893919],[-41.054517,-14.893959],[-41.054392,-14.893919],[-41.054119,-14.893684],[-41.054017,-14.893597],[-41.053851,-14.893543],[-41.053733,-14.89359],[-41.05376,-14.893845],[-41.053762,-14.893905],[-41.053767,-14.89404],[-41.053698,-14.894268],[-41.053601,-14.894456],[-41.053503,-14.894483],[-41.053309,-14.894389],[-41.053089,-14.894322],[-41.053087,-14.894321],[-41.053045,-14.894338],[-41.05285,-14.894415],[-41.052712,-14.89459],[-41.05242,-14.894966],[-41.052253,-14.8951],[-41.0521,-14.895214],[-41.05193,-14.895196],[-41.051809,-14.895147],[-41.051559,-14.894832],[-41.051239,-14.894603],[-41.050684,-14.894523],[-41.05042,-14.894496],[-41.0501,-14.894523],[-41.049794,-14.894415],[-41.049336,-14.894187],[-41.049003,-14.894214],[-41.048725,-14.894268],[-41.048392,-14.894295],[-41.048058,-14.894093],[-41.047822,-14.893986],[-41.047711,-14.893811],[-41.047516,-14.893556],[-41.047114,-14.893489],[-41.046669,-14.893476],[-41.046433,-14.893449],[-41.046252,-14.893597],[-41.046058,-14.893489],[-41.045947,-14.893355],[-41.045863,-14.893261],[-41.045724,-14.893254],[-41.045537,-14.893469],[-41.045322,-14.89367],[-41.045065,-14.893831],[-41.04487,-14.893905],[-41.044745,-14.893919],[-41.044655,-14.893865],[-41.044606,-14.893751],[-41.044578,-14.893583],[-41.044516,-14.893301],[-41.044446,-14.893194],[-41.044439,-14.893186],[-41.044315,-14.893053],[-41.04421,-14.892992],[-41.044078,-14.893019],[-41.043946,-14.893093],[-41.043821,-14.893201],[-41.043571,-14.893476],[-41.043377,-14.893684],[-41.043196,-14.893818],[-41.043099,-14.893831],[-41.04302,-14.89378],[-41.042974,-14.893751],[-41.042689,-14.893731],[-41.04255,-14.893805],[-41.042474,-14.893905],[-41.042439,-14.894087],[-41.042363,-14.894281],[-41.042349,-14.894375],[-41.042189,-14.89455],[-41.041995,-14.894717],[-41.041641,-14.895073],[-41.041453,-14.895469],[-41.041488,-14.895563],[-41.041641,-14.895697],[-41.041759,-14.895758],[-41.041828,-14.895838],[-41.041835,-14.895885],[-41.041786,-14.895932],[-41.041668,-14.895939],[-41.041446,-14.895979],[-41.041342,-14.896026],[-41.041279,-14.896114],[-41.041252,-14.896241],[-41.041286,-14.896335],[-41.04139,-14.896449],[-41.041509,-14.896503],[-41.041571,-14.896496],[-41.041696,-14.896442],[-41.041814,-14.896322],[-41.041974,-14.896315],[-41.042016,-14.896342],[-41.042023,-14.896422],[-41.042016,-14.89653],[-41.041925,-14.896644],[-41.041682,-14.896785],[-41.04146,-14.896899],[-41.041259,-14.897033],[-41.041133,-14.897194],[-41.041057,-14.897235],[-41.040988,-14.897322],[-41.041036,-14.897409],[-41.041092,-14.89749],[-41.041123,-14.897522],[-41.041124,-14.897523],[-41.041147,-14.897624],[-41.041189,-14.897731],[-41.041265,-14.897859],[-41.0413,-14.897973],[-41.041286,-14.898047],[-41.041203,-14.898134],[-41.04112,-14.898167],[-41.041008,-14.898094],[-41.04087,-14.897933],[-41.040682,-14.897825],[-41.040488,-14.897747],[-41.040467,-14.897738],[-41.040363,-14.897738],[-41.040217,-14.897859],[-41.040105,-14.898003],[-41.040029,-14.8981],[-41.039967,-14.898302],[-41.039911,-14.898402],[-41.039821,-14.898483],[-41.039703,-14.898429],[-41.039453,-14.898208],[-41.039217,-14.898],[-41.039078,-14.897912],[-41.038967,-14.897899],[-41.038758,-14.89804],[-41.038647,-14.898228],[-41.038598,-14.89857],[-41.038598,-14.898839],[-41.038668,-14.899114],[-41.038713,-14.899181],[-41.038821,-14.899342],[-41.038821,-14.899389],[-41.0388,-14.899476],[-41.038682,-14.899537],[-41.038591,-14.899584],[-41.038362,-14.899651],[-41.037973,-14.899705],[-41.037202,-14.899664],[-41.036931,-14.899631],[-41.036612,-14.899604],[-41.036167,-14.899597],[-41.035834,-14.899637],[-41.035501,-14.899725],[-41.035397,-14.899819],[-41.035341,-14.899933],[-41.035285,-14.900121],[-41.035237,-14.900201],[-41.035146,-14.900231],[-41.035056,-14.900262],[-41.03493,-14.900308],[-41.034709,-14.900389],[-41.034524,-14.900434],[-41.034329,-14.900418],[-41.034049,-14.900349],[-41.033716,-14.900349],[-41.033591,-14.900409],[-41.033452,-14.900503],[-41.033285,-14.900651],[-41.032973,-14.900758],[-41.032743,-14.900839],[-41.032716,-14.900926],[-41.032743,-14.901054],[-41.032841,-14.901141],[-41.033056,-14.901181],[-41.033202,-14.901309],[-41.033257,-14.901376],[-41.033334,-14.901517],[-41.033368,-14.901651],[-41.033466,-14.901966],[-41.033528,-14.902094],[-41.033591,-14.902175],[-41.033625,-14.902275],[-41.033598,-14.902356],[-41.033563,-14.902463],[-41.033493,-14.90251],[-41.033403,-14.902517],[-41.033313,-14.902483],[-41.033278,-14.90243],[-41.033264,-14.902322],[-41.033202,-14.902248],[-41.033118,-14.902242],[-41.032973,-14.902295],[-41.032903,-14.902376],[-41.032868,-14.902477],[-41.032868,-14.902597],[-41.032854,-14.902725],[-41.032799,-14.902852],[-41.032688,-14.902953],[-41.032368,-14.903181],[-41.03209,-14.903322],[-41.032042,-14.903443],[-41.032077,-14.903571],[-41.032139,-14.903691],[-41.032257,-14.903779],[-41.032466,-14.903839],[-41.032632,-14.903893],[-41.032792,-14.90404],[-41.032875,-14.904148],[-41.032873,-14.904175],[-41.032861,-14.904322],[-41.032827,-14.90449],[-41.032729,-14.904698],[-41.032611,-14.904879],[-41.032431,-14.90496],[-41.032337,-14.904965],[-41.032195,-14.904973],[-41.03207,-14.904973],[-41.031868,-14.905014],[-41.031771,-14.905114],[-41.031521,-14.905396],[-41.031382,-14.905638],[-41.03132,-14.905806],[-41.031285,-14.906014],[-41.031257,-14.906188],[-41.03107,-14.906423],[-41.03091,-14.906551],[-41.030875,-14.906645],[-41.030854,-14.906759],[-41.030944,-14.907054],[-41.031007,-14.907269],[-41.031021,-14.90749],[-41.030979,-14.907638],[-41.030806,-14.907792],[-41.030458,-14.907994],[-41.030312,-14.90802],[-41.03018,-14.908074],[-41.03016,-14.908155],[-41.030243,-14.908343],[-41.030354,-14.908484],[-41.030403,-14.908578],[-41.030431,-14.908671],[-41.03041,-14.908772],[-41.030312,-14.90898],[-41.030222,-14.909175],[-41.030271,-14.909363],[-41.030271,-14.909497],[-41.030208,-14.909631],[-41.030007,-14.909839],[-41.029819,-14.90996],[-41.029673,-14.910041],[-41.029514,-14.910242],[-41.029326,-14.910584],[-41.029,-14.911068],[-41.028903,-14.911302],[-41.028951,-14.911537],[-41.028944,-14.911672],[-41.028861,-14.911732],[-41.028743,-14.911732],[-41.028618,-14.911732],[-41.028472,-14.911739],[-41.028291,-14.911739],[-41.028215,-14.911846],[-41.028229,-14.911913],[-41.028284,-14.911994],[-41.028444,-14.912021],[-41.02859,-14.911987],[-41.028687,-14.91198],[-41.028757,-14.912],[-41.028777,-14.912074],[-41.028757,-14.912155],[-41.028701,-14.912262],[-41.028611,-14.912356],[-41.028382,-14.912464],[-41.028201,-14.912564],[-41.028111,-14.912672],[-41.028125,-14.912752],[-41.028208,-14.912853],[-41.028277,-14.913007],[-41.028319,-14.913121],[-41.028333,-14.913256],[-41.028312,-14.913611],[-41.02825,-14.91388],[-41.028132,-14.914115],[-41.027986,-14.914296],[-41.027666,-14.91443],[-41.027604,-14.91449],[-41.027673,-14.914605],[-41.027791,-14.914685],[-41.02784,-14.914766],[-41.027882,-14.91488],[-41.027868,-14.915034],[-41.027868,-14.915208],[-41.027868,-14.915417],[-41.027916,-14.915658],[-41.027839,-14.915864],[-41.027826,-14.9159],[-41.027729,-14.916007],[-41.027625,-14.916121],[-41.027493,-14.916222],[-41.027279,-14.916211],[-41.027229,-14.916209],[-41.026993,-14.916239],[-41.026867,-14.916256],[-41.026499,-14.916363],[-41.02602,-14.916504],[-41.025812,-14.916631],[-41.025659,-14.916799],[-41.02561,-14.91696],[-41.025638,-14.917047],[-41.025728,-14.917188],[-41.025826,-14.917282],[-41.025992,-14.91747],[-41.026097,-14.917645],[-41.026103,-14.917853],[-41.026097,-14.917994],[-41.026069,-14.918135],[-41.026034,-14.918417],[-41.026006,-14.918511],[-41.025944,-14.918571],[-41.025777,-14.918625],[-41.025659,-14.918752],[-41.02561,-14.918826],[-41.025596,-14.918994],[-41.025596,-14.919121],[-41.02559,-14.919235],[-41.025541,-14.919329],[-41.025402,-14.91939],[-41.025096,-14.919383],[-41.024812,-14.919417],[-41.024701,-14.91947],[-41.024673,-14.919537],[-41.02468,-14.919651],[-41.024714,-14.919752],[-41.024791,-14.91992],[-41.024826,-14.920363],[-41.024617,-14.920927],[-41.024582,-14.921128],[-41.024492,-14.921349],[-41.024353,-14.921571],[-41.024159,-14.921739],[-41.023985,-14.92198],[-41.023867,-14.922208],[-41.023673,-14.922417],[-41.023471,-14.922651],[-41.023457,-14.922719],[-41.023513,-14.922859],[-41.023582,-14.922933],[-41.0237,-14.923034],[-41.023881,-14.923229],[-41.02395,-14.923343],[-41.023985,-14.923484],[-41.023999,-14.923618],[-41.023937,-14.923933],[-41.023805,-14.924188],[-41.023686,-14.924249],[-41.023485,-14.924215],[-41.023277,-14.924235],[-41.023082,-14.924282],[-41.022936,-14.92439],[-41.022818,-14.924591],[-41.022742,-14.924772],[-41.022693,-14.924967],[-41.0227,-14.925282],[-41.022665,-14.925457],[-41.022617,-14.925584],[-41.022506,-14.925759],[-41.022415,-14.92588],[-41.022353,-14.926041],[-41.022318,-14.926316],[-41.022235,-14.926725],[-41.022209,-14.926867],[-41.02204,-14.927275],[-41.021908,-14.927832],[-41.021922,-14.928014],[-41.022471,-14.928249],[-41.022693,-14.928363],[-41.02277,-14.92851],[-41.022749,-14.928665],[-41.022686,-14.928853],[-41.022492,-14.929181],[-41.022297,-14.929436],[-41.022228,-14.929624],[-41.022235,-14.929765],[-41.0222,-14.929873],[-41.022096,-14.92992],[-41.02186,-14.930047],[-41.021582,-14.930396],[-41.021513,-14.930577],[-41.02154,-14.930705],[-41.021742,-14.930832],[-41.021895,-14.930886],[-41.021985,-14.93094],[-41.02202,-14.93098],[-41.022013,-14.931067],[-41.021985,-14.931148],[-41.02186,-14.931248],[-41.021651,-14.93147],[-41.02104,-14.931893],[-41.020658,-14.932342],[-41.020582,-14.93253],[-41.020554,-14.932792],[-41.020596,-14.932973],[-41.02061,-14.933154],[-41.020596,-14.933389],[-41.020436,-14.933557],[-41.0202,-14.933631],[-41.019971,-14.933651],[-41.019748,-14.933752],[-41.019498,-14.933879],[-41.019359,-14.93402],[-41.019283,-14.934188],[-41.019255,-14.934456],[-41.019214,-14.934751],[-41.019123,-14.935329],[-41.019089,-14.935886],[-41.019054,-14.93659],[-41.019026,-14.936691],[-41.018901,-14.936953],[-41.018665,-14.93712],[-41.018436,-14.937322],[-41.018227,-14.937604],[-41.018151,-14.937865],[-41.018095,-14.93802],[-41.017991,-14.938174],[-41.017762,-14.938328],[-41.017526,-14.938597],[-41.017463,-14.938865],[-41.017429,-14.938986],[-41.017179,-14.939268],[-41.017012,-14.939476],[-41.016741,-14.939704],[-41.016728,-14.939719],[-41.016463,-14.940026],[-41.016338,-14.940227],[-41.016274,-14.940331],[-41.015945,-14.940574],[-41.015668,-14.940503],[-41.015508,-14.940368],[-41.015438,-14.940332],[-41.015328,-14.940274],[-41.015223,-14.940194],[-41.015085,-14.940187],[-41.014959,-14.940268],[-41.014883,-14.940355],[-41.014716,-14.940556],[-41.014376,-14.940784],[-41.014182,-14.940852],[-41.014064,-14.940865],[-41.013897,-14.940825],[-41.013853,-14.940802],[-41.013765,-14.940758],[-41.013605,-14.940704],[-41.013501,-14.940704],[-41.013418,-14.940744],[-41.013279,-14.940885],[-41.013147,-14.941086],[-41.013123,-14.941171],[-41.013098,-14.941261],[-41.01298,-14.941435],[-41.012855,-14.941583],[-41.012723,-14.941684],[-41.012677,-14.94173],[-41.012563,-14.941845],[-41.012466,-14.941939],[-41.012313,-14.94214],[-41.012265,-14.942227],[-41.012133,-14.942341],[-41.01207,-14.942449],[-41.012022,-14.942529],[-41.011876,-14.942616],[-41.011681,-14.942643],[-41.011487,-14.94263],[-41.011237,-14.94259],[-41.010882,-14.942569],[-41.010674,-14.94263],[-41.010473,-14.942697],[-41.010091,-14.942824],[-41.009868,-14.942858],[-41.009611,-14.942811],[-41.009278,-14.94269],[-41.009021,-14.94259],[-41.008875,-14.942482],[-41.008778,-14.942408],[-41.008731,-14.942404],[-41.008584,-14.942388],[-41.008459,-14.942402],[-41.008402,-14.942439],[-41.008347,-14.942475],[-41.008285,-14.942556],[-41.008122,-14.942603],[-41.007836,-14.942492],[-41.007729,-14.942496],[-41.007535,-14.942462],[-41.007375,-14.942543],[-41.007264,-14.942623],[-41.007181,-14.942684],[-41.007056,-14.942657],[-41.006958,-14.942583],[-41.006868,-14.942549],[-41.006722,-14.942616],[-41.006618,-14.942771],[-41.00641,-14.942979],[-41.00625,-14.943207],[-41.006229,-14.943334],[-41.006271,-14.943435],[-41.006354,-14.943542],[-41.006389,-14.943636],[-41.006361,-14.943744],[-41.00625,-14.943831],[-41.006153,-14.943858],[-41.006042,-14.943831],[-41.005954,-14.943832],[-41.005896,-14.943891],[-41.005868,-14.943945],[-41.005764,-14.944052],[-41.005639,-14.944079],[-41.005444,-14.94412],[-41.005291,-14.944214],[-41.005076,-14.944314],[-41.00493,-14.944388],[-41.004805,-14.944475],[-41.004743,-14.944609],[-41.004729,-14.944697],[-41.004736,-14.944878],[-41.004868,-14.94522],[-41.004916,-14.945348],[-41.00493,-14.945415],[-41.004916,-14.945522],[-41.00484,-14.945656],[-41.004666,-14.945837],[-41.004639,-14.945931],[-41.004664,-14.946009],[-41.00468,-14.946059],[-41.004743,-14.946146],[-41.004757,-14.946227],[-41.004722,-14.946347],[-41.004611,-14.946502],[-41.0045,-14.946616],[-41.004298,-14.946723],[-41.004076,-14.946965],[-41.00393,-14.947039],[-41.003763,-14.947066],[-41.003666,-14.947079],[-41.003604,-14.947052],[-41.003493,-14.946925],[-41.003354,-14.946723],[-41.003215,-14.946623],[-41.003131,-14.946522],[-41.003117,-14.946455],[-41.003055,-14.946327],[-41.002951,-14.946301],[-41.002854,-14.946347],[-41.002694,-14.946482],[-41.002374,-14.946683],[-41.002194,-14.94679],[-41.001999,-14.946904],[-41.001756,-14.946972],[-41.001492,-14.946931],[-41.001388,-14.946884],[-41.001249,-14.946777],[-41.00102,-14.946737],[-41.00086,-14.946743],[-41.000659,-14.946777],[-41.000443,-14.946844],[-41.000284,-14.946884],[-41.000103,-14.946925],[-41.000087,-14.946916],[-40.999992,-14.946864],[-40.999923,-14.946784],[-40.999883,-14.946763],[-40.999804,-14.946723],[-40.999693,-14.946717],[-40.99961,-14.946737],[-40.999534,-14.946764],[-40.999436,-14.946831],[-40.999311,-14.946945],[-40.999103,-14.947159],[-40.998971,-14.947441],[-40.998964,-14.947555],[-40.998971,-14.947683],[-40.998971,-14.947797],[-40.998902,-14.947945],[-40.998735,-14.948112],[-40.998568,-14.948247],[-40.99836,-14.948327],[-40.99804,-14.948609],[-40.997929,-14.94879],[-40.997853,-14.948998],[-40.997783,-14.949193],[-40.997693,-14.949381],[-40.997492,-14.949642],[-40.997459,-14.949719],[-40.997381,-14.949904],[-40.997353,-14.950045],[-40.997158,-14.950394],[-40.996936,-14.950562],[-40.996665,-14.950656],[-40.996311,-14.950709],[-40.996096,-14.950716],[-40.99592,-14.950712],[-40.995825,-14.950709],[-40.99563,-14.95075],[-40.995477,-14.95083],[-40.995359,-14.950911],[-40.995307,-14.951022],[-40.995283,-14.951152],[-40.995248,-14.951273],[-40.995245,-14.951283],[-40.995179,-14.951474],[-40.995123,-14.951588],[-40.994977,-14.951682],[-40.994873,-14.951723],[-40.994755,-14.951729],[-40.994533,-14.951689],[-40.994283,-14.951635],[-40.993734,-14.951561],[-40.993408,-14.951548],[-40.993144,-14.951602],[-40.992901,-14.951669],[-40.992734,-14.951843],[-40.992602,-14.951991],[-40.992387,-14.952071],[-40.992199,-14.952031],[-40.99206,-14.951957],[-40.991935,-14.95181],[-40.991692,-14.951615],[-40.991546,-14.951528],[-40.991296,-14.951434],[-40.991074,-14.9514],[-40.990664,-14.9514],[-40.990116,-14.951588],[-40.989824,-14.951642],[-41.003291,-14.955186],[-41.007708,-14.956349],[-41.022668,-14.960286],[-41.052565,-14.969071],[-41.08484,-14.978549],[-41.09013,-14.980098]]]},"properties":{"cd_unidade":"293330706","nome":"Bate-Pé","tipo":"distrito","situacao":"rural","cd_dist":"293330706","nm_dist":"Bate-Pé","cd_mun":"2933307","nm_mun":"Vitória da Conquista","area_km2":193.988651,"area_domiciliada_km2":2.65836,"demografia":{"pop":5066,"homens":2549,"mulheres":2517,"idade":{"0_4":284,"5_9":325,"10_14":386,"15_19":417,"20_24":359,"25_29":286,"30_39":696,"40_49":679,"50_59":581,"60_69":513,"70_mais":540}},"domicilios":{"total":2346,"particulares":2346,"coletivos":0,"ocupados":1821,"uso_ocasional":148,"vagos":377,"tipo":{"dppo":1817,"casa":1817,"casa_vila_condominio":0,"apartamento":0,"comodo_cortico":0,"degradada":0,"improvisado":0},"media_moradores":2.7853,"pct_imputados":0.0313},"saneamento":{"agua":{"rede_geral":853,"poco":0,"outras":793},"agua_canalizada":{"dentro":1333,"so_terreno":63,"nao":414},"banheiro":{"exclusivo":818,"comum":16,"so_sanitario":100,"nenhum":102},"esgoto":{"rede_ou_fossa_ligada":8,"fossa_septica":5,"fossa_rudimentar":1544,"outros":46,"inexistente":102},"lixo":{"coletado":511,"queimado_enterrado":866,"outros":6}},"alfabetizacao":{"alfabetizados_15_mais":2769,"nao_alfabetizados_15_mais":1302},"renda_responsavel":{"responsaveis":1817,"moradores":5053,"rendimento_medio":1013.6713},"enderecos_cnefe":{"particulares":2346,"coletivos":0,"agropecuario":637,"ensino":10,"saude":6,"outras_finalidades":351,"em_construcao":134,"religioso":30},"escolas":{"publicas":{"ate_50":2,"51_200":3,"201_500":0,"501_1000":1,"mais_1000":0,"sem_matricula":0,"nao_informado":0},"particulares":{"ate_50":0,"51_200":0,"201_500":0,"501_1000":0,"mais_1000":0,"sem_matricula":0,"nao_informado":0}},"contem_sigilo":["domicilios","saneamento"]}},{"type":"Feature","_id":"293330707","geometry":{"type":"Polygon","coordinates":[[[-40.848178,-15.255642],[-40.848117,-15.253894],[-40.847941,-15.248837],[-40.847096,-15.224639],[-40.847447,-15.224222],[-40.847551,-15.223979],[-40.847654,-15.223411],[-40.8478,-15.222828],[-40.848062,-15.222033],[-40.848456,-15.221139],[-40.849355,-15.219697],[-40.849618,-15.219392],[-40.849921,-15.218977],[-40.850411,-15.21821],[-40.850679,-15.217324],[-40.850749,-15.21691],[-40.850881,-15.21647],[-40.850994,-15.216175],[-40.851096,-15.2158],[-40.851162,-15.215603],[-40.85118,-15.215441],[-40.851156,-15.215256],[-40.851084,-15.215013],[-40.851084,-15.214845],[-40.85112,-15.214712],[-40.851222,-15.214533],[-40.851312,-15.214273],[-40.851366,-15.214175],[-40.851468,-15.214128],[-40.851648,-15.214053],[-40.851869,-15.213874],[-40.852031,-15.213631],[-40.852127,-15.213325],[-40.852151,-15.213145],[-40.852223,-15.212978],[-40.852373,-15.212735],[-40.852618,-15.21233],[-40.852786,-15.212099],[-40.85305,-15.211943],[-40.8532,-15.211896],[-40.853457,-15.211873],[-40.853594,-15.211859],[-40.853685,-15.21185],[-40.853763,-15.211769],[-40.853859,-15.211567],[-40.853937,-15.211312],[-40.853997,-15.211214],[-40.854086,-15.211104],[-40.854284,-15.210746],[-40.85435,-15.210601],[-40.854392,-15.210167],[-40.854338,-15.209884],[-40.854382,-15.209772],[-40.854469,-15.209693],[-40.854547,-15.209578],[-40.854601,-15.209381],[-40.854638,-15.209069],[-40.854692,-15.208861],[-40.854632,-15.208681],[-40.854571,-15.20844],[-40.854599,-15.208112],[-40.854353,-15.207277],[-40.854214,-15.207008],[-40.85424,-15.206856],[-40.854626,-15.206172],[-40.854688,-15.205863],[-40.85477,-15.205131],[-40.85491,-15.204474],[-40.854937,-15.204344],[-40.855057,-15.204171],[-40.855393,-15.203789],[-40.85592,-15.203315],[-40.856591,-15.202899],[-40.856867,-15.202806],[-40.857119,-15.202702],[-40.857322,-15.202702],[-40.857363,-15.2027],[-40.85755,-15.202691],[-40.857682,-15.202598],[-40.857814,-15.202402],[-40.857908,-15.202243],[-40.858005,-15.202078],[-40.858301,-15.201763],[-40.858818,-15.200802],[-40.858919,-15.200647],[-40.85917,-15.20026],[-40.859327,-15.200098],[-40.859878,-15.199725],[-40.859955,-15.199685],[-40.860211,-15.199371],[-40.861181,-15.198064],[-40.861309,-15.197949],[-40.861446,-15.197909],[-40.861695,-15.197902],[-40.861924,-15.19793],[-40.862057,-15.19788],[-40.862134,-15.197689],[-40.862209,-15.197565],[-40.862332,-15.197486],[-40.862548,-15.197486],[-40.862719,-15.197545],[-40.862859,-15.197522],[-40.863093,-15.197412],[-40.863166,-15.197265],[-40.863219,-15.19707],[-40.863494,-15.196781],[-40.863902,-15.19663],[-40.864166,-15.196607],[-40.864561,-15.196677],[-40.864957,-15.196596],[-40.865172,-15.196341],[-40.865412,-15.196156],[-40.865577,-15.196143],[-40.865855,-15.196121],[-40.865987,-15.195994],[-40.866059,-15.19574],[-40.866059,-15.195454],[-40.866059,-15.195393],[-40.866105,-15.195329],[-40.866198,-15.195312],[-40.866352,-15.195361],[-40.866539,-15.195416],[-40.86667,-15.195419],[-40.866766,-15.195347],[-40.866844,-15.195206],[-40.866958,-15.195],[-40.867294,-15.194722],[-40.867605,-15.194583],[-40.868552,-15.194282],[-40.869067,-15.194294],[-40.869535,-15.194375],[-40.870781,-15.19441],[-40.871464,-15.194421],[-40.871872,-15.194236],[-40.872052,-15.194028],[-40.872375,-15.193843],[-40.872732,-15.193774],[-40.872855,-15.19375],[-40.872998,-15.193693],[-40.873118,-15.193531],[-40.873118,-15.193299],[-40.873106,-15.192929],[-40.87313,-15.192605],[-40.872972,-15.192376],[-40.872938,-15.192328],[-40.872855,-15.192039],[-40.872902,-15.191865],[-40.873082,-15.191779],[-40.873238,-15.191669],[-40.873286,-15.191507],[-40.87323,-15.191312],[-40.873166,-15.19109],[-40.873262,-15.190639],[-40.873298,-15.190489],[-40.873472,-15.190364],[-40.873864,-15.19031],[-40.874191,-15.190235],[-40.874329,-15.190165],[-40.87452,-15.190061],[-40.874736,-15.189911],[-40.875036,-15.18976],[-40.875467,-15.189668],[-40.87568,-15.189636],[-40.875963,-15.189429],[-40.876152,-15.189297],[-40.876354,-15.189211],[-40.876888,-15.189233],[-40.877285,-15.189266],[-40.87843,-15.189071],[-40.879001,-15.188834],[-40.879839,-15.188455],[-40.881119,-15.187618],[-40.881784,-15.187049],[-40.881937,-15.186945],[-40.882272,-15.186717],[-40.883056,-15.186293],[-40.883761,-15.186069],[-40.884403,-15.18582],[-40.884923,-15.185664],[-40.88579,-15.185123],[-40.886896,-15.184326],[-40.887463,-15.183776],[-40.887966,-15.18322],[-40.888385,-15.182745],[-40.888881,-15.182171],[-40.889894,-15.181633],[-40.890617,-15.180816],[-40.891005,-15.180083],[-40.891322,-15.179454],[-40.891568,-15.17893],[-40.891919,-15.177932],[-40.892222,-15.176853],[-40.892488,-15.175921],[-40.892787,-15.174886],[-40.893092,-15.174337],[-40.893709,-15.173833],[-40.894213,-15.173424],[-40.894784,-15.17299],[-40.895422,-15.172533],[-40.895459,-15.171867],[-40.895325,-15.171081],[-40.895359,-15.170451],[-40.895437,-15.170053],[-40.895961,-15.169091],[-40.895996,-15.168937],[-40.896081,-15.168559],[-40.896081,-15.168263],[-40.896081,-15.167656],[-40.896105,-15.166546],[-40.896105,-15.16495],[-40.896009,-15.164163],[-40.895997,-15.163961],[-40.896073,-15.163727],[-40.896237,-15.163397],[-40.896752,-15.162867],[-40.897549,-15.162276],[-40.898238,-15.161711],[-40.898572,-15.161028],[-40.89911,-15.160055],[-40.899651,-15.159327],[-40.900012,-15.15868],[-40.900587,-15.157639],[-40.901378,-15.156528],[-40.902049,-15.155765],[-40.902639,-15.155385],[-40.903437,-15.154677],[-40.90473,-15.153543],[-40.905521,-15.152432],[-40.906001,-15.151393],[-40.90658,-15.150166],[-40.906763,-15.1496],[-40.907206,-15.1491],[-40.908081,-15.148433],[-40.90861,-15.147989],[-40.909314,-15.147358],[-40.911943,-15.145221],[-40.913612,-15.14425],[-40.918724,-15.142169],[-40.930267,-15.141123],[-40.991821,-15.135544],[-40.978054,-15.115379],[-40.953208,-15.078987],[-40.931382,-15.047018],[-40.928634,-15.043004],[-40.911729,-15.01893],[-40.892894,-14.992106],[-40.889998,-14.987982],[-40.869424,-14.998194],[-40.835629,-15.01476],[-40.831832,-15.016621],[-40.805284,-15.029673],[-40.805173,-15.029703],[-40.801019,-15.030823],[-40.800401,-15.030716],[-40.799932,-15.030709],[-40.799853,-15.030722],[-40.799259,-15.030816],[-40.798741,-15.030869],[-40.798252,-15.030851],[-40.797918,-15.031093],[-40.797335,-15.031603],[-40.797113,-15.032112],[-40.797113,-15.032676],[-40.797001,-15.033373],[-40.796529,-15.0345],[-40.796057,-15.035305],[-40.795918,-15.03603],[-40.796112,-15.036727],[-40.796224,-15.037264],[-40.796305,-15.037643],[-40.796185,-15.037991],[-40.795918,-15.038015],[-40.795251,-15.038257],[-40.794834,-15.038552],[-40.794446,-15.038793],[-40.793779,-15.039625],[-40.793584,-15.03984],[-40.793445,-15.040108],[-40.793334,-15.040403],[-40.792834,-15.040645],[-40.792584,-15.040913],[-40.792278,-15.041066],[-40.791973,-15.041154],[-40.791667,-15.041235],[-40.791528,-15.04161],[-40.791473,-15.042281],[-40.791223,-15.042737],[-40.791056,-15.043113],[-40.791042,-15.044079],[-40.790848,-15.044428],[-40.790667,-15.04487],[-40.790626,-15.045085],[-40.790598,-15.045367],[-40.790639,-15.045514],[-40.790556,-15.045756],[-40.790375,-15.04597],[-40.790028,-15.046493],[-40.789829,-15.046719],[-40.78913,-15.046736],[-40.788621,-15.046727],[-40.788463,-15.046838],[-40.78802,-15.047161],[-40.787707,-15.047505],[-40.787404,-15.047745],[-40.787048,-15.047891],[-40.786421,-15.048006],[-40.786,-15.047943],[-40.785827,-15.047735],[-40.785709,-15.047641],[-40.785093,-15.047526],[-40.784369,-15.047578],[-40.784132,-15.047537],[-40.783775,-15.04738],[-40.783555,-15.047173],[-40.783354,-15.046984],[-40.783117,-15.046765],[-40.782933,-15.046629],[-40.782706,-15.046619],[-40.782469,-15.046661],[-40.782155,-15.046932],[-40.781997,-15.04719],[-40.781983,-15.047213],[-40.781756,-15.047443],[-40.781617,-15.047488],[-40.781464,-15.047537],[-40.780989,-15.047474],[-40.78073,-15.047299],[-40.780592,-15.047205],[-40.780373,-15.047057],[-40.77992,-15.046859],[-40.77966,-15.046859],[-40.779344,-15.047005],[-40.779185,-15.047078],[-40.77885,-15.047453],[-40.77857,-15.047912],[-40.778284,-15.048159],[-40.778256,-15.048183],[-40.778063,-15.048263],[-40.777954,-15.048309],[-40.777619,-15.048215],[-40.777468,-15.048079],[-40.777274,-15.048048],[-40.777058,-15.048121],[-40.776928,-15.048246],[-40.77676,-15.048327],[-40.776669,-15.048371],[-40.77601,-15.048256],[-40.775492,-15.048163],[-40.775135,-15.0481],[-40.774768,-15.048163],[-40.774509,-15.048298],[-40.774314,-15.048319],[-40.774142,-15.048267],[-40.774034,-15.048131],[-40.773882,-15.047797],[-40.773807,-15.047526],[-40.773666,-15.047422],[-40.773375,-15.04737],[-40.773094,-15.047318],[-40.772969,-15.047213],[-40.772932,-15.047182],[-40.772932,-15.047057],[-40.772932,-15.046974],[-40.772878,-15.046786],[-40.772727,-15.046713],[-40.772424,-15.046838],[-40.77237,-15.046885],[-40.7721,-15.04712],[-40.771852,-15.047172],[-40.771247,-15.047182],[-40.77101,-15.047234],[-40.770815,-15.047255],[-40.770718,-15.047359],[-40.770437,-15.047672],[-40.770135,-15.047797],[-40.769865,-15.047996],[-40.769755,-15.048181],[-40.769606,-15.048434],[-40.769303,-15.048507],[-40.768785,-15.04859],[-40.768493,-15.048569],[-40.767932,-15.048309],[-40.767705,-15.048319],[-40.76746,-15.048437],[-40.767294,-15.048517],[-40.766927,-15.048945],[-40.76642,-15.049581],[-40.766301,-15.050186],[-40.766193,-15.050415],[-40.766063,-15.050666],[-40.766063,-15.051052],[-40.765977,-15.051218],[-40.765772,-15.051364],[-40.765512,-15.051688],[-40.765448,-15.05199],[-40.765404,-15.052334],[-40.76534,-15.05247],[-40.765016,-15.052543],[-40.764933,-15.052562],[-40.764551,-15.052647],[-40.763989,-15.052658],[-40.763341,-15.052606],[-40.762895,-15.052705],[-40.762542,-15.052783],[-40.761711,-15.053158],[-40.761063,-15.05368],[-40.760825,-15.053722],[-40.760641,-15.053711],[-40.76022,-15.053847],[-40.759885,-15.054107],[-40.758957,-15.055077],[-40.758233,-15.055474],[-40.757304,-15.056047],[-40.75679,-15.056503],[-40.756656,-15.056621],[-40.756483,-15.056798],[-40.756138,-15.056913],[-40.755727,-15.056871],[-40.755603,-15.056849],[-40.755198,-15.056777],[-40.754755,-15.056777],[-40.754129,-15.057184],[-40.75374,-15.057466],[-40.753643,-15.057643],[-40.753611,-15.057966],[-40.753557,-15.058582],[-40.753492,-15.058926],[-40.753362,-15.059093],[-40.753081,-15.059228],[-40.752865,-15.05927],[-40.752585,-15.05928],[-40.752099,-15.059625],[-40.751613,-15.06001],[-40.751256,-15.060511],[-40.751148,-15.061001],[-40.750695,-15.061648],[-40.75009,-15.061898],[-40.749787,-15.061929],[-40.749528,-15.062013],[-40.749366,-15.062263],[-40.749323,-15.062753],[-40.749161,-15.06316],[-40.748675,-15.063556],[-40.747995,-15.064203],[-40.74794,-15.064255],[-40.747552,-15.064526],[-40.747076,-15.064693],[-40.746032,-15.064725],[-40.745716,-15.064735],[-40.745392,-15.064693],[-40.744938,-15.064777],[-40.744528,-15.065006],[-40.74442,-15.065256],[-40.744333,-15.065548],[-40.744247,-15.06584],[-40.744017,-15.066103],[-40.744009,-15.066111],[-40.743772,-15.066195],[-40.743632,-15.066195],[-40.743404,-15.066195],[-40.742735,-15.066111],[-40.742238,-15.066247],[-40.741914,-15.066476],[-40.741662,-15.06676],[-40.741519,-15.066825],[-40.741394,-15.066838],[-40.741206,-15.066783],[-40.740951,-15.066704],[-40.740724,-15.066707],[-40.74058,-15.066777],[-40.740397,-15.066923],[-40.740263,-15.066999],[-40.740105,-15.067047],[-40.739853,-15.066982],[-40.739651,-15.06698],[-40.739107,-15.067056],[-40.738869,-15.067014],[-40.738576,-15.066763],[-40.738303,-15.066625],[-40.738091,-15.066632],[-40.737529,-15.066894],[-40.737097,-15.067092],[-40.736633,-15.067394],[-40.736114,-15.067561],[-40.735423,-15.067613],[-40.734991,-15.067592],[-40.734559,-15.067561],[-40.734041,-15.067676],[-40.733533,-15.067936],[-40.733252,-15.067989],[-40.732939,-15.067916],[-40.732302,-15.067801],[-40.731424,-15.067585],[-40.731209,-15.067477],[-40.730932,-15.067286],[-40.730624,-15.067032],[-40.730167,-15.066799],[-40.72982,-15.066707],[-40.729031,-15.066712],[-40.728507,-15.066566],[-40.727849,-15.06641],[-40.727489,-15.066483],[-40.727079,-15.066549],[-40.726848,-15.066451],[-40.726556,-15.066302],[-40.726048,-15.066246],[-40.725336,-15.066139],[-40.724492,-15.066408],[-40.724022,-15.066433],[-40.723896,-15.066496],[-40.723653,-15.066618],[-40.723353,-15.066704],[-40.722997,-15.066829],[-40.722672,-15.066947],[-40.722515,-15.067059],[-40.722457,-15.067097],[-40.722394,-15.067104],[-40.722359,-15.067094],[-40.722246,-15.067092],[-40.721855,-15.067009],[-40.721627,-15.066976],[-40.721544,-15.067006],[-40.721473,-15.067106],[-40.721429,-15.067257],[-40.721373,-15.067456],[-40.721368,-15.067645],[-40.721524,-15.067842],[-40.721581,-15.067997],[-40.721587,-15.068112],[-40.721595,-15.068234],[-40.721574,-15.068317],[-40.721372,-15.0686],[-40.721056,-15.069223],[-40.72058,-15.069988],[-40.720329,-15.070336],[-40.720033,-15.070771],[-40.719881,-15.070842],[-40.719739,-15.070895],[-40.719462,-15.07084],[-40.719297,-15.070768],[-40.719125,-15.070522],[-40.71887,-15.070254],[-40.718689,-15.070112],[-40.718471,-15.070067],[-40.718239,-15.069954],[-40.717901,-15.069808],[-40.717567,-15.069751],[-40.717366,-15.069757],[-40.717084,-15.069775],[-40.716926,-15.069754],[-40.716767,-15.06971],[-40.716211,-15.069748],[-40.715962,-15.069782],[-40.715277,-15.069786],[-40.715088,-15.069894],[-40.714836,-15.06996],[-40.714653,-15.069978],[-40.714614,-15.070027],[-40.714608,-15.070068],[-40.714636,-15.070149],[-40.71465,-15.070188],[-40.714686,-15.070292],[-40.714667,-15.070466],[-40.714629,-15.070758],[-40.714627,-15.070921],[-40.714623,-15.07135],[-40.714713,-15.071861],[-40.714716,-15.071928],[-40.714724,-15.072131],[-40.71476,-15.072356],[-40.714596,-15.073023],[-40.714491,-15.073249],[-40.714479,-15.07346],[-40.714498,-15.073643],[-40.71451,-15.073754],[-40.714497,-15.073919],[-40.714487,-15.07413],[-40.714486,-15.074195],[-40.71443,-15.074269],[-40.714328,-15.074298],[-40.714255,-15.074319],[-40.714188,-15.074374],[-40.714038,-15.074478],[-40.713791,-15.074526],[-40.713576,-15.074542],[-40.713247,-15.074517],[-40.712963,-15.074362],[-40.712692,-15.074162],[-40.712363,-15.074009],[-40.712168,-15.073954],[-40.711933,-15.073943],[-40.711747,-15.074025],[-40.7116,-15.07405],[-40.711165,-15.074033],[-40.710859,-15.074156],[-40.71046,-15.074303],[-40.710248,-15.074266],[-40.70992,-15.07421],[-40.7095,-15.07406],[-40.70922,-15.074038],[-40.709033,-15.074101],[-40.70898,-15.074188],[-40.708906,-15.074326],[-40.708859,-15.074624],[-40.708878,-15.074669],[-40.708953,-15.074846],[-40.708878,-15.075042],[-40.708617,-15.075335],[-40.708378,-15.075526],[-40.708189,-15.075628],[-40.708011,-15.075749],[-40.707936,-15.075814],[-40.701847,-15.076361],[-40.701894,-15.076411],[-40.701895,-15.076413],[-40.723852,-15.099927],[-40.760201,-15.138835],[-40.765435,-15.144407],[-40.765684,-15.144673],[-40.791404,-15.172199],[-40.819886,-15.202676],[-40.847578,-15.26941],[-40.848178,-15.255642]]]},"properties":{"cd_unidade":"293330707","nome":"Cabeceira da Jiboia","tipo":"distrito","situacao":"rural","cd_dist":"293330707","nm_dist":"Cabeceira da Jiboia","cd_mun":"2933307","nm_mun":"Vitória da Conquista","area_km2":393.531781,"area_domiciliada_km2":2.80326,"demografia":{"pop":4138,"homens":2193,"mulheres":1945,"idade":{"0_4":325,"5_9":253,"10_14":297,"15_19":318,"20_24":324,"25_29":295,"30_39":575,"40_49":569,"50_59":549,"60_69":351,"70_mais":282}},"domicilios":{"total":2255,"particulares":2240,"coletivos":15,"ocupados":1538,"uso_ocasional":299,"vagos":403,"tipo":{"dppo":1538,"casa":1537,"casa_vila_condominio":0,"apartamento":0,"comodo_cortico":0,"degradada":0,"improvisado":0},"media_moradores":2.6909,"pct_imputados":0.0208},"saneamento":{"agua":{"rede_geral":385,"poco":800,"outras":20},"agua_canalizada":{"dentro":1059,"so_terreno":367,"nao":104},"banheiro":{"exclusivo":290,"comum":21,"so_sanitario":59,"nenhum":13},"esgoto":{"rede_ou_fossa_ligada":0,"fossa_septica":28,"fossa_rudimentar":1434,"outros":35,"inexistente":13},"lixo":{"coletado":529,"queimado_enterrado":686,"outros":3}},"alfabetizacao":{"alfabetizados_15_mais":2316,"nao_alfabetizados_15_mais":947},"renda_responsavel":{"responsaveis":1538,"moradores":4138,"rendimento_medio":1153.1203},"enderecos_cnefe":{"particulares":2239,"coletivos":15,"agropecuario":537,"ensino":11,"saude":3,"outras_finalidades":233,"em_construcao":125,"religioso":30},"escolas":{"publicas":{"ate_50":4,"51_200":2,"201_500":1,"501_1000":0,"mais_1000":0,"sem_matricula":0,"nao_informado":0},"particulares":{"ate_50":0,"51_200":0,"201_500":0,"501_1000":0,"mais_1000":0,"sem_matricula":0,"nao_informado":0}},"contem_sigilo":["domicilios","saneamento"]}},{"type":"Feature","_id":"293330708","geometry":{"type":"Polygon","coordinates":[[[-41.01408,-15.473167],[-41.01432,-15.47294],[-41.015383,-15.472216],[-41.01633,-15.471656],[-41.017511,-15.471143],[-41.01764,-15.471071],[-41.018426,-15.470632],[-41.019392,-15.470299],[-41.020058,-15.470098],[-41.020693,-15.470077],[-41.021162,-15.470185],[-41.021565,-15.470441],[-41.022089,-15.471036],[-41.022545,-15.471583],[-41.022949,-15.471855],[-41.023971,-15.472218],[-41.025077,-15.472467],[-41.026649,-15.472599],[-41.028809,-15.47267],[-41.030371,-15.472745],[-41.031349,-15.472679],[-41.032057,-15.472543],[-41.032899,-15.472373],[-41.033476,-15.472392],[-41.033608,-15.472429],[-41.033845,-15.472494],[-41.034267,-15.472706],[-41.034358,-15.472752],[-41.035032,-15.472775],[-41.035114,-15.472777],[-41.035492,-15.472876],[-41.036076,-15.472964],[-41.036361,-15.472943],[-41.036384,-15.472941],[-41.03639,-15.472941],[-41.036393,-15.472939],[-41.036662,-15.472796],[-41.0371,-15.472568],[-41.037498,-15.4724],[-41.038043,-15.472314],[-41.038329,-15.472328],[-41.0384,-15.472331],[-41.038736,-15.47243],[-41.03918,-15.47273],[-41.039688,-15.473315],[-41.040429,-15.473938],[-41.040977,-15.474278],[-41.041482,-15.474436],[-41.041902,-15.474452],[-41.042343,-15.474489],[-41.042555,-15.474446],[-41.042806,-15.474403],[-41.042994,-15.474217],[-41.043097,-15.473953],[-41.043242,-15.473059],[-41.043302,-15.472876],[-41.043636,-15.472527],[-41.043908,-15.47234],[-41.044371,-15.472214],[-41.044832,-15.472067],[-41.045125,-15.472003],[-41.045275,-15.471919],[-41.045418,-15.471838],[-41.045649,-15.47157],[-41.045981,-15.471037],[-41.046272,-15.470606],[-41.046437,-15.470055],[-41.046452,-15.469576],[-41.046454,-15.469505],[-41.046453,-15.469484],[-41.046429,-15.468976],[-41.046426,-15.468527],[-41.046527,-15.468119],[-41.04665,-15.467792],[-41.046751,-15.467583],[-41.046879,-15.467321],[-41.047003,-15.466952],[-41.047003,-15.466632],[-41.047,-15.466244],[-41.046956,-15.465899],[-41.047017,-15.465674],[-41.047184,-15.465509],[-41.047729,-15.465218],[-41.048421,-15.464905],[-41.048967,-15.464572],[-41.049659,-15.464218],[-41.05012,-15.463928],[-41.050959,-15.463512],[-41.051611,-15.463239],[-41.052281,-15.462926],[-41.052785,-15.462574],[-41.053131,-15.462335],[-41.053507,-15.461943],[-41.054048,-15.461162],[-41.05455,-15.460708],[-41.05501,-15.460418],[-41.056059,-15.459836],[-41.056543,-15.459748],[-41.056796,-15.459766],[-41.057029,-15.459946],[-41.057346,-15.460147],[-41.057645,-15.460346],[-41.058067,-15.460567],[-41.058427,-15.460684],[-41.058805,-15.46068],[-41.059456,-15.460387],[-41.060127,-15.460053],[-41.060861,-15.459658],[-41.061843,-15.459463],[-41.062157,-15.459357],[-41.062579,-15.459353],[-41.062916,-15.45941],[-41.063527,-15.459444],[-41.064288,-15.459701],[-41.064817,-15.460083],[-41.065091,-15.46016],[-41.065514,-15.460381],[-41.066124,-15.460313],[-41.067111,-15.460101],[-41.067447,-15.460098],[-41.067784,-15.460197],[-41.068206,-15.460273],[-41.068796,-15.460392],[-41.069133,-15.460409],[-41.06972,-15.460385],[-41.070434,-15.460338],[-41.071168,-15.460191],[-41.071902,-15.459941],[-41.072401,-15.459532],[-41.072692,-15.459347],[-41.073088,-15.45908],[-41.073424,-15.459119],[-41.073677,-15.459199],[-41.074225,-15.45942],[-41.074598,-15.459568],[-41.074955,-15.459587],[-41.075394,-15.459504],[-41.075895,-15.459359],[-41.076292,-15.459276],[-41.077111,-15.459374],[-41.077415,-15.459403],[-41.077719,-15.459432],[-41.078349,-15.459492],[-41.078762,-15.45935],[-41.078891,-15.459306],[-41.079494,-15.458856],[-41.08012,-15.458691],[-41.080664,-15.458627],[-41.081227,-15.458442],[-41.08183,-15.458074],[-41.082861,-15.456241],[-41.083288,-15.455121],[-41.083462,-15.453801],[-41.083724,-15.452988],[-41.083925,-15.452215],[-41.084106,-15.451566],[-41.084282,-15.450518],[-41.084271,-15.449524],[-41.084392,-15.449057],[-41.084554,-15.448692],[-41.084779,-15.448164],[-41.085233,-15.447675],[-41.085876,-15.447267],[-41.086415,-15.446778],[-41.086889,-15.446169],[-41.08705,-15.44564],[-41.087149,-15.445175],[-41.087416,-15.444687],[-41.087909,-15.443572],[-41.088383,-15.443083],[-41.088695,-15.44289],[-41.089006,-15.442696],[-41.089583,-15.441944],[-41.089974,-15.441436],[-41.090347,-15.441252],[-41.090743,-15.441088],[-41.091283,-15.440883],[-41.091387,-15.44076],[-41.091613,-15.440496],[-41.091696,-15.440307],[-41.091657,-15.439549],[-41.09111,-15.43894],[-41.090465,-15.43843],[-41.08986,-15.438026],[-41.089526,-15.437736],[-41.089432,-15.437445],[-41.089367,-15.437037],[-41.089241,-15.436485],[-41.089087,-15.436224],[-41.088992,-15.435817],[-41.089107,-15.435291],[-41.089347,-15.434565],[-41.089368,-15.434503],[-41.089372,-15.434496],[-41.089752,-15.433831],[-41.090065,-15.433553],[-41.090154,-15.433474],[-41.090167,-15.433462],[-41.090377,-15.433274],[-41.090793,-15.432806],[-41.091061,-15.432541],[-41.091298,-15.432191],[-41.091325,-15.431928],[-41.091262,-15.431667],[-41.091138,-15.431376],[-41.091107,-15.431231],[-41.090984,-15.43091],[-41.090921,-15.430678],[-41.091182,-15.42986],[-41.091575,-15.429311],[-41.091928,-15.428697],[-41.092277,-15.427644],[-41.092481,-15.427032],[-41.092506,-15.427012],[-41.09284,-15.426767],[-41.093198,-15.42659],[-41.093948,-15.426382],[-41.094365,-15.426029],[-41.094422,-15.425979],[-41.094961,-15.425501],[-41.095768,-15.425088],[-41.096098,-15.42497],[-41.096396,-15.424764],[-41.096453,-15.42453],[-41.096451,-15.424355],[-41.09639,-15.424209],[-41.096238,-15.424065],[-41.096145,-15.42389],[-41.096144,-15.423744],[-41.096172,-15.42354],[-41.09626,-15.423364],[-41.096469,-15.423217],[-41.096708,-15.423128],[-41.096947,-15.422922],[-41.097126,-15.422717],[-41.097182,-15.422483],[-41.097241,-15.422278],[-41.097359,-15.422161],[-41.097539,-15.422131],[-41.097974,-15.422149],[-41.098215,-15.422119],[-41.098785,-15.422028],[-41.099085,-15.422055],[-41.100196,-15.42193],[-41.100706,-15.421811],[-41.101812,-15.421365],[-41.10313,-15.420829],[-41.103579,-15.420796],[-41.10394,-15.420851],[-41.105085,-15.421075],[-41.105897,-15.421185],[-41.106559,-15.421237],[-41.107159,-15.421143],[-41.107547,-15.420964],[-41.107812,-15.420641],[-41.108002,-15.420321],[-41.108227,-15.419851],[-41.108434,-15.41953],[-41.108626,-15.419378],[-41.109028,-15.419225],[-41.109333,-15.419053],[-41.109562,-15.418826],[-41.109907,-15.418169],[-41.110115,-15.41783],[-41.110531,-15.417151],[-41.110873,-15.41681],[-41.111353,-15.416673],[-41.111602,-15.416688],[-41.111988,-15.416779],[-41.112277,-15.416812],[-41.112659,-15.416675],[-41.113079,-15.41639],[-41.113516,-15.415935],[-41.114447,-15.41495],[-41.114827,-15.414514],[-41.115321,-15.414078],[-41.11606,-15.413739],[-41.116577,-15.413527],[-41.117533,-15.413121],[-41.11849,-15.412809],[-41.119179,-15.412613],[-41.120441,-15.412111],[-41.12155,-15.411646],[-41.122122,-15.411284],[-41.122542,-15.411034],[-41.123361,-15.410464],[-41.12395,-15.409969],[-41.124544,-15.409718],[-41.125355,-15.409458],[-41.125662,-15.409398],[-41.126101,-15.409243],[-41.126425,-15.409052],[-41.126767,-15.408729],[-41.127071,-15.408444],[-41.12743,-15.407971],[-41.127735,-15.407687],[-41.128172,-15.407345],[-41.128974,-15.406979],[-41.129352,-15.406581],[-41.129953,-15.405831],[-41.130485,-15.405433],[-41.131362,-15.404917],[-41.132145,-15.404571],[-41.132584,-15.404452],[-41.133197,-15.40439],[-41.134482,-15.404301],[-41.135037,-15.404201],[-41.135362,-15.404103],[-41.135571,-15.403951],[-41.135674,-15.403922],[-41.136259,-15.403758],[-41.136679,-15.403585],[-41.136927,-15.403413],[-41.137154,-15.403148],[-41.138086,-15.402557],[-41.138797,-15.40232],[-41.139198,-15.402221],[-41.139848,-15.402121],[-41.140171,-15.401781],[-41.140282,-15.401425],[-41.140258,-15.401012],[-41.140217,-15.400713],[-41.140249,-15.400225],[-41.140397,-15.399756],[-41.140629,-15.399406],[-41.141063,-15.398896],[-41.141271,-15.398519],[-41.141324,-15.398164],[-41.141226,-15.39794],[-41.140973,-15.397642],[-41.140817,-15.3974],[-41.140796,-15.397194],[-41.140794,-15.396932],[-41.140848,-15.39665],[-41.141073,-15.396236],[-41.141299,-15.395897],[-41.141603,-15.395576],[-41.141864,-15.394955],[-41.142146,-15.394335],[-41.142559,-15.393712],[-41.143029,-15.392647],[-41.142101,-15.391896],[-41.141567,-15.391555],[-41.14135,-15.391142],[-41.141346,-15.390796],[-41.141658,-15.390038],[-41.141654,-15.389658],[-41.141579,-15.389348],[-41.141259,-15.389075],[-41.140973,-15.388835],[-41.140793,-15.388526],[-41.140858,-15.388041],[-41.141172,-15.387624],[-41.142086,-15.387063],[-41.142577,-15.386644],[-41.142995,-15.386088],[-41.143025,-15.385501],[-41.142733,-15.384983],[-41.142345,-15.384782],[-41.141317,-15.38462],[-41.140542,-15.384016],[-41.13997,-15.383647],[-41.139457,-15.383024],[-41.139172,-15.382726],[-41.139206,-15.382468],[-41.13945,-15.382053],[-41.139552,-15.381672],[-41.139512,-15.38126],[-41.139439,-15.381088],[-41.139224,-15.380883],[-41.13869,-15.380578],[-41.138122,-15.380342],[-41.137548,-15.379694],[-41.137297,-15.379353],[-41.136375,-15.379052],[-41.136038,-15.378751],[-41.135681,-15.37841],[-41.13564,-15.377895],[-41.13574,-15.377411],[-41.136087,-15.37672],[-41.136186,-15.376064],[-41.136146,-15.375618],[-41.135715,-15.375036],[-41.135074,-15.37463],[-41.134431,-15.374052],[-41.13425,-15.37364],[-41.134246,-15.373296],[-41.134242,-15.372952],[-41.134063,-15.372679],[-41.133633,-15.372235],[-41.13324,-15.371861],[-41.133203,-15.371689],[-41.133337,-15.370897],[-41.133612,-15.37024],[-41.133768,-15.369896],[-41.133924,-15.369551],[-41.134314,-15.368866],[-41.134554,-15.368177],[-41.134549,-15.36773],[-41.134223,-15.366908],[-41.134182,-15.366496],[-41.134144,-15.366187],[-41.13442,-15.365462],[-41.134661,-15.36491],[-41.135045,-15.364357],[-41.135676,-15.363836],[-41.135837,-15.363814],[-41.136736,-15.36369],[-41.137265,-15.363617],[-41.137616,-15.363339],[-41.137788,-15.362856],[-41.137638,-15.362136],[-41.137594,-15.360771],[-41.137158,-15.360147],[-41.136907,-15.359806],[-41.136834,-15.359634],[-41.136972,-15.359393],[-41.137147,-15.359152],[-41.137532,-15.358736],[-41.137599,-15.358495],[-41.137414,-15.357782],[-41.13702,-15.357305],[-41.136656,-15.356449],[-41.136616,-15.356002],[-41.136857,-15.355314],[-41.137134,-15.354728],[-41.137869,-15.354103],[-41.138573,-15.353686],[-41.139134,-15.353338],[-41.139428,-15.352852],[-41.139371,-15.352271],[-41.139083,-15.351758],[-41.138758,-15.351177],[-41.13872,-15.350868],[-41.138858,-15.350592],[-41.139101,-15.350213],[-41.139985,-15.349118],[-41.14079,-15.348357],[-41.141563,-15.347802],[-41.142407,-15.347246],[-41.143177,-15.346656],[-41.143774,-15.34617],[-41.144228,-15.34572],[-41.144753,-15.345167],[-41.1448,-15.345123],[-41.1448,-15.30436],[-41.1448,-15.304341],[-41.106555,-15.304798],[-41.106071,-15.304768],[-41.105477,-15.30479],[-41.10351,-15.304916],[-41.102499,-15.30538],[-41.101609,-15.305668],[-41.100792,-15.305818],[-41.100212,-15.305933],[-41.098133,-15.306263],[-41.096664,-15.306667],[-41.09559,-15.306973],[-41.094622,-15.307079],[-41.094161,-15.307234],[-41.093598,-15.307561],[-41.092555,-15.307752],[-41.091465,-15.308311],[-41.091067,-15.3084],[-41.091002,-15.308428],[-41.090609,-15.308597],[-41.089989,-15.308882],[-41.089624,-15.308907],[-41.08911,-15.309012],[-41.088506,-15.309053],[-41.088079,-15.308981],[-41.08802,-15.308959],[-41.087636,-15.308681],[-41.087448,-15.308545],[-41.087157,-15.308334],[-41.086761,-15.307976],[-41.086366,-15.307756],[-41.085683,-15.307595],[-41.085209,-15.307574],[-41.085143,-15.307571],[-41.084197,-15.307525],[-41.083382,-15.307537],[-41.082938,-15.307606],[-41.081907,-15.307583],[-41.080901,-15.307733],[-41.08029,-15.308034],[-41.079558,-15.308357],[-41.078947,-15.308542],[-41.077821,-15.308762],[-41.077006,-15.309039],[-41.076095,-15.30949],[-41.074729,-15.309779],[-41.074081,-15.309849],[-41.07365,-15.309756],[-41.073047,-15.309529],[-41.072943,-15.30949],[-41.072404,-15.309271],[-41.071073,-15.308797],[-41.070702,-15.3086],[-41.070596,-15.308467],[-41.07051,-15.308357],[-41.070368,-15.30825],[-41.070234,-15.308149],[-41.069799,-15.307944],[-41.069647,-15.307872],[-41.069359,-15.307756],[-41.068748,-15.307259],[-41.068654,-15.307112],[-41.068592,-15.307017],[-41.068221,-15.306647],[-41.067947,-15.306527],[-41.067586,-15.306358],[-41.067081,-15.306214],[-41.066855,-15.30615],[-41.066605,-15.306096],[-41.066192,-15.306122],[-41.066087,-15.306138],[-41.065737,-15.30619],[-41.065232,-15.306462],[-41.064805,-15.306759],[-41.064215,-15.307386],[-41.063724,-15.307808],[-41.06291,-15.30835],[-41.062058,-15.308946],[-41.061568,-15.309319],[-41.061093,-15.309848],[-41.060704,-15.310231],[-41.059879,-15.310871],[-41.059444,-15.311225],[-41.058253,-15.311838],[-41.057995,-15.311954],[-41.057529,-15.312179],[-41.057224,-15.312313],[-41.056838,-15.312397],[-41.056336,-15.312237],[-41.056073,-15.31214],[-41.055389,-15.311795],[-41.054731,-15.311448],[-41.054156,-15.311169],[-41.053487,-15.310919],[-41.05265,-15.310578],[-41.051371,-15.310099],[-41.050344,-15.309849],[-41.049525,-15.309926],[-41.048202,-15.310034],[-41.047418,-15.310172],[-41.046666,-15.310312],[-41.045997,-15.310539],[-41.045584,-15.310841],[-41.0455,-15.310903],[-41.045219,-15.311091],[-41.044306,-15.311368],[-41.043027,-15.311776],[-41.042537,-15.312002],[-41.04207,-15.312299],[-41.041759,-15.312438],[-41.04156,-15.312452],[-41.041435,-15.312461],[-41.040764,-15.312311],[-41.039721,-15.312288],[-41.038954,-15.312449],[-41.038726,-15.312438],[-41.038235,-15.31238],[-41.037967,-15.312254],[-41.037789,-15.312169],[-41.037648,-15.312103],[-41.037384,-15.311964],[-41.037043,-15.31186],[-41.036893,-15.311814],[-41.036497,-15.311791],[-41.036305,-15.31186],[-41.036171,-15.311952],[-41.035778,-15.312218],[-41.035532,-15.312258],[-41.035419,-15.312276],[-41.035047,-15.312311],[-41.034352,-15.312149],[-41.034138,-15.312049],[-41.033633,-15.311814],[-41.03313,-15.311687],[-41.032542,-15.311721],[-41.031739,-15.311918],[-41.031004,-15.31222],[-41.030128,-15.312774],[-41.029687,-15.313164],[-41.029275,-15.313629],[-41.02857,-15.314172],[-41.028067,-15.314542],[-41.028034,-15.314566],[-41.027989,-15.314583],[-41.027477,-15.314765],[-41.027371,-15.314803],[-41.026864,-15.314669],[-41.025964,-15.314197],[-41.025244,-15.313588],[-41.025141,-15.313502],[-41.024617,-15.31288],[-41.024257,-15.312403],[-41.02368,-15.312041],[-41.02281,-15.311735],[-41.0217,-15.31108],[-41.020259,-15.310353],[-41.019292,-15.309916],[-41.018634,-15.309875],[-41.018192,-15.309935],[-41.017802,-15.310196],[-41.01703,-15.310389],[-41.016241,-15.310508],[-41.015123,-15.310235],[-41.014391,-15.310241],[-41.013397,-15.310555],[-41.012928,-15.310865],[-41.012409,-15.311457],[-41.011963,-15.311621],[-41.011427,-15.311582],[-41.011015,-15.311395],[-41.010092,-15.310835],[-41.009424,-15.310376],[-41.009064,-15.310129],[-41.008524,-15.309642],[-41.008414,-15.309389],[-41.008177,-15.308846],[-41.008036,-15.308244],[-41.007818,-15.307643],[-41.007573,-15.306935],[-41.007455,-15.306553],[-41.007325,-15.306428],[-41.007231,-15.306369],[-41.006643,-15.306069],[-41.006202,-15.305848],[-41.005936,-15.30578],[-41.005542,-15.305714],[-41.005517,-15.30571],[-41.004881,-15.305618],[-41.004198,-15.305514],[-41.003455,-15.305306],[-41.003024,-15.305098],[-41.002592,-15.304739],[-41.002425,-15.304543],[-41.002181,-15.304252],[-41.002017,-15.304057],[-41.001682,-15.303861],[-41.001609,-15.303775],[-41.00131,-15.303421],[-41.00101,-15.30304],[-41.000819,-15.302763],[-41.000375,-15.302427],[-41.000064,-15.302358],[-40.999524,-15.302358],[-40.999009,-15.302485],[-40.998999,-15.302488],[-40.998676,-15.302571],[-40.998476,-15.302459],[-40.998378,-15.302181],[-40.998338,-15.302069],[-40.998254,-15.301884],[-40.998271,-15.301727],[-40.99829,-15.301549],[-40.998326,-15.301294],[-40.998302,-15.301005],[-40.998158,-15.300844],[-40.99799,-15.300763],[-40.997607,-15.300786],[-40.997271,-15.300925],[-40.997043,-15.301017],[-40.996912,-15.300994],[-40.996624,-15.300878],[-40.996396,-15.300774],[-40.996037,-15.300659],[-40.995545,-15.300786],[-40.994778,-15.301029],[-40.994599,-15.301237],[-40.994479,-15.301526],[-40.994295,-15.301899],[-40.993987,-15.302069],[-40.993676,-15.302231],[-40.9934,-15.302208],[-40.993089,-15.302115],[-40.992537,-15.302],[-40.992118,-15.301907],[-40.991842,-15.301942],[-40.991483,-15.302034],[-40.990692,-15.302393],[-40.990188,-15.302497],[-40.98996,-15.302462],[-40.989625,-15.30237],[-40.989122,-15.302115],[-40.988498,-15.302104],[-40.987827,-15.301798],[-40.987527,-15.301713],[-40.986694,-15.301385],[-40.986318,-15.30126],[-40.986089,-15.301156],[-40.985792,-15.301198],[-40.985391,-15.301469],[-40.985298,-15.301618],[-40.985227,-15.301907],[-40.985175,-15.302047],[-40.985071,-15.302335],[-40.984699,-15.302844],[-40.984328,-15.303271],[-40.984112,-15.303387],[-40.983764,-15.30341],[-40.983201,-15.303583],[-40.983033,-15.303849],[-40.98253,-15.304393],[-40.982266,-15.304531],[-40.982063,-15.304589],[-40.981751,-15.30482],[-40.981475,-15.305086],[-40.980972,-15.30519],[-40.980696,-15.305236],[-40.980313,-15.30541],[-40.980295,-15.305429],[-40.980037,-15.30571],[-40.979702,-15.305907],[-40.979426,-15.30593],[-40.978779,-15.305895],[-40.978168,-15.305803],[-40.977928,-15.305664],[-40.977712,-15.305456],[-40.977628,-15.305364],[-40.977448,-15.305294],[-40.977197,-15.305364],[-40.976993,-15.305548],[-40.976849,-15.305884],[-40.976825,-15.306219],[-40.976921,-15.306473],[-40.976993,-15.306739],[-40.977012,-15.306903],[-40.977029,-15.307051],[-40.976981,-15.307282],[-40.976801,-15.307421],[-40.97678,-15.307427],[-40.976586,-15.307479],[-40.976406,-15.307595],[-40.976322,-15.307779],[-40.976274,-15.308022],[-40.976178,-15.308196],[-40.97601,-15.308311],[-40.975747,-15.308253],[-40.975579,-15.308092],[-40.975459,-15.307872],[-40.975375,-15.307699],[-40.975243,-15.307537],[-40.975123,-15.307491],[-40.974872,-15.30756],[-40.974632,-15.307849],[-40.97438,-15.308369],[-40.974081,-15.308623],[-40.973601,-15.309051],[-40.973302,-15.309421],[-40.973074,-15.309895],[-40.973002,-15.310161],[-40.973038,-15.310323],[-40.973158,-15.310427],[-40.973422,-15.310519],[-40.973709,-15.310519],[-40.973985,-15.310484],[-40.974049,-15.310443],[-40.974165,-15.310369],[-40.974308,-15.310207],[-40.974536,-15.310138],[-40.974764,-15.31023],[-40.97492,-15.310346],[-40.974908,-15.310473],[-40.974824,-15.3106],[-40.974764,-15.310704],[-40.974728,-15.310843],[-40.974812,-15.310912],[-40.974944,-15.310924],[-40.975099,-15.310947],[-40.975255,-15.311062],[-40.975255,-15.311166],[-40.975239,-15.311291],[-40.975219,-15.311444],[-40.975027,-15.312588],[-40.974908,-15.312947],[-40.97456,-15.313918],[-40.974488,-15.314253],[-40.974488,-15.314611],[-40.974536,-15.314912],[-40.974644,-15.315316],[-40.974764,-15.316079],[-40.974728,-15.317281],[-40.974572,-15.318518],[-40.974416,-15.318946],[-40.974057,-15.319454],[-40.973673,-15.320159],[-40.97335,-15.320483],[-40.973134,-15.32061],[-40.972846,-15.320911],[-40.972655,-15.321292],[-40.972571,-15.321674],[-40.972631,-15.321986],[-40.972718,-15.322123],[-40.972786,-15.322228],[-40.972894,-15.322402],[-40.97293,-15.322633],[-40.97287,-15.322887],[-40.972684,-15.323007],[-40.972655,-15.323026],[-40.972343,-15.323084],[-40.972163,-15.323153],[-40.972055,-15.323384],[-40.971816,-15.323604],[-40.971492,-15.323904],[-40.971097,-15.324297],[-40.970809,-15.324575],[-40.970521,-15.32469],[-40.970306,-15.324702],[-40.96991,-15.324621],[-40.96973,-15.324494],[-40.969598,-15.324274],[-40.969431,-15.323985],[-40.969167,-15.323719],[-40.968975,-15.323604],[-40.968795,-15.323535],[-40.968292,-15.3235],[-40.968076,-15.323558],[-40.967657,-15.323673],[-40.967364,-15.323788],[-40.967273,-15.323824],[-40.967094,-15.323904],[-40.966867,-15.323863],[-40.96659,-15.323812],[-40.966051,-15.323904],[-40.965512,-15.324182],[-40.964996,-15.324748],[-40.964769,-15.32528],[-40.96472,-15.325416],[-40.964637,-15.32565],[-40.964409,-15.325927],[-40.964133,-15.325973],[-40.964001,-15.32595],[-40.963738,-15.325904],[-40.963199,-15.325893],[-40.962839,-15.325823],[-40.962551,-15.325869],[-40.96212,-15.326274],[-40.961533,-15.327291],[-40.961245,-15.327488],[-40.960106,-15.327638],[-40.958776,-15.327464],[-40.958201,-15.32728],[-40.95771,-15.327152],[-40.95729,-15.327071],[-40.957014,-15.327083],[-40.956823,-15.327199],[-40.956751,-15.327407],[-40.956706,-15.327755],[-40.956655,-15.328158],[-40.956499,-15.328528],[-40.956211,-15.329106],[-40.956171,-15.32916],[-40.95602,-15.32936],[-40.955967,-15.329354],[-40.955828,-15.329337],[-40.955593,-15.329229],[-40.955325,-15.329106],[-40.954929,-15.328979],[-40.954761,-15.32884],[-40.954486,-15.328817],[-40.95415,-15.328967],[-40.954006,-15.329337],[-40.95397,-15.329626],[-40.953874,-15.329915],[-40.953855,-15.329958],[-40.953803,-15.330077],[-40.953707,-15.330181],[-40.953635,-15.330204],[-40.953527,-15.330169],[-40.953407,-15.330026],[-40.953296,-15.329895],[-40.953167,-15.329741],[-40.953102,-15.329625],[-40.953,-15.329441],[-40.952808,-15.329279],[-40.952352,-15.329233],[-40.951286,-15.329406],[-40.950483,-15.329915],[-40.949884,-15.330285],[-40.948997,-15.330597],[-40.948829,-15.330585],[-40.948649,-15.330458],[-40.948445,-15.330343],[-40.94829,-15.3304],[-40.94823,-15.330574],[-40.948182,-15.330851],[-40.948086,-15.330944],[-40.947774,-15.33092],[-40.947654,-15.330828],[-40.947511,-15.330874],[-40.946911,-15.331441],[-40.946372,-15.331891],[-40.945773,-15.332469],[-40.945605,-15.332689],[-40.945563,-15.332903],[-40.945497,-15.333244],[-40.945341,-15.33366],[-40.945185,-15.334087],[-40.945159,-15.334203],[-40.945042,-15.334723],[-40.944958,-15.335185],[-40.944972,-15.335373],[-40.945,-15.335673],[-40.944961,-15.335951],[-40.94488,-15.336058],[-40.944776,-15.336109],[-40.944483,-15.336081],[-40.944209,-15.335897],[-40.943765,-15.335724],[-40.943204,-15.335456],[-40.942954,-15.335461],[-40.942681,-15.335689],[-40.942425,-15.336099],[-40.942038,-15.336374],[-40.941686,-15.336419],[-40.941411,-15.336441],[-40.941254,-15.336698],[-40.941219,-15.336873],[-40.941147,-15.33726],[-40.941105,-15.337561],[-40.940967,-15.337855],[-40.940805,-15.338144],[-40.940577,-15.338364],[-40.940442,-15.338402],[-40.940248,-15.338456],[-40.940062,-15.33867],[-40.939798,-15.339132],[-40.939655,-15.339525],[-40.939619,-15.339728],[-40.939657,-15.339971],[-40.939667,-15.340034],[-40.939631,-15.340242],[-40.939535,-15.340467],[-40.939463,-15.340554],[-40.939373,-15.340606],[-40.939242,-15.340601],[-40.939229,-15.3406],[-40.939157,-15.340508],[-40.939079,-15.34041],[-40.938941,-15.340329],[-40.938774,-15.3403],[-40.938462,-15.340358],[-40.938228,-15.340479],[-40.938085,-15.340693],[-40.938001,-15.340889],[-40.937959,-15.340935],[-40.937827,-15.341039],[-40.937695,-15.341068],[-40.937611,-15.341149],[-40.937539,-15.341305],[-40.937527,-15.341392],[-40.937435,-15.341499],[-40.937267,-15.341699],[-40.937204,-15.341822],[-40.937273,-15.342067],[-40.937248,-15.34228],[-40.937112,-15.342598],[-40.936952,-15.342785],[-40.936811,-15.342958],[-40.936556,-15.343295],[-40.93641,-15.343647],[-40.93634,-15.343826],[-40.936245,-15.34429],[-40.936179,-15.344582],[-40.936209,-15.345027],[-40.936195,-15.34523],[-40.936142,-15.345548],[-40.936055,-15.345817],[-40.935823,-15.346158],[-40.935642,-15.346383],[-40.935422,-15.346521],[-40.935108,-15.34666],[-40.934954,-15.346759],[-40.934807,-15.347008],[-40.934648,-15.347281],[-40.934603,-15.347414],[-40.934528,-15.347704],[-40.934312,-15.348004],[-40.934432,-15.34831],[-40.934436,-15.348321],[-40.93447,-15.348732],[-40.934472,-15.34875],[-40.934436,-15.349264],[-40.934427,-15.349309],[-40.934426,-15.349316],[-40.934369,-15.349618],[-40.934146,-15.35079],[-40.93413,-15.351381],[-40.934155,-15.351773],[-40.934296,-15.352167],[-40.934413,-15.352287],[-40.934608,-15.352485],[-40.935016,-15.352782],[-40.935022,-15.352784],[-40.935712,-15.353035],[-40.936716,-15.353212],[-40.937144,-15.353332],[-40.937818,-15.353637],[-40.938656,-15.354199],[-40.939482,-15.354855],[-40.940032,-15.355388],[-40.940506,-15.355995],[-40.940552,-15.356072],[-40.940853,-15.356582],[-40.941136,-15.357098],[-40.941334,-15.357758],[-40.941397,-15.358875],[-40.941318,-15.3596],[-40.941275,-15.359804],[-40.941155,-15.360368],[-40.940917,-15.361167],[-40.940626,-15.362029],[-40.940218,-15.362943],[-40.939609,-15.363901],[-40.938989,-15.36492],[-40.937671,-15.366536],[-40.936541,-15.36782],[-40.935401,-15.369103],[-40.934563,-15.370081],[-40.933986,-15.370584],[-40.933564,-15.371085],[-40.933259,-15.371511],[-40.933059,-15.371907],[-40.932967,-15.372312],[-40.932963,-15.372954],[-40.933,-15.373543],[-40.93309,-15.373998],[-40.933375,-15.374938],[-40.933564,-15.375692],[-40.933666,-15.376426],[-40.933662,-15.376943],[-40.933488,-15.377773],[-40.933334,-15.378488],[-40.933317,-15.378996],[-40.933375,-15.37943],[-40.933475,-15.379801],[-40.933638,-15.380236],[-40.934224,-15.381235],[-40.934517,-15.38178],[-40.93467,-15.382235],[-40.934675,-15.382794],[-40.934545,-15.383592],[-40.934337,-15.384174],[-40.934031,-15.384663],[-40.933694,-15.38509],[-40.932637,-15.386114],[-40.931088,-15.386966],[-40.929696,-15.387703],[-40.928794,-15.388136],[-40.928263,-15.38844],[-40.927577,-15.389149],[-40.927196,-15.389536],[-40.926964,-15.389931],[-40.926862,-15.390367],[-40.926877,-15.390833],[-40.927031,-15.391256],[-40.927236,-15.391575],[-40.927569,-15.391872],[-40.928191,-15.392198],[-40.929122,-15.39247],[-40.929912,-15.392639],[-40.93097,-15.392806],[-40.931017,-15.392811],[-40.931728,-15.392892],[-40.931861,-15.392911],[-40.932412,-15.392989],[-40.932775,-15.39312],[-40.933055,-15.393335],[-40.933239,-15.393685],[-40.93333,-15.394265],[-40.933254,-15.395301],[-40.933188,-15.396285],[-40.932845,-15.39724],[-40.932151,-15.398343],[-40.931162,-15.399812],[-40.930627,-15.400715],[-40.929784,-15.401912],[-40.927559,-15.404613],[-40.926768,-15.405645],[-40.926559,-15.406103],[-40.926477,-15.406466],[-40.92649,-15.406786],[-40.926622,-15.407127],[-40.926912,-15.407506],[-40.927395,-15.407823],[-40.927974,-15.408067],[-40.928541,-15.408258],[-40.929128,-15.408346],[-40.929598,-15.408321],[-40.929981,-15.408298],[-40.930419,-15.408345],[-40.930771,-15.408415],[-40.931062,-15.408598],[-40.931277,-15.408845],[-40.931419,-15.409164],[-40.931551,-15.409609],[-40.931728,-15.410322],[-40.931926,-15.411044],[-40.932167,-15.411705],[-40.93258,-15.412468],[-40.933048,-15.413447],[-40.933411,-15.414685],[-40.933415,-15.415108],[-40.933364,-15.415347],[-40.93307,-15.415815],[-40.932987,-15.416158],[-40.932927,-15.416583],[-40.932941,-15.416945],[-40.933051,-15.417265],[-40.933367,-15.417701],[-40.933754,-15.418436],[-40.933835,-15.418767],[-40.933805,-15.419256],[-40.933691,-15.41962],[-40.933501,-15.419829],[-40.933246,-15.419945],[-40.932757,-15.420023],[-40.932287,-15.420027],[-40.93186,-15.419938],[-40.931399,-15.419807],[-40.930854,-15.419729],[-40.930225,-15.419755],[-40.929171,-15.419868],[-40.928127,-15.420177],[-40.927479,-15.420452],[-40.92698,-15.420756],[-40.92662,-15.421029],[-40.926294,-15.421505],[-40.926128,-15.422024],[-40.92609,-15.42247],[-40.926125,-15.422749],[-40.926725,-15.424172],[-40.927238,-15.425504],[-40.927438,-15.426382],[-40.927606,-15.427187],[-40.927706,-15.427653],[-40.927836,-15.427889],[-40.928009,-15.428085],[-40.928407,-15.428371],[-40.930039,-15.429495],[-40.930812,-15.430099],[-40.93133,-15.430654],[-40.931675,-15.431055],[-40.931871,-15.431435],[-40.932168,-15.432396],[-40.932486,-15.433325],[-40.932811,-15.434076],[-40.933169,-15.434746],[-40.933441,-15.435168],[-40.933816,-15.435517],[-40.934634,-15.436224],[-40.935247,-15.436788],[-40.935668,-15.437302],[-40.936004,-15.437931],[-40.936237,-15.438808],[-40.93633,-15.439708],[-40.936264,-15.44062],[-40.936093,-15.441532],[-40.935905,-15.442041],[-40.935558,-15.442571],[-40.935316,-15.442947],[-40.935255,-15.443247],[-40.935289,-15.443547],[-40.935367,-15.443857],[-40.935499,-15.444218],[-40.93565,-15.444424],[-40.936456,-15.445059],[-40.937647,-15.445824],[-40.938581,-15.446386],[-40.939374,-15.446814],[-40.939963,-15.446974],[-40.940497,-15.447021],[-40.940945,-15.446987],[-40.941551,-15.446847],[-40.942083,-15.446677],[-40.942669,-15.446516],[-40.943138,-15.44645],[-40.943596,-15.446456],[-40.94411,-15.446576],[-40.944613,-15.446778],[-40.945106,-15.447115],[-40.945783,-15.447586],[-40.946438,-15.448046],[-40.947432,-15.448286],[-40.948279,-15.448651],[-40.948534,-15.448856],[-40.948892,-15.449143],[-40.949302,-15.449646],[-40.949567,-15.450239],[-40.949718,-15.450958],[-40.949777,-15.451524],[-40.949814,-15.451878],[-40.950153,-15.452837],[-40.950567,-15.453713],[-40.950615,-15.453804],[-40.95079,-15.454137],[-40.951023,-15.454578],[-40.952232,-15.457208],[-40.952939,-15.458678],[-40.953502,-15.459785],[-40.9539,-15.460276],[-40.954231,-15.461037],[-40.954486,-15.46206],[-40.954765,-15.463331],[-40.954833,-15.463838],[-40.955008,-15.464198],[-40.955203,-15.464528],[-40.955429,-15.464805],[-40.955741,-15.465103],[-40.956365,-15.465553],[-40.958609,-15.467065],[-40.959307,-15.467442],[-40.95982,-15.467675],[-40.960195,-15.467776],[-40.96059,-15.467782],[-40.961315,-15.467694],[-40.962146,-15.467613],[-40.962733,-15.467597],[-40.96316,-15.467635],[-40.964081,-15.467927],[-40.965763,-15.468647],[-40.966516,-15.46894],[-40.966545,-15.468951],[-40.967563,-15.469408],[-40.968194,-15.469681],[-40.968591,-15.469803],[-40.969243,-15.46989],[-40.970054,-15.469945],[-40.970663,-15.470012],[-40.971155,-15.470111],[-40.971422,-15.470253],[-40.972068,-15.470899],[-40.972673,-15.471619],[-40.97303,-15.472061],[-40.973333,-15.472596],[-40.973641,-15.473577],[-40.97385,-15.474217],[-40.974089,-15.474639],[-40.974403,-15.475071],[-40.974725,-15.4754],[-40.97537,-15.475816],[-40.976389,-15.476283],[-40.977705,-15.476748],[-40.979096,-15.477171],[-40.979963,-15.477412],[-40.980701,-15.47755],[-40.98178,-15.477694],[-40.983042,-15.477931],[-40.983273,-15.47795],[-40.984484,-15.478053],[-40.985892,-15.478081],[-40.986809,-15.478083],[-40.98747,-15.478037],[-40.988313,-15.477936],[-40.988675,-15.47785],[-40.989079,-15.477701],[-40.989322,-15.477502],[-40.989554,-15.477209],[-40.989806,-15.476772],[-40.989996,-15.476325],[-40.990162,-15.475888],[-40.990341,-15.475556],[-40.990656,-15.475128],[-40.990942,-15.474846],[-40.991249,-15.474605],[-40.991514,-15.474437],[-40.992077,-15.474163],[-40.992503,-15.474035],[-40.99279,-15.474001],[-40.993025,-15.473989],[-40.993527,-15.474015],[-40.993976,-15.474042],[-40.994681,-15.474077],[-40.995139,-15.474115],[-40.995931,-15.474294],[-40.996348,-15.474445],[-40.996735,-15.474628],[-40.997047,-15.474894],[-40.997402,-15.475244],[-40.997677,-15.475526],[-40.997682,-15.475531],[-40.997711,-15.475565],[-40.998157,-15.476096],[-40.998665,-15.476682],[-40.999236,-15.477256],[-40.99974,-15.477708],[-40.999967,-15.477846],[-41.000452,-15.478005],[-41.000776,-15.478042],[-41.000888,-15.478055],[-41.001536,-15.478227],[-41.001849,-15.478253],[-41.002573,-15.478314],[-41.003893,-15.478222],[-41.005745,-15.47793],[-41.007898,-15.477553],[-41.008948,-15.477317],[-41.009747,-15.477001],[-41.010561,-15.476475],[-41.010594,-15.476447],[-41.010813,-15.476263],[-41.011323,-15.475836],[-41.012224,-15.474954],[-41.012962,-15.474232],[-41.01408,-15.473167]]]},"properties":{"cd_unidade":"293330708","nome":"Cercadinho","tipo":"distrito","situacao":"rural","cd_dist":"293330708","nm_dist":"Cercadinho","cd_mun":"2933307","nm_mun":"Vitória da Conquista","area_km2":348.879657,"area_domiciliada_km2":0.53263,"demografia":{"pop":1816,"homens":956,"mulheres":860,"idade":{"0_4":105,"5_9":120,"10_14":125,"15_19":141,"20_24":94,"25_29":114,"30_39":241,"40_49":245,"50_59":235,"60_69":203,"70_mais":184}},"domicilios":{"total":997,"particulares":997,"coletivos":0,"ocupados":703,"uso_ocasional":133,"vagos":161,"tipo":{"dppo":693,"casa":679,"casa_vila_condominio":13,"apartamento":0,"comodo_cortico":0,"degradada":0,"improvisado":10},"media_moradores":2.596,"pct_imputados":0.0683},"saneamento":{"agua":{"rede_geral":25,"poco":368,"outras":152},"agua_canalizada":{"dentro":319,"so_terreno":132,"nao":241},"banheiro":{"exclusivo":209,"comum":0,"so_sanitario":81,"nenhum":9},"esgoto":{"rede_ou_fossa_ligada":0,"fossa_septica":302,"fossa_rudimentar":367,"outros":0,"inexistente":9},"lixo":{"coletado":277,"queimado_enterrado":340,"outros":0}},"alfabetizacao":{"alfabetizados_15_mais":1094,"nao_alfabetizados_15_mais":368},"renda_responsavel":{"responsaveis":693,"moradores":1797,"rendimento_medio":981.6905},"enderecos_cnefe":{"particulares":995,"coletivos":0,"agropecuario":112,"ensino":4,"saude":6,"outras_finalidades":118,"em_construcao":44,"religioso":19},"escolas":{"publicas":{"ate_50":0,"51_200":2,"201_500":0,"501_1000":0,"mais_1000":0,"sem_matricula":0,"nao_informado":0},"particulares":{"ate_50":0,"51_200":0,"201_500":0,"501_1000":0,"mais_1000":0,"sem_matricula":0,"nao_informado":0}},"contem_sigilo":["demografia","domicilios","saneamento"]}},{"type":"Feature","_id":"293330709","geometry":{"type":"Polygon","coordinates":[[[-40.955267,-15.027766],[-40.955131,-15.027958],[-40.954867,-15.028048],[-40.954632,-15.028206],[-40.954361,-15.028434],[-40.954226,-15.028688],[-40.954168,-15.02895],[-40.954019,-15.029591],[-40.953992,-15.029913],[-40.953969,-15.030183],[-40.953933,-15.030286],[-40.953862,-15.030438],[-40.953748,-15.030534],[-40.953605,-15.030514],[-40.953477,-15.030527],[-40.953441,-15.030555],[-40.95342,-15.030638],[-40.953434,-15.030693],[-40.953491,-15.030748],[-40.953477,-15.030824],[-40.953405,-15.030892],[-40.953213,-15.030941],[-40.953013,-15.030996],[-40.952571,-15.031092],[-40.952264,-15.031168],[-40.952025,-15.031173],[-40.951922,-15.031175],[-40.951473,-15.031278],[-40.951109,-15.031423],[-40.950866,-15.031561],[-40.950667,-15.031674],[-40.950539,-15.031746],[-40.950046,-15.031967],[-40.949383,-15.032229],[-40.948577,-15.0326],[-40.948107,-15.032786],[-40.947401,-15.032986],[-40.946944,-15.033062],[-40.94631,-15.032966],[-40.94596,-15.032966],[-40.945611,-15.033041],[-40.944997,-15.033124],[-40.94442,-15.033138],[-40.944223,-15.033114],[-40.944134,-15.033103],[-40.943928,-15.03311],[-40.943386,-15.033248],[-40.942908,-15.03342],[-40.942252,-15.033737],[-40.941745,-15.033971],[-40.940818,-15.034233],[-40.940398,-15.034488],[-40.940085,-15.034721],[-40.939891,-15.034866],[-40.939406,-15.035128],[-40.938786,-15.035355],[-40.938329,-15.035535],[-40.937859,-15.035631],[-40.937726,-15.035652],[-40.937303,-15.03572],[-40.936953,-15.035782],[-40.936661,-15.035748],[-40.936404,-15.035762],[-40.936283,-15.035817],[-40.936162,-15.035872],[-40.935962,-15.035906],[-40.935698,-15.035975],[-40.93552,-15.036113],[-40.935341,-15.03634],[-40.935078,-15.036602],[-40.934899,-15.036843],[-40.934685,-15.037215],[-40.9346,-15.037539],[-40.934559,-15.037701],[-40.934514,-15.037876],[-40.9344,-15.038103],[-40.934257,-15.038372],[-40.934051,-15.038475],[-40.933601,-15.038586],[-40.93338,-15.038675],[-40.933173,-15.038778],[-40.933052,-15.038799],[-40.932939,-15.038815],[-40.932853,-15.038827],[-40.932667,-15.038951],[-40.932396,-15.039185],[-40.932218,-15.039288],[-40.93204,-15.039391],[-40.931911,-15.039508],[-40.93174,-15.039715],[-40.931605,-15.039908],[-40.931562,-15.040046],[-40.931433,-15.040211],[-40.931105,-15.040473],[-40.930891,-15.040659],[-40.930692,-15.040879],[-40.930485,-15.041099],[-40.930314,-15.041237],[-40.930036,-15.041478],[-40.929929,-15.041692],[-40.929793,-15.041947],[-40.929779,-15.042001],[-40.929746,-15.042128],[-40.929743,-15.042139],[-40.929629,-15.04225],[-40.929522,-15.04236],[-40.929387,-15.042539],[-40.929166,-15.042711],[-40.928909,-15.042862],[-40.928681,-15.042993],[-40.928634,-15.043004],[-40.931382,-15.047018],[-40.953208,-15.078987],[-40.978054,-15.115379],[-40.991821,-15.135544],[-41.000415,-15.12845],[-41.02524,-15.107906],[-41.086591,-15.057166],[-41.086808,-15.056416],[-41.087361,-15.055614],[-41.087775,-15.055056],[-41.087785,-15.055044],[-41.087794,-15.055031],[-41.087832,-15.054161],[-41.087097,-15.054146],[-41.086331,-15.054026],[-41.085091,-15.05387],[-41.083846,-15.053813],[-41.082954,-15.05374],[-41.081558,-15.053678],[-41.080398,-15.053543],[-41.080286,-15.053512],[-41.079651,-15.053332],[-41.079517,-15.053294],[-41.078808,-15.053014],[-41.078002,-15.052527],[-41.07731,-15.052231],[-41.07653,-15.052018],[-41.075671,-15.051832],[-41.074811,-15.051707],[-41.073286,-15.051188],[-41.073092,-15.051099],[-41.072201,-15.05069],[-41.071363,-15.050338],[-41.070288,-15.049912],[-41.069644,-15.049549],[-41.069021,-15.049279],[-41.068172,-15.049124],[-41.067409,-15.049113],[-41.066614,-15.048979],[-41.064981,-15.048802],[-41.062596,-15.04791],[-41.061823,-15.047474],[-41.061092,-15.046789],[-41.060727,-15.045752],[-41.060491,-15.045441],[-41.060444,-15.04538],[-41.060254,-15.045129],[-41.059868,-15.044611],[-41.059392,-15.043738],[-41.059223,-15.043428],[-41.058858,-15.042328],[-41.058578,-15.041913],[-41.057873,-15.041368],[-41.057289,-15.040917],[-41.055871,-15.039921],[-41.054389,-15.039071],[-41.052799,-15.038386],[-41.051187,-15.03768],[-41.049962,-15.036975],[-41.049425,-15.036746],[-41.049189,-15.036551],[-41.048824,-15.036248],[-41.048566,-15.03602],[-41.047771,-15.035792],[-41.047083,-15.03575],[-41.046503,-15.035896],[-41.045429,-15.036311],[-41.045066,-15.036412],[-41.043581,-15.036829],[-41.042679,-15.037099],[-41.041132,-15.037224],[-41.038231,-15.037473],[-41.036639,-15.037221],[-41.035038,-15.036277],[-41.020445,-15.030873],[-41.020002,-15.031084],[-41.019162,-15.031637],[-41.018638,-15.031996],[-41.018243,-15.032559],[-41.017799,-15.033032],[-41.017587,-15.033117],[-41.01731,-15.033227],[-41.01654,-15.033448],[-41.01577,-15.03353],[-41.014529,-15.033696],[-41.013031,-15.033861],[-41.011919,-15.033999],[-41.01102,-15.03426],[-41.010136,-15.034467],[-41.009494,-15.034591],[-41.008453,-15.034742],[-41.007768,-15.034825],[-41.007112,-15.035004],[-41.005929,-15.035431],[-41.003932,-15.036657],[-41.003304,-15.037236],[-41.002463,-15.038021],[-41.001144,-15.038926],[-40.998107,-15.039208],[-40.997414,-15.03944],[-40.996586,-15.039536],[-40.99536,-15.039632],[-40.994376,-15.039577],[-40.99322,-15.039564],[-40.992136,-15.039605],[-40.990353,-15.03966],[-40.989327,-15.039522],[-40.988656,-15.039577],[-40.98743,-15.039743],[-40.986659,-15.039853],[-40.986146,-15.040032],[-40.985689,-15.040128],[-40.984891,-15.040183],[-40.984377,-15.039963],[-40.983593,-15.039632],[-40.983051,-15.039591],[-40.982181,-15.039467],[-40.980526,-15.039384],[-40.979457,-15.039302],[-40.978572,-15.03915],[-40.977417,-15.038902],[-40.976404,-15.038668],[-40.975178,-15.038489],[-40.974579,-15.038324],[-40.974322,-15.038172],[-40.974251,-15.038046],[-40.974137,-15.037842],[-40.973923,-15.037511],[-40.973167,-15.037002],[-40.972568,-15.036574],[-40.971056,-15.03572],[-40.9701,-15.035238],[-40.96933,-15.035004],[-40.968175,-15.034563],[-40.967219,-15.034191],[-40.966235,-15.033737],[-40.965308,-15.033241],[-40.964252,-15.032842],[-40.963282,-15.032442],[-40.962256,-15.03185],[-40.961867,-15.031613],[-40.961057,-15.03112],[-40.960615,-15.030638],[-40.960159,-15.030045],[-40.959874,-15.029646],[-40.959132,-15.029109],[-40.958804,-15.028833],[-40.958604,-15.028682],[-40.958299,-15.028641],[-40.958236,-15.028662],[-40.957936,-15.028764],[-40.957383,-15.028832],[-40.957069,-15.028861],[-40.956768,-15.028786],[-40.956422,-15.028567],[-40.95612,-15.028421],[-40.955704,-15.028205],[-40.955267,-15.027766]]]},"properties":{"cd_unidade":"293330709","nome":"Dantilândia","tipo":"distrito","situacao":"rural","cd_dist":"293330709","nm_dist":"Dantilândia","cd_mun":"2933307","nm_mun":"Vitória da Conquista","area_km2":103.604596,"area_domiciliada_km2":0.77082,"demografia":{"pop":1574,"homens":761,"mulheres":813,"idade":{"0_4":125,"5_9":112,"10_14":108,"15_19":116,"20_24":133,"25_29":104,"30_39":211,"40_49":199,"50_59":170,"60_69":148,"70_mais":148}},"domicilios":{"total":692,"particulares":692,"coletivos":0,"ocupados":562,"uso_ocasional":36,"vagos":94,"tipo":{"dppo":562,"casa":562,"casa_vila_condominio":0,"apartamento":0,"comodo_cortico":0,"degradada":0,"improvisado":0},"media_moradores":2.7893,"pct_imputados":0.016},"saneamento":{"agua":{"rede_geral":459,"poco":null,"outras":null},"agua_canalizada":{"dentro":436,"so_terreno":113,"nao":11},"banheiro":{"exclusivo":null,"comum":4,"so_sanitario":23,"nenhum":0},"esgoto":{"rede_ou_fossa_ligada":3,"fossa_septica":0,"fossa_rudimentar":551,"outros":0,"inexistente":0},"lixo":{"coletado":199,"queimado_enterrado":17,"outros":0}},"alfabetizacao":{"alfabetizados_15_mais":1026,"nao_alfabetizados_15_mais":203},"renda_responsavel":{"responsaveis":562,"moradores":1574,"rendimento_medio":1162.2555},"enderecos_cnefe":{"particulares":691,"coletivos":0,"agropecuario":89,"ensino":2,"saude":2,"outras_finalidades":142,"em_construcao":46,"religioso":10},"escolas":{"publicas":{"ate_50":0,"51_200":1,"201_500":1,"501_1000":0,"mais_1000":0,"sem_matricula":0,"nao_informado":0},"particulares":{"ate_50":0,"51_200":0,"201_500":0,"501_1000":0,"mais_1000":0,"sem_matricula":0,"nao_informado":0}},"contem_sigilo":["saneamento"]}},{"type":"Feature","_id":"293330710","geometry":{"type":"Polygon","coordinates":[[[-41.110114,-15.011647],[-41.111266,-15.011417],[-41.11188,-15.01134],[-41.112264,-15.011417],[-41.114874,-15.007271],[-41.116064,-15.00612],[-41.116793,-15.005275],[-41.117292,-15.004047],[-41.11806,-15.00278],[-41.11867,-15.001981],[-41.118956,-15.001692],[-41.119314,-15.00126],[-41.12012,-15.000343],[-41.120443,-15.000185],[-41.120675,-15.000012],[-41.120839,-14.999834],[-41.121245,-14.999406],[-41.121524,-14.999112],[-41.122246,-14.998478],[-41.122468,-14.998249],[-41.123029,-14.997621],[-41.123418,-14.997117],[-41.123927,-14.996494],[-41.124316,-14.99599],[-41.124736,-14.995516],[-41.125005,-14.99516],[-41.125208,-14.994772],[-41.125331,-14.99388],[-41.125467,-14.993377],[-41.125585,-14.993111],[-41.125895,-14.992601],[-41.126285,-14.992156],[-41.126795,-14.991651],[-41.126975,-14.991443],[-41.127063,-14.991266],[-41.127122,-14.991],[-41.127104,-14.990923],[-41.120672,-14.98904],[-41.09013,-14.980098],[-41.08484,-14.978549],[-41.052565,-14.969071],[-41.022668,-14.960286],[-41.007708,-14.956349],[-41.003291,-14.955186],[-40.989824,-14.951642],[-40.953804,-14.897574],[-40.948621,-14.890016],[-40.948108,-14.889701],[-40.947557,-14.889364],[-40.947079,-14.888731],[-40.946606,-14.888308],[-40.925972,-14.891642],[-40.925403,-14.895918],[-40.922194,-14.898278],[-40.919905,-14.899962],[-40.919889,-14.899951],[-40.918866,-14.899549],[-40.917543,-14.898984],[-40.916823,-14.898719],[-40.916248,-14.898448],[-40.915715,-14.898155],[-40.915452,-14.898053],[-40.915324,-14.898004],[-40.91442,-14.897611],[-40.913421,-14.897223],[-40.91303,-14.897057],[-40.912702,-14.896966],[-40.912153,-14.896862],[-40.911766,-14.896779],[-40.910879,-14.896403],[-40.909431,-14.895762],[-40.909324,-14.895714],[-40.908695,-14.895436],[-40.908329,-14.8948],[-40.908235,-14.894833],[-40.908119,-14.894821],[-40.908025,-14.894799],[-40.907906,-14.894744],[-40.90774,-14.894638],[-40.9073,-14.894401],[-40.90716,-14.89426],[-40.906986,-14.894085],[-40.906855,-14.893986],[-40.906666,-14.893928],[-40.906574,-14.893901],[-40.906419,-14.894121],[-40.906004,-14.894662],[-40.905121,-14.895929],[-40.904889,-14.896097],[-40.904195,-14.896712],[-40.903864,-14.896859],[-40.903123,-14.897117],[-40.902377,-14.89739],[-40.901977,-14.897453],[-40.901331,-14.897527],[-40.900837,-14.897605],[-40.90028,-14.897574],[-40.899906,-14.897937],[-40.899754,-14.898057],[-40.899344,-14.898509],[-40.899034,-14.898888],[-40.898529,-14.899624],[-40.897363,-14.900675],[-40.896905,-14.901064],[-40.896343,-14.901516],[-40.895544,-14.902394],[-40.895339,-14.902599],[-40.895076,-14.902916],[-40.894919,-14.90341],[-40.893435,-14.908912],[-40.891542,-14.910722],[-40.890363,-14.911437],[-40.890447,-14.912321],[-40.888806,-14.913331],[-40.887123,-14.915098],[-40.882157,-14.918381],[-40.880245,-14.919478],[-40.880594,-14.92004],[-40.880606,-14.920059],[-40.881595,-14.921633],[-40.882263,-14.922695],[-40.882267,-14.922702],[-40.883996,-14.925503],[-40.885904,-14.92857],[-40.886259,-14.929138],[-40.886452,-14.929008],[-40.886519,-14.929042],[-40.88726,-14.929491],[-40.888044,-14.930003],[-40.888486,-14.93007],[-40.889049,-14.93],[-40.890056,-14.930002],[-40.891637,-14.930446],[-40.891863,-14.930518],[-40.891882,-14.930501],[-40.892203,-14.930168],[-40.892379,-14.930028],[-40.892624,-14.929908],[-40.892845,-14.929864],[-40.893151,-14.929838],[-40.893303,-14.929816],[-40.893475,-14.929712],[-40.893609,-14.929574],[-40.893669,-14.929429],[-40.89379,-14.929123],[-40.893894,-14.928968],[-40.894129,-14.928759],[-40.894909,-14.928214],[-40.895668,-14.927653],[-40.898994,-14.925296],[-40.900452,-14.924207],[-40.901829,-14.923267],[-40.902483,-14.922786],[-40.903042,-14.922755],[-40.903563,-14.922787],[-40.904228,-14.923308],[-40.905239,-14.924144],[-40.906258,-14.925093],[-40.906357,-14.925248],[-40.90666,-14.925686],[-40.906816,-14.925855],[-40.907016,-14.926137],[-40.907338,-14.926533],[-40.908133,-14.927469],[-40.908434,-14.927804],[-40.908862,-14.928211],[-40.90915,-14.928475],[-40.909475,-14.928776],[-40.909979,-14.929244],[-40.910128,-14.929381],[-40.910379,-14.929591],[-40.910651,-14.929764],[-40.911196,-14.93005],[-40.91125,-14.930073],[-40.909557,-14.935171],[-40.902292,-14.954819],[-40.897341,-14.968176],[-40.894307,-14.97636],[-40.889998,-14.987982],[-40.892894,-14.992106],[-40.911729,-15.01893],[-40.928634,-15.043004],[-40.928681,-15.042993],[-40.928909,-15.042862],[-40.929166,-15.042711],[-40.929387,-15.042539],[-40.929522,-15.04236],[-40.929629,-15.04225],[-40.929743,-15.042139],[-40.929746,-15.042128],[-40.929779,-15.042001],[-40.929793,-15.041947],[-40.929929,-15.041692],[-40.930036,-15.041478],[-40.930314,-15.041237],[-40.930485,-15.041099],[-40.930692,-15.040879],[-40.930891,-15.040659],[-40.931105,-15.040473],[-40.931433,-15.040211],[-40.931562,-15.040046],[-40.931605,-15.039908],[-40.93174,-15.039715],[-40.931911,-15.039508],[-40.93204,-15.039391],[-40.932218,-15.039288],[-40.932396,-15.039185],[-40.932667,-15.038951],[-40.932853,-15.038827],[-40.932939,-15.038815],[-40.933052,-15.038799],[-40.933173,-15.038778],[-40.93338,-15.038675],[-40.933601,-15.038586],[-40.934051,-15.038475],[-40.934257,-15.038372],[-40.9344,-15.038103],[-40.934514,-15.037876],[-40.934559,-15.037701],[-40.9346,-15.037539],[-40.934685,-15.037215],[-40.934899,-15.036843],[-40.935078,-15.036602],[-40.935341,-15.03634],[-40.93552,-15.036113],[-40.935698,-15.035975],[-40.935962,-15.035906],[-40.936162,-15.035872],[-40.936283,-15.035817],[-40.936404,-15.035762],[-40.936661,-15.035748],[-40.936953,-15.035782],[-40.937303,-15.03572],[-40.937726,-15.035652],[-40.937859,-15.035631],[-40.938329,-15.035535],[-40.938786,-15.035355],[-40.939406,-15.035128],[-40.939891,-15.034866],[-40.940085,-15.034721],[-40.940398,-15.034488],[-40.940818,-15.034233],[-40.941745,-15.033971],[-40.942252,-15.033737],[-40.942908,-15.03342],[-40.943386,-15.033248],[-40.943928,-15.03311],[-40.944134,-15.033103],[-40.944223,-15.033114],[-40.94442,-15.033138],[-40.944997,-15.033124],[-40.945611,-15.033041],[-40.94596,-15.032966],[-40.94631,-15.032966],[-40.946944,-15.033062],[-40.947401,-15.032986],[-40.948107,-15.032786],[-40.948577,-15.0326],[-40.949383,-15.032229],[-40.950046,-15.031967],[-40.950539,-15.031746],[-40.950667,-15.031674],[-40.950866,-15.031561],[-40.951109,-15.031423],[-40.951473,-15.031278],[-40.951922,-15.031175],[-40.952025,-15.031173],[-40.952264,-15.031168],[-40.952571,-15.031092],[-40.953013,-15.030996],[-40.953213,-15.030941],[-40.953405,-15.030892],[-40.953477,-15.030824],[-40.953491,-15.030748],[-40.953434,-15.030693],[-40.95342,-15.030638],[-40.953441,-15.030555],[-40.953477,-15.030527],[-40.953605,-15.030514],[-40.953748,-15.030534],[-40.953862,-15.030438],[-40.953933,-15.030286],[-40.953969,-15.030183],[-40.953992,-15.029913],[-40.954019,-15.029591],[-40.954168,-15.02895],[-40.954226,-15.028688],[-40.954361,-15.028434],[-40.954632,-15.028206],[-40.954867,-15.028048],[-40.955131,-15.027958],[-40.955267,-15.027766],[-40.955704,-15.028205],[-40.95612,-15.028421],[-40.956422,-15.028567],[-40.956768,-15.028786],[-40.957069,-15.028861],[-40.957383,-15.028832],[-40.957936,-15.028764],[-40.958236,-15.028662],[-40.958299,-15.028641],[-40.958604,-15.028682],[-40.958804,-15.028833],[-40.959132,-15.029109],[-40.959874,-15.029646],[-40.960159,-15.030045],[-40.960615,-15.030638],[-40.961057,-15.03112],[-40.961867,-15.031613],[-40.962256,-15.03185],[-40.963282,-15.032442],[-40.964252,-15.032842],[-40.965308,-15.033241],[-40.966235,-15.033737],[-40.967219,-15.034191],[-40.968175,-15.034563],[-40.96933,-15.035004],[-40.9701,-15.035238],[-40.971056,-15.03572],[-40.972568,-15.036574],[-40.973167,-15.037002],[-40.973923,-15.037511],[-40.974137,-15.037842],[-40.974251,-15.038046],[-40.974322,-15.038172],[-40.974579,-15.038324],[-40.975178,-15.038489],[-40.976404,-15.038668],[-40.977417,-15.038902],[-40.978572,-15.03915],[-40.979457,-15.039302],[-40.980526,-15.039384],[-40.982181,-15.039467],[-40.983051,-15.039591],[-40.983593,-15.039632],[-40.984377,-15.039963],[-40.984891,-15.040183],[-40.985689,-15.040128],[-40.986146,-15.040032],[-40.986659,-15.039853],[-40.98743,-15.039743],[-40.988656,-15.039577],[-40.989327,-15.039522],[-40.990353,-15.03966],[-40.992136,-15.039605],[-40.99322,-15.039564],[-40.994376,-15.039577],[-40.99536,-15.039632],[-40.996586,-15.039536],[-40.997414,-15.03944],[-40.998107,-15.039208],[-41.001144,-15.038926],[-41.002463,-15.038021],[-41.003304,-15.037236],[-41.003932,-15.036657],[-41.005929,-15.035431],[-41.007112,-15.035004],[-41.007768,-15.034825],[-41.008453,-15.034742],[-41.009494,-15.034591],[-41.010136,-15.034467],[-41.01102,-15.03426],[-41.011919,-15.033999],[-41.013031,-15.033861],[-41.014529,-15.033696],[-41.01577,-15.03353],[-41.01654,-15.033448],[-41.01731,-15.033227],[-41.017587,-15.033117],[-41.017799,-15.033032],[-41.018243,-15.032559],[-41.018638,-15.031996],[-41.019162,-15.031637],[-41.020002,-15.031084],[-41.020445,-15.030873],[-41.035038,-15.036277],[-41.036639,-15.037221],[-41.038231,-15.037473],[-41.041132,-15.037224],[-41.042679,-15.037099],[-41.043581,-15.036829],[-41.045066,-15.036412],[-41.045429,-15.036311],[-41.046503,-15.035896],[-41.047083,-15.03575],[-41.047771,-15.035792],[-41.048566,-15.03602],[-41.048824,-15.036248],[-41.049189,-15.036551],[-41.049425,-15.036746],[-41.049962,-15.036975],[-41.051187,-15.03768],[-41.052799,-15.038386],[-41.054389,-15.039071],[-41.055871,-15.039921],[-41.057289,-15.040917],[-41.057873,-15.041368],[-41.058578,-15.041913],[-41.058858,-15.042328],[-41.059223,-15.043428],[-41.059392,-15.043738],[-41.059868,-15.044611],[-41.060254,-15.045129],[-41.060444,-15.04538],[-41.060491,-15.045441],[-41.060727,-15.045752],[-41.061092,-15.046789],[-41.061823,-15.047474],[-41.062596,-15.04791],[-41.064981,-15.048802],[-41.066614,-15.048979],[-41.067409,-15.049113],[-41.068172,-15.049124],[-41.069021,-15.049279],[-41.069644,-15.049549],[-41.070288,-15.049912],[-41.071363,-15.050338],[-41.072201,-15.05069],[-41.073092,-15.051099],[-41.073286,-15.051188],[-41.074811,-15.051707],[-41.075671,-15.051832],[-41.07653,-15.052018],[-41.07731,-15.052231],[-41.078002,-15.052527],[-41.078808,-15.053014],[-41.079517,-15.053294],[-41.079651,-15.053332],[-41.080286,-15.053512],[-41.080398,-15.053543],[-41.081558,-15.053678],[-41.082954,-15.05374],[-41.083846,-15.053813],[-41.085091,-15.05387],[-41.086331,-15.054026],[-41.087097,-15.054146],[-41.087832,-15.054161],[-41.087882,-15.053889],[-41.087938,-15.053581],[-41.088047,-15.053218],[-41.088192,-15.05271],[-41.088035,-15.051879],[-41.087915,-15.05123],[-41.087872,-15.050615],[-41.087599,-15.04946],[-41.087291,-15.048341],[-41.087203,-15.047158],[-41.087151,-15.045677],[-41.087183,-15.044989],[-41.087249,-15.044084],[-41.087614,-15.042995],[-41.08809,-15.042086],[-41.089088,-15.040846],[-41.089605,-15.040262],[-41.090307,-15.039424],[-41.090972,-15.038622],[-41.091525,-15.037784],[-41.091966,-15.037057],[-41.092611,-15.036213],[-41.092956,-15.035522],[-41.093532,-15.034294],[-41.094069,-15.033258],[-41.094568,-15.032221],[-41.095106,-15.031223],[-41.095259,-15.029496],[-41.095758,-15.028613],[-41.096488,-15.027999],[-41.097332,-15.027308],[-41.09833,-15.027078],[-41.099251,-15.027078],[-41.099981,-15.026272],[-41.100556,-15.025351],[-41.10048,-15.02466],[-41.100211,-15.024199],[-41.100556,-15.023239],[-41.101631,-15.022395],[-41.102169,-15.021742],[-41.103128,-15.020629],[-41.103666,-15.020092],[-41.104165,-15.019363],[-41.104165,-15.018441],[-41.104149,-15.018088],[-41.104126,-15.017558],[-41.104779,-15.017136],[-41.105777,-15.017328],[-41.106352,-15.017405],[-41.106775,-15.017136],[-41.107201,-15.016767],[-41.10735,-15.016637],[-41.107542,-15.015754],[-41.107581,-15.015217],[-41.108041,-15.014833],[-41.108694,-15.013797],[-41.109692,-15.011954],[-41.110114,-15.011647]]]},"properties":{"cd_unidade":"293330710","nome":"Iguá","tipo":"distrito","situacao":"rural","cd_dist":"293330710","nm_dist":"Iguá","cd_mun":"2933307","nm_mun":"Vitória da Conquista","area_km2":239.77413,"area_domiciliada_km2":0.54044,"demografia":{"pop":3261,"homens":1634,"mulheres":1627,"idade":{"0_4":204,"5_9":246,"10_14":248,"15_19":271,"20_24":238,"25_29":198,"30_39":443,"40_49":455,"50_59":370,"60_69":307,"70_mais":281}},"domicilios":{"total":1680,"particulares":1680,"coletivos":0,"ocupados":1075,"uso_ocasional":342,"vagos":263,"tipo":{"dppo":1074,"casa":1069,"casa_vila_condominio":0,"apartamento":0,"comodo_cortico":0,"degradada":0,"improvisado":0},"media_moradores":3.0309,"pct_imputados":0.0037},"saneamento":{"agua":{"rede_geral":439,"poco":203,"outras":153},"agua_canalizada":{"dentro":572,"so_terreno":189,"nao":309},"banheiro":{"exclusivo":608,"comum":0,"so_sanitario":0,"nenhum":0},"esgoto":{"rede_ou_fossa_ligada":159,"fossa_septica":29,"fossa_rudimentar":862,"outros":12,"inexistente":0},"lixo":{"coletado":382,"queimado_enterrado":556,"outros":0}},"alfabetizacao":{"alfabetizados_15_mais":2082,"nao_alfabetizados_15_mais":481},"renda_responsavel":{"responsaveis":1074,"moradores":3259,"rendimento_medio":1165.1568},"enderecos_cnefe":{"particulares":1680,"coletivos":0,"agropecuario":221,"ensino":13,"saude":4,"outras_finalidades":225,"em_construcao":219,"religioso":28},"escolas":{"publicas":{"ate_50":0,"51_200":1,"201_500":2,"501_1000":0,"mais_1000":0,"sem_matricula":0,"nao_informado":0},"particulares":{"ate_50":0,"51_200":0,"201_500":0,"501_1000":0,"mais_1000":0,"sem_matricula":0,"nao_informado":0}},"contem_sigilo":["domicilios","saneamento"]}},{"type":"Feature","_id":"293330715","geometry":{"type":"Polygon","coordinates":[[[-40.934199,-15.347795],[-40.934222,-15.347837],[-40.934303,-15.347986],[-40.934312,-15.348004],[-40.934528,-15.347704],[-40.934603,-15.347414],[-40.934648,-15.347281],[-40.934807,-15.347008],[-40.934954,-15.346759],[-40.935108,-15.34666],[-40.935422,-15.346521],[-40.935642,-15.346383],[-40.935823,-15.346158],[-40.936055,-15.345817],[-40.936142,-15.345548],[-40.936195,-15.34523],[-40.936209,-15.345027],[-40.936179,-15.344582],[-40.936245,-15.34429],[-40.93634,-15.343826],[-40.93641,-15.343647],[-40.936556,-15.343295],[-40.936811,-15.342958],[-40.936952,-15.342785],[-40.937112,-15.342598],[-40.937248,-15.34228],[-40.937273,-15.342067],[-40.937204,-15.341822],[-40.937267,-15.341699],[-40.937435,-15.341499],[-40.937527,-15.341392],[-40.937539,-15.341305],[-40.937611,-15.341149],[-40.937695,-15.341068],[-40.937827,-15.341039],[-40.937959,-15.340935],[-40.938001,-15.340889],[-40.938085,-15.340693],[-40.938228,-15.340479],[-40.938462,-15.340358],[-40.938774,-15.3403],[-40.938941,-15.340329],[-40.939079,-15.34041],[-40.939157,-15.340508],[-40.939229,-15.3406],[-40.939242,-15.340601],[-40.939373,-15.340606],[-40.939463,-15.340554],[-40.939535,-15.340467],[-40.939631,-15.340242],[-40.939667,-15.340034],[-40.939657,-15.339971],[-40.939619,-15.339728],[-40.939655,-15.339525],[-40.939798,-15.339132],[-40.940062,-15.33867],[-40.940248,-15.338456],[-40.940442,-15.338402],[-40.940577,-15.338364],[-40.940805,-15.338144],[-40.940967,-15.337855],[-40.941105,-15.337561],[-40.941147,-15.33726],[-40.941219,-15.336873],[-40.941254,-15.336698],[-40.941411,-15.336441],[-40.941686,-15.336419],[-40.942038,-15.336374],[-40.942425,-15.336099],[-40.942681,-15.335689],[-40.942954,-15.335461],[-40.943204,-15.335456],[-40.943765,-15.335724],[-40.944209,-15.335897],[-40.944483,-15.336081],[-40.944776,-15.336109],[-40.94488,-15.336058],[-40.944961,-15.335951],[-40.945,-15.335673],[-40.944972,-15.335373],[-40.944958,-15.335185],[-40.945042,-15.334723],[-40.945159,-15.334203],[-40.945185,-15.334087],[-40.945341,-15.33366],[-40.945497,-15.333244],[-40.945563,-15.332903],[-40.945605,-15.332689],[-40.945773,-15.332469],[-40.946372,-15.331891],[-40.946911,-15.331441],[-40.947511,-15.330874],[-40.947654,-15.330828],[-40.947774,-15.33092],[-40.948086,-15.330944],[-40.948182,-15.330851],[-40.94823,-15.330574],[-40.94829,-15.3304],[-40.948445,-15.330343],[-40.948649,-15.330458],[-40.948829,-15.330585],[-40.948997,-15.330597],[-40.949884,-15.330285],[-40.950483,-15.329915],[-40.951286,-15.329406],[-40.952352,-15.329233],[-40.952808,-15.329279],[-40.953,-15.329441],[-40.953102,-15.329625],[-40.953167,-15.329741],[-40.953296,-15.329895],[-40.953407,-15.330026],[-40.953527,-15.330169],[-40.953635,-15.330204],[-40.953707,-15.330181],[-40.953803,-15.330077],[-40.953855,-15.329958],[-40.953874,-15.329915],[-40.95397,-15.329626],[-40.954006,-15.329337],[-40.95415,-15.328967],[-40.954486,-15.328817],[-40.954761,-15.32884],[-40.954929,-15.328979],[-40.955325,-15.329106],[-40.955593,-15.329229],[-40.955828,-15.329337],[-40.955967,-15.329354],[-40.95602,-15.32936],[-40.956171,-15.32916],[-40.956211,-15.329106],[-40.956499,-15.328528],[-40.956655,-15.328158],[-40.956706,-15.327755],[-40.956751,-15.327407],[-40.956823,-15.327199],[-40.957014,-15.327083],[-40.95729,-15.327071],[-40.95771,-15.327152],[-40.958201,-15.32728],[-40.958776,-15.327464],[-40.960106,-15.327638],[-40.961245,-15.327488],[-40.961533,-15.327291],[-40.96212,-15.326274],[-40.962551,-15.325869],[-40.962839,-15.325823],[-40.963199,-15.325893],[-40.963738,-15.325904],[-40.964001,-15.32595],[-40.964133,-15.325973],[-40.964409,-15.325927],[-40.964637,-15.32565],[-40.96472,-15.325416],[-40.964769,-15.32528],[-40.964996,-15.324748],[-40.965512,-15.324182],[-40.966051,-15.323904],[-40.96659,-15.323812],[-40.966867,-15.323863],[-40.967094,-15.323904],[-40.967273,-15.323824],[-40.967364,-15.323788],[-40.967657,-15.323673],[-40.968076,-15.323558],[-40.968292,-15.3235],[-40.968795,-15.323535],[-40.968975,-15.323604],[-40.969167,-15.323719],[-40.969431,-15.323985],[-40.969598,-15.324274],[-40.96973,-15.324494],[-40.96991,-15.324621],[-40.970306,-15.324702],[-40.970521,-15.32469],[-40.970809,-15.324575],[-40.971097,-15.324297],[-40.971492,-15.323904],[-40.971816,-15.323604],[-40.972055,-15.323384],[-40.972163,-15.323153],[-40.972343,-15.323084],[-40.972655,-15.323026],[-40.972684,-15.323007],[-40.97287,-15.322887],[-40.97293,-15.322633],[-40.972894,-15.322402],[-40.972786,-15.322228],[-40.972718,-15.322123],[-40.972631,-15.321986],[-40.972571,-15.321674],[-40.972655,-15.321292],[-40.972846,-15.320911],[-40.973134,-15.32061],[-40.97335,-15.320483],[-40.973673,-15.320159],[-40.974057,-15.319454],[-40.974416,-15.318946],[-40.974572,-15.318518],[-40.974728,-15.317281],[-40.974764,-15.316079],[-40.974644,-15.315316],[-40.974536,-15.314912],[-40.974488,-15.314611],[-40.974488,-15.314253],[-40.97456,-15.313918],[-40.974908,-15.312947],[-40.975027,-15.312588],[-40.975219,-15.311444],[-40.975239,-15.311291],[-40.975255,-15.311166],[-40.975255,-15.311062],[-40.975099,-15.310947],[-40.974944,-15.310924],[-40.974812,-15.310912],[-40.974728,-15.310843],[-40.974764,-15.310704],[-40.974824,-15.3106],[-40.974908,-15.310473],[-40.97492,-15.310346],[-40.974764,-15.31023],[-40.974536,-15.310138],[-40.974308,-15.310207],[-40.974165,-15.310369],[-40.974049,-15.310443],[-40.973985,-15.310484],[-40.973709,-15.310519],[-40.973422,-15.310519],[-40.973158,-15.310427],[-40.973038,-15.310323],[-40.973002,-15.310161],[-40.973074,-15.309895],[-40.973302,-15.309421],[-40.973601,-15.309051],[-40.974081,-15.308623],[-40.97438,-15.308369],[-40.974632,-15.307849],[-40.974872,-15.30756],[-40.975123,-15.307491],[-40.975243,-15.307537],[-40.975375,-15.307699],[-40.975459,-15.307872],[-40.975579,-15.308092],[-40.975747,-15.308253],[-40.97601,-15.308311],[-40.976178,-15.308196],[-40.976274,-15.308022],[-40.976322,-15.307779],[-40.976406,-15.307595],[-40.976586,-15.307479],[-40.97678,-15.307427],[-40.976801,-15.307421],[-40.976981,-15.307282],[-40.977029,-15.307051],[-40.977012,-15.306903],[-40.976993,-15.306739],[-40.976921,-15.306473],[-40.976825,-15.306219],[-40.976849,-15.305884],[-40.976993,-15.305548],[-40.977197,-15.305364],[-40.977448,-15.305294],[-40.977628,-15.305364],[-40.977712,-15.305456],[-40.977928,-15.305664],[-40.978168,-15.305803],[-40.978779,-15.305895],[-40.979426,-15.30593],[-40.979702,-15.305907],[-40.980037,-15.30571],[-40.980295,-15.305429],[-40.980313,-15.30541],[-40.980696,-15.305236],[-40.980972,-15.30519],[-40.981475,-15.305086],[-40.981751,-15.30482],[-40.982063,-15.304589],[-40.982266,-15.304531],[-40.98253,-15.304393],[-40.983033,-15.303849],[-40.983201,-15.303583],[-40.983764,-15.30341],[-40.984112,-15.303387],[-40.984328,-15.303271],[-40.984699,-15.302844],[-40.985071,-15.302335],[-40.985175,-15.302047],[-40.985227,-15.301907],[-40.985298,-15.301618],[-40.985391,-15.301469],[-40.985792,-15.301198],[-40.986089,-15.301156],[-40.986318,-15.30126],[-40.986694,-15.301385],[-40.987527,-15.301713],[-40.987827,-15.301798],[-40.988498,-15.302104],[-40.989122,-15.302115],[-40.989625,-15.30237],[-40.98996,-15.302462],[-40.990188,-15.302497],[-40.990692,-15.302393],[-40.991483,-15.302034],[-40.991842,-15.301942],[-40.992118,-15.301907],[-40.992537,-15.302],[-40.993089,-15.302115],[-40.9934,-15.302208],[-40.993676,-15.302231],[-40.993987,-15.302069],[-40.994295,-15.301899],[-40.994479,-15.301526],[-40.994599,-15.301237],[-40.994778,-15.301029],[-40.995545,-15.300786],[-40.996037,-15.300659],[-40.996396,-15.300774],[-40.996624,-15.300878],[-40.996912,-15.300994],[-40.997043,-15.301017],[-40.997271,-15.300925],[-40.997607,-15.300786],[-40.99799,-15.300763],[-40.998158,-15.300844],[-40.998302,-15.301005],[-40.998326,-15.301294],[-40.99829,-15.301549],[-40.998271,-15.301727],[-40.998254,-15.301884],[-40.998338,-15.302069],[-40.998378,-15.302181],[-40.998476,-15.302459],[-40.998676,-15.302571],[-40.998999,-15.302488],[-40.999009,-15.302485],[-40.999524,-15.302358],[-41.000064,-15.302358],[-41.000375,-15.302427],[-41.000819,-15.302763],[-41.00101,-15.30304],[-41.00131,-15.303421],[-41.001609,-15.303775],[-41.001682,-15.303861],[-41.002017,-15.304057],[-41.002181,-15.304252],[-41.002425,-15.304543],[-41.002592,-15.304739],[-41.003024,-15.305098],[-41.003455,-15.305306],[-41.004198,-15.305514],[-41.004881,-15.305618],[-41.005517,-15.30571],[-41.005542,-15.305714],[-41.005936,-15.30578],[-41.006202,-15.305848],[-41.006643,-15.306069],[-41.007231,-15.306369],[-41.007325,-15.306428],[-41.007455,-15.306553],[-41.007573,-15.306935],[-41.007818,-15.307643],[-41.008036,-15.308244],[-41.008177,-15.308846],[-41.008414,-15.309389],[-41.008524,-15.309642],[-41.009064,-15.310129],[-41.009424,-15.310376],[-41.010092,-15.310835],[-41.011015,-15.311395],[-41.011427,-15.311582],[-41.011963,-15.311621],[-41.012409,-15.311457],[-41.012928,-15.310865],[-41.013397,-15.310555],[-41.014391,-15.310241],[-41.015123,-15.310235],[-41.016241,-15.310508],[-41.01703,-15.310389],[-41.017802,-15.310196],[-41.018192,-15.309935],[-41.018634,-15.309875],[-41.019292,-15.309916],[-41.020259,-15.310353],[-41.0217,-15.31108],[-41.02281,-15.311735],[-41.02368,-15.312041],[-41.024257,-15.312403],[-41.024617,-15.31288],[-41.025141,-15.313502],[-41.025244,-15.313588],[-41.025964,-15.314197],[-41.026864,-15.314669],[-41.027371,-15.314803],[-41.027477,-15.314765],[-41.027989,-15.314583],[-41.028034,-15.314566],[-41.028067,-15.314542],[-41.02857,-15.314172],[-41.029275,-15.313629],[-41.029687,-15.313164],[-41.030128,-15.312774],[-41.031004,-15.31222],[-41.031739,-15.311918],[-41.032542,-15.311721],[-41.03313,-15.311687],[-41.033633,-15.311814],[-41.034138,-15.312049],[-41.034352,-15.312149],[-41.035047,-15.312311],[-41.035419,-15.312276],[-41.035532,-15.312258],[-41.035778,-15.312218],[-41.036171,-15.311952],[-41.036305,-15.31186],[-41.036497,-15.311791],[-41.036893,-15.311814],[-41.037043,-15.31186],[-41.037384,-15.311964],[-41.037648,-15.312103],[-41.037789,-15.312169],[-41.037967,-15.312254],[-41.038235,-15.31238],[-41.038726,-15.312438],[-41.038954,-15.312449],[-41.039721,-15.312288],[-41.040764,-15.312311],[-41.041435,-15.312461],[-41.04156,-15.312452],[-41.041759,-15.312438],[-41.04207,-15.312299],[-41.042537,-15.312002],[-41.043027,-15.311776],[-41.044306,-15.311368],[-41.045219,-15.311091],[-41.0455,-15.310903],[-41.045584,-15.310841],[-41.045997,-15.310539],[-41.046085,-15.309836],[-41.046157,-15.309485],[-41.046247,-15.308935],[-41.046331,-15.3083],[-41.046343,-15.307664],[-41.046307,-15.30719],[-41.046151,-15.306254],[-41.046103,-15.305179],[-41.045923,-15.304358],[-41.045648,-15.303676],[-41.045504,-15.302659],[-41.045324,-15.302069],[-41.045336,-15.301445],[-41.045324,-15.299757],[-41.045408,-15.29867],[-41.04554,-15.297746],[-41.045648,-15.296335],[-41.045839,-15.294844],[-41.045959,-15.29385],[-41.046115,-15.292913],[-41.046187,-15.292474],[-41.046151,-15.291977],[-41.046247,-15.291411],[-41.046366,-15.291231],[-41.046439,-15.291122],[-41.046475,-15.290925],[-41.046367,-15.290451],[-41.046199,-15.290012],[-41.04599,-15.289528],[-41.045824,-15.288507],[-41.045955,-15.287364],[-41.045839,-15.28654],[-41.045754,-15.285937],[-41.045624,-15.285048],[-41.045567,-15.284209],[-41.045536,-15.28358],[-41.045446,-15.28287],[-41.045273,-15.282074],[-41.045348,-15.281142],[-41.045488,-15.280499],[-41.045838,-15.279714],[-41.046233,-15.279306],[-41.046401,-15.279133],[-41.052925,-15.272978],[-41.053026,-15.272882],[-41.050077,-15.266173],[-41.02916,-15.230526],[-40.991105,-15.168494],[-40.99027,-15.167134],[-40.991821,-15.135544],[-40.930267,-15.141123],[-40.918724,-15.142169],[-40.913612,-15.14425],[-40.911943,-15.145221],[-40.909314,-15.147358],[-40.90861,-15.147989],[-40.908081,-15.148433],[-40.907206,-15.1491],[-40.906763,-15.1496],[-40.90658,-15.150166],[-40.906001,-15.151393],[-40.905521,-15.152432],[-40.90473,-15.153543],[-40.903437,-15.154677],[-40.902639,-15.155385],[-40.902049,-15.155765],[-40.901378,-15.156528],[-40.900587,-15.157639],[-40.900012,-15.15868],[-40.899651,-15.159327],[-40.89911,-15.160055],[-40.898572,-15.161028],[-40.898238,-15.161711],[-40.897549,-15.162276],[-40.896752,-15.162867],[-40.896237,-15.163397],[-40.896073,-15.163727],[-40.895997,-15.163961],[-40.896009,-15.164163],[-40.896105,-15.16495],[-40.896105,-15.166546],[-40.896081,-15.167656],[-40.896081,-15.168263],[-40.896081,-15.168559],[-40.895996,-15.168937],[-40.895961,-15.169091],[-40.895437,-15.170053],[-40.895359,-15.170451],[-40.895325,-15.171081],[-40.895459,-15.171867],[-40.895422,-15.172533],[-40.894784,-15.17299],[-40.894213,-15.173424],[-40.893709,-15.173833],[-40.893092,-15.174337],[-40.892787,-15.174886],[-40.892488,-15.175921],[-40.892222,-15.176853],[-40.891919,-15.177932],[-40.891568,-15.17893],[-40.891322,-15.179454],[-40.891005,-15.180083],[-40.890617,-15.180816],[-40.889894,-15.181633],[-40.888881,-15.182171],[-40.888385,-15.182745],[-40.887966,-15.18322],[-40.887463,-15.183776],[-40.886896,-15.184326],[-40.88579,-15.185123],[-40.884923,-15.185664],[-40.884403,-15.18582],[-40.883761,-15.186069],[-40.883056,-15.186293],[-40.882272,-15.186717],[-40.881937,-15.186945],[-40.881784,-15.187049],[-40.881119,-15.187618],[-40.879839,-15.188455],[-40.879001,-15.188834],[-40.87843,-15.189071],[-40.877285,-15.189266],[-40.876888,-15.189233],[-40.876354,-15.189211],[-40.876152,-15.189297],[-40.875963,-15.189429],[-40.87568,-15.189636],[-40.875467,-15.189668],[-40.875036,-15.18976],[-40.874736,-15.189911],[-40.87452,-15.190061],[-40.874329,-15.190165],[-40.874191,-15.190235],[-40.873864,-15.19031],[-40.873472,-15.190364],[-40.873298,-15.190489],[-40.873262,-15.190639],[-40.873166,-15.19109],[-40.87323,-15.191312],[-40.873286,-15.191507],[-40.873238,-15.191669],[-40.873082,-15.191779],[-40.872902,-15.191865],[-40.872855,-15.192039],[-40.872938,-15.192328],[-40.872972,-15.192376],[-40.87313,-15.192605],[-40.873106,-15.192929],[-40.873118,-15.193299],[-40.873118,-15.193531],[-40.872998,-15.193693],[-40.872855,-15.19375],[-40.872732,-15.193774],[-40.872375,-15.193843],[-40.872052,-15.194028],[-40.871872,-15.194236],[-40.871464,-15.194421],[-40.870781,-15.19441],[-40.869535,-15.194375],[-40.869067,-15.194294],[-40.868552,-15.194282],[-40.867605,-15.194583],[-40.867294,-15.194722],[-40.866958,-15.195],[-40.866844,-15.195206],[-40.866766,-15.195347],[-40.86667,-15.195419],[-40.866539,-15.195416],[-40.866352,-15.195361],[-40.866198,-15.195312],[-40.866105,-15.195329],[-40.866059,-15.195393],[-40.866059,-15.195454],[-40.866059,-15.19574],[-40.865987,-15.195994],[-40.865855,-15.196121],[-40.865577,-15.196143],[-40.865412,-15.196156],[-40.865172,-15.196341],[-40.864957,-15.196596],[-40.864561,-15.196677],[-40.864166,-15.196607],[-40.863902,-15.19663],[-40.863494,-15.196781],[-40.863219,-15.19707],[-40.863166,-15.197265],[-40.863093,-15.197412],[-40.862859,-15.197522],[-40.862719,-15.197545],[-40.862548,-15.197486],[-40.862332,-15.197486],[-40.862209,-15.197565],[-40.862134,-15.197689],[-40.862057,-15.19788],[-40.861924,-15.19793],[-40.861695,-15.197902],[-40.861446,-15.197909],[-40.861309,-15.197949],[-40.861181,-15.198064],[-40.860211,-15.199371],[-40.859955,-15.199685],[-40.859878,-15.199725],[-40.859327,-15.200098],[-40.85917,-15.20026],[-40.858919,-15.200647],[-40.858818,-15.200802],[-40.858301,-15.201763],[-40.858005,-15.202078],[-40.857908,-15.202243],[-40.857814,-15.202402],[-40.857682,-15.202598],[-40.85755,-15.202691],[-40.857363,-15.2027],[-40.857322,-15.202702],[-40.857119,-15.202702],[-40.856867,-15.202806],[-40.856591,-15.202899],[-40.85592,-15.203315],[-40.855393,-15.203789],[-40.855057,-15.204171],[-40.854937,-15.204344],[-40.85491,-15.204474],[-40.85477,-15.205131],[-40.854688,-15.205863],[-40.854626,-15.206172],[-40.85424,-15.206856],[-40.854214,-15.207008],[-40.854353,-15.207277],[-40.854599,-15.208112],[-40.854571,-15.20844],[-40.854632,-15.208681],[-40.854692,-15.208861],[-40.854638,-15.209069],[-40.854601,-15.209381],[-40.854547,-15.209578],[-40.854469,-15.209693],[-40.854382,-15.209772],[-40.854338,-15.209884],[-40.854392,-15.210167],[-40.85435,-15.210601],[-40.854284,-15.210746],[-40.854086,-15.211104],[-40.853997,-15.211214],[-40.853937,-15.211312],[-40.853859,-15.211567],[-40.853763,-15.211769],[-40.853685,-15.21185],[-40.853594,-15.211859],[-40.853457,-15.211873],[-40.8532,-15.211896],[-40.85305,-15.211943],[-40.852786,-15.212099],[-40.852618,-15.21233],[-40.852373,-15.212735],[-40.852223,-15.212978],[-40.852151,-15.213145],[-40.852127,-15.213325],[-40.852031,-15.213631],[-40.851869,-15.213874],[-40.851648,-15.214053],[-40.851468,-15.214128],[-40.851366,-15.214175],[-40.851312,-15.214273],[-40.851222,-15.214533],[-40.85112,-15.214712],[-40.851084,-15.214845],[-40.851084,-15.215013],[-40.851156,-15.215256],[-40.85118,-15.215441],[-40.851162,-15.215603],[-40.851096,-15.2158],[-40.850994,-15.216175],[-40.850881,-15.21647],[-40.850749,-15.21691],[-40.850679,-15.217324],[-40.850411,-15.21821],[-40.849921,-15.218977],[-40.849618,-15.219392],[-40.849355,-15.219697],[-40.848456,-15.221139],[-40.848062,-15.222033],[-40.8478,-15.222828],[-40.847654,-15.223411],[-40.847551,-15.223979],[-40.847447,-15.224222],[-40.847096,-15.224639],[-40.847941,-15.248837],[-40.848117,-15.253894],[-40.848178,-15.255642],[-40.847578,-15.26941],[-40.84665,-15.269623],[-40.845814,-15.269996],[-40.844893,-15.270288],[-40.843209,-15.270566],[-40.842296,-15.270717],[-40.841457,-15.271167],[-40.841293,-15.271254],[-40.840585,-15.271829],[-40.839961,-15.272182],[-40.839914,-15.272208],[-40.839802,-15.272271],[-40.839416,-15.27249],[-40.838624,-15.273025],[-40.83854,-15.273083],[-40.837914,-15.273519],[-40.836562,-15.274116],[-40.835475,-15.274613],[-40.834262,-15.274948],[-40.832169,-15.275576],[-40.830956,-15.276074],[-40.829828,-15.276612],[-40.828784,-15.277231],[-40.828074,-15.277562],[-40.826737,-15.278183],[-40.82548,-15.278396],[-40.824557,-15.278485],[-40.824013,-15.278652],[-40.823556,-15.278991],[-40.823013,-15.279393],[-40.822765,-15.279843],[-40.82181,-15.28103],[-40.821142,-15.281483],[-40.820133,-15.281904],[-40.819748,-15.282064],[-40.819662,-15.282106],[-40.819147,-15.282301],[-40.819074,-15.282345],[-40.818368,-15.282657],[-40.818006,-15.282895],[-40.817148,-15.283488],[-40.817206,-15.283773],[-40.817087,-15.28467],[-40.816958,-15.284991],[-40.816965,-15.285261],[-40.816972,-15.28526],[-40.817048,-15.28526],[-40.817169,-15.285259],[-40.817511,-15.285339],[-40.818099,-15.28559],[-40.818122,-15.2856],[-40.818249,-15.285654],[-40.819245,-15.286111],[-40.820304,-15.286547],[-40.821196,-15.28702],[-40.821365,-15.287109],[-40.821633,-15.287251],[-40.822511,-15.287741],[-40.822995,-15.28814],[-40.823446,-15.28852],[-40.823727,-15.288697],[-40.82408,-15.289129],[-40.824093,-15.28916],[-40.824121,-15.289232],[-40.824277,-15.289621],[-40.824354,-15.289952],[-40.824357,-15.289971],[-40.824358,-15.289977],[-40.824358,-15.289979],[-40.824358,-15.28998],[-40.8244,-15.290262],[-40.824486,-15.290479],[-40.82467,-15.290757],[-40.824875,-15.291024],[-40.824973,-15.29121],[-40.824975,-15.291469],[-40.824974,-15.291473],[-40.824949,-15.291646],[-40.824935,-15.291748],[-40.824787,-15.291884],[-40.824563,-15.291958],[-40.824201,-15.291972],[-40.823881,-15.291985],[-40.823855,-15.29199],[-40.823583,-15.29204],[-40.823435,-15.292195],[-40.823384,-15.292393],[-40.823418,-15.292683],[-40.823495,-15.293044],[-40.823541,-15.293334],[-40.823468,-15.293562],[-40.823267,-15.293729],[-40.821196,-15.294677],[-40.820388,-15.295025],[-40.819489,-15.29527],[-40.818782,-15.295463],[-40.817792,-15.295657],[-40.817388,-15.295764],[-40.817144,-15.295932],[-40.81688,-15.296214],[-40.816744,-15.296598],[-40.816696,-15.297106],[-40.816713,-15.297914],[-40.816891,-15.298738],[-40.81711,-15.29944],[-40.817403,-15.299967],[-40.817631,-15.300513],[-40.817872,-15.301215],[-40.818101,-15.301773],[-40.818393,-15.302277],[-40.818834,-15.30274],[-40.819361,-15.303216],[-40.819866,-15.303673],[-40.820349,-15.304053],[-40.82081,-15.304297],[-40.821194,-15.304429],[-40.821685,-15.304467],[-40.822186,-15.304431],[-40.822793,-15.304291],[-40.823708,-15.304025],[-40.825142,-15.303372],[-40.826998,-15.302259],[-40.827729,-15.301621],[-40.828109,-15.301246],[-40.82835,-15.300747],[-40.828416,-15.300541],[-40.828537,-15.300164],[-40.828661,-15.299687],[-40.828705,-15.299608],[-40.828829,-15.299385],[-40.829264,-15.299102],[-40.829773,-15.298818],[-40.83098,-15.298281],[-40.831005,-15.29827],[-40.831015,-15.298265],[-40.83105,-15.298249],[-40.831112,-15.298219],[-40.831877,-15.297859],[-40.832686,-15.297738],[-40.832923,-15.29773],[-40.833485,-15.297711],[-40.833976,-15.297686],[-40.83455,-15.297609],[-40.83504,-15.297553],[-40.835478,-15.29756],[-40.836108,-15.297752],[-40.836815,-15.298046],[-40.837478,-15.298413],[-40.838864,-15.299519],[-40.839262,-15.29991],[-40.839499,-15.300197],[-40.839565,-15.300528],[-40.839546,-15.301926],[-40.839614,-15.302381],[-40.839629,-15.302417],[-40.839744,-15.302701],[-40.840025,-15.303092],[-40.840477,-15.303503],[-40.840852,-15.303696],[-40.841204,-15.303786],[-40.841684,-15.303782],[-40.842409,-15.303736],[-40.842494,-15.303734],[-40.843336,-15.303717],[-40.844029,-15.303649],[-40.844518,-15.303531],[-40.84489,-15.303383],[-40.845123,-15.303195],[-40.845313,-15.302966],[-40.84547,-15.302602],[-40.845539,-15.302052],[-40.845547,-15.301659],[-40.845651,-15.3014],[-40.845841,-15.301191],[-40.846284,-15.300608],[-40.846483,-15.30016],[-40.846533,-15.299808],[-40.846528,-15.299321],[-40.846535,-15.298763],[-40.846531,-15.298297],[-40.846579,-15.297799],[-40.846701,-15.297188],[-40.846816,-15.296865],[-40.846984,-15.296616],[-40.847196,-15.296448],[-40.847685,-15.296217],[-40.84811,-15.296089],[-40.849408,-15.295851],[-40.850558,-15.295644],[-40.850942,-15.29563],[-40.851241,-15.295649],[-40.851541,-15.295781],[-40.851948,-15.296037],[-40.852345,-15.296282],[-40.852687,-15.296382],[-40.853039,-15.296411],[-40.853369,-15.296356],[-40.853677,-15.29626],[-40.854112,-15.295987],[-40.854462,-15.295736],[-40.854727,-15.295568],[-40.854971,-15.295545],[-40.855228,-15.295606],[-40.855571,-15.295818],[-40.855742,-15.295905],[-40.855913,-15.295991],[-40.856181,-15.296061],[-40.856437,-15.296048],[-40.85666,-15.295985],[-40.856872,-15.295859],[-40.85719,-15.295649],[-40.857424,-15.295564],[-40.857872,-15.295581],[-40.858395,-15.295618],[-40.858746,-15.295553],[-40.859032,-15.295364],[-40.859392,-15.295082],[-40.859762,-15.294758],[-40.860059,-15.294559],[-40.860346,-15.294494],[-40.861081,-15.294406],[-40.861732,-15.29441],[-40.862724,-15.294516],[-40.863803,-15.294735],[-40.864913,-15.294932],[-40.865832,-15.295163],[-40.866249,-15.295242],[-40.866676,-15.295259],[-40.867017,-15.295267],[-40.867624,-15.295178],[-40.868219,-15.295018],[-40.868846,-15.294775],[-40.869643,-15.294396],[-40.870259,-15.294183],[-40.870833,-15.294033],[-40.871292,-15.293978],[-40.871761,-15.293974],[-40.872251,-15.294073],[-40.873118,-15.294325],[-40.874079,-15.294473],[-40.874602,-15.29453],[-40.875167,-15.294546],[-40.876243,-15.294463],[-40.877254,-15.2943],[-40.87784,-15.294212],[-40.878649,-15.294091],[-40.879373,-15.29394],[-40.880511,-15.29362],[-40.881234,-15.293479],[-40.881768,-15.293465],[-40.882152,-15.293554],[-40.882559,-15.293696],[-40.883009,-15.29394],[-40.883438,-15.294227],[-40.883781,-15.294514],[-40.884115,-15.294883],[-40.884429,-15.295417],[-40.884931,-15.296624],[-40.885268,-15.297367],[-40.88548,-15.297643],[-40.885527,-15.297686],[-40.885545,-15.297701],[-40.885828,-15.297932],[-40.886148,-15.298074],[-40.886544,-15.298174],[-40.887025,-15.298263],[-40.887442,-15.298394],[-40.887731,-15.298557],[-40.888075,-15.298871],[-40.888215,-15.298999],[-40.888413,-15.29922],[-40.888657,-15.299492],[-40.889067,-15.299902],[-40.889409,-15.300086],[-40.88974,-15.300166],[-40.889974,-15.300102],[-40.890229,-15.299913],[-40.890777,-15.299288],[-40.891179,-15.298839],[-40.891507,-15.298598],[-40.89189,-15.298512],[-40.892509,-15.298528],[-40.893502,-15.298715],[-40.894293,-15.298957],[-40.894925,-15.299211],[-40.8953,-15.299466],[-40.895667,-15.299919],[-40.896013,-15.300465],[-40.896382,-15.301114],[-40.896632,-15.301764],[-40.896871,-15.302249],[-40.897066,-15.30261],[-40.897337,-15.302938],[-40.89768,-15.303267],[-40.89812,-15.303522],[-40.89888,-15.303868],[-40.899553,-15.304079],[-40.89997,-15.304158],[-40.900802,-15.304234],[-40.90154,-15.304373],[-40.902256,-15.304594],[-40.902791,-15.30488],[-40.903329,-15.305279],[-40.903823,-15.305707],[-40.904665,-15.306829],[-40.905109,-15.307611],[-40.905498,-15.308146],[-40.906079,-15.308742],[-40.906285,-15.309071],[-40.906341,-15.309392],[-40.906323,-15.309827],[-40.906126,-15.310326],[-40.905315,-15.311492],[-40.905062,-15.311783],[-40.904365,-15.312661],[-40.904101,-15.312992],[-40.903807,-15.313451],[-40.903724,-15.313699],[-40.903684,-15.314042],[-40.903709,-15.314393],[-40.903927,-15.314898],[-40.904219,-15.315362],[-40.904308,-15.315754],[-40.904154,-15.316491],[-40.904159,-15.316977],[-40.904367,-15.31767],[-40.904662,-15.318339],[-40.905009,-15.31907],[-40.90542,-15.319636],[-40.906109,-15.320345],[-40.90686,-15.320856],[-40.908437,-15.321847],[-40.909811,-15.322839],[-40.911365,-15.323778],[-40.912138,-15.324362],[-40.912654,-15.324864],[-40.913517,-15.325883],[-40.914133,-15.326705],[-40.914595,-15.327157],[-40.91496,-15.327444],[-40.915443,-15.327688],[-40.915849,-15.32785],[-40.916876,-15.328203],[-40.91771,-15.328456],[-40.918448,-15.32877],[-40.919166,-15.329209],[-40.919724,-15.329546],[-40.920187,-15.329998],[-40.920501,-15.330554],[-40.920718,-15.331039],[-40.921042,-15.33144],[-40.92145,-15.331767],[-40.921922,-15.332022],[-40.92267,-15.332233],[-40.923984,-15.332408],[-40.925479,-15.332747],[-40.926879,-15.333004],[-40.927785,-15.333239],[-40.927809,-15.333245],[-40.928526,-15.333529],[-40.929041,-15.333886],[-40.929439,-15.334256],[-40.929818,-15.334822],[-40.930239,-15.335388],[-40.930808,-15.335838],[-40.931988,-15.336564],[-40.932645,-15.337189],[-40.933065,-15.337724],[-40.933466,-15.338456],[-40.933684,-15.338971],[-40.933657,-15.339397],[-40.933512,-15.339853],[-40.933134,-15.340457],[-40.932417,-15.341415],[-40.931987,-15.342123],[-40.931717,-15.342985],[-40.931606,-15.343617],[-40.931567,-15.344094],[-40.931657,-15.344528],[-40.9318,-15.345024],[-40.932039,-15.345425],[-40.932214,-15.345623],[-40.932347,-15.345773],[-40.932394,-15.345825],[-40.932417,-15.345848],[-40.932904,-15.346333],[-40.93334,-15.346739],[-40.933505,-15.346919],[-40.933585,-15.347006],[-40.933707,-15.34714],[-40.934095,-15.347602],[-40.934103,-15.347617],[-40.934197,-15.347791],[-40.934199,-15.347795]]]},"properties":{"cd_unidade":"293330715","nome":"Inhobim","tipo":"distrito","situacao":"rural","cd_dist":"293330715","nm_dist":"Inhobim","cd_mun":"2933307","nm_mun":"Vitória da Conquista","area_km2":335.504506,"area_domiciliada_km2":1.16316,"demografia":{"pop":5653,"homens":2902,"mulheres":2751,"idade":{"0_4":323,"5_9":401,"10_14":455,"15_19":520,"20_24":418,"25_29":335,"30_39":751,"40_49":768,"50_59":702,"60_69":550,"70_mais":430}},"domicilios":{"total":2831,"particulares":2829,"coletivos":2,"ocupados":2000,"uso_ocasional":322,"vagos":507,"tipo":{"dppo":1995,"casa":1995,"casa_vila_condominio":0,"apartamento":0,"comodo_cortico":0,"degradada":0,"improvisado":4},"media_moradores":2.8218,"pct_imputados":0.0085},"saneamento":{"agua":{"rede_geral":867,"poco":471,"outras":472},"agua_canalizada":{"dentro":1317,"so_terreno":575,"nao":96},"banheiro":{"exclusivo":288,"comum":16,"so_sanitario":153,"nenhum":9},"esgoto":{"rede_ou_fossa_ligada":160,"fossa_septica":0,"fossa_rudimentar":1803,"outros":0,"inexistente":9},"lixo":{"coletado":797,"queimado_enterrado":514,"outros":0}},"alfabetizacao":{"alfabetizados_15_mais":3225,"nao_alfabetizados_15_mais":1249},"renda_responsavel":{"responsaveis":1995,"moradores":5642,"rendimento_medio":1003.3373},"enderecos_cnefe":{"particulares":2832,"coletivos":2,"agropecuario":322,"ensino":12,"saude":6,"outras_finalidades":432,"em_construcao":198,"religioso":43},"escolas":{"publicas":{"ate_50":2,"51_200":4,"201_500":0,"501_1000":1,"mais_1000":0,"sem_matricula":0,"nao_informado":0},"particulares":{"ate_50":0,"51_200":0,"201_500":0,"501_1000":0,"mais_1000":0,"sem_matricula":0,"nao_informado":0}},"contem_sigilo":["domicilios","saneamento"]}},{"type":"Feature","_id":"293330720","geometry":{"type":"Polygon","coordinates":[[[-40.752874,-14.789307],[-40.754554,-14.79018],[-40.754957,-14.790388],[-40.756864,-14.791377],[-40.760591,-14.793346],[-40.762341,-14.794244],[-40.766794,-14.796546],[-40.766925,-14.796616],[-40.770123,-14.798316],[-40.770471,-14.797759],[-40.77081,-14.797552],[-40.776111,-14.797717],[-40.788592,-14.792649],[-40.806004,-14.776049],[-40.806729,-14.775533],[-40.92943,-14.688169],[-40.938312,-14.687739],[-40.940292,-14.687434],[-40.940555,-14.687433],[-40.940755,-14.687444],[-40.94126,-14.68751],[-40.941615,-14.687583],[-40.942141,-14.687649],[-40.942435,-14.687636],[-40.942556,-14.6876],[-40.942728,-14.68755],[-40.94307,-14.687451],[-40.943411,-14.687338],[-40.943875,-14.687061],[-40.944536,-14.686619],[-40.944947,-14.686335],[-40.945174,-14.686183],[-40.945895,-14.685707],[-40.946421,-14.685463],[-40.947391,-14.684935],[-40.947951,-14.684565],[-40.948401,-14.684142],[-40.948838,-14.683601],[-40.949182,-14.683171],[-40.949289,-14.683029],[-40.949479,-14.682805],[-40.949595,-14.682638],[-40.949821,-14.682293],[-40.950333,-14.681309],[-40.950763,-14.680358],[-40.950975,-14.679936],[-40.951139,-14.679421],[-40.951166,-14.67909],[-40.951154,-14.678979],[-40.951125,-14.678694],[-40.951064,-14.678338],[-40.95107,-14.678113],[-40.951125,-14.677981],[-40.951337,-14.677723],[-40.951739,-14.677294],[-40.952081,-14.677083],[-40.952419,-14.676944],[-40.952729,-14.676772],[-40.953039,-14.676483],[-40.953664,-14.67574],[-40.95397,-14.675268],[-40.954336,-14.674746],[-40.954442,-14.674608],[-40.954721,-14.674301],[-40.857024,-14.67482],[-40.802633,-14.675108],[-40.779357,-14.675206],[-40.761922,-14.675311],[-40.749017,-14.675378],[-40.748819,-14.675379],[-40.748747,-14.675379],[-40.748612,-14.675375],[-40.748208,-14.675362],[-40.724328,-14.67457],[-40.723045,-14.674525],[-40.71239,-14.674171],[-40.701983,-14.673825],[-40.69796,-14.67369],[-40.680983,-14.673127],[-40.647889,-14.672027],[-40.62227,-14.671168],[-40.615807,-14.670961],[-40.614615,-14.670922],[-40.583992,-14.700285],[-40.583505,-14.700753],[-40.585719,-14.7019],[-40.589182,-14.703735],[-40.591385,-14.704933],[-40.594481,-14.706522],[-40.597148,-14.707927],[-40.600101,-14.709447],[-40.601554,-14.710207],[-40.605435,-14.712223],[-40.608995,-14.714077],[-40.613722,-14.716564],[-40.61583,-14.717681],[-40.619187,-14.719432],[-40.620568,-14.720157],[-40.623438,-14.721654],[-40.62645,-14.723255],[-40.628617,-14.724315],[-40.629808,-14.724902],[-40.633225,-14.726698],[-40.635988,-14.728126],[-40.639857,-14.730107],[-40.643048,-14.731765],[-40.64587,-14.733262],[-40.650109,-14.735519],[-40.652419,-14.736717],[-40.654574,-14.737822],[-40.657205,-14.739181],[-40.659003,-14.740137],[-40.661777,-14.741599],[-40.664361,-14.742923],[-40.666957,-14.744293],[-40.668957,-14.745364],[-40.671172,-14.746504],[-40.673553,-14.747702],[-40.675518,-14.748761],[-40.678074,-14.750172],[-40.68606,-14.754299],[-40.687073,-14.754913],[-40.687782,-14.755284],[-40.688828,-14.755817],[-40.689877,-14.756401],[-40.691544,-14.757264],[-40.693842,-14.758462],[-40.695985,-14.75959],[-40.698021,-14.760649],[-40.7002,-14.761778],[-40.701486,-14.76248],[-40.704832,-14.764218],[-40.706273,-14.764967],[-40.708892,-14.766337],[-40.711964,-14.767949],[-40.712905,-14.768432],[-40.717179,-14.770643],[-40.718882,-14.771552],[-40.722168,-14.773291],[-40.723668,-14.774062],[-40.726061,-14.775283],[-40.7283,-14.776434],[-40.731098,-14.777931],[-40.734372,-14.779623],[-40.738206,-14.781638],[-40.742195,-14.78371],[-40.745136,-14.785241],[-40.746433,-14.785924],[-40.747541,-14.786507],[-40.751517,-14.788599],[-40.752137,-14.788925],[-40.752874,-14.789307]]]},"properties":{"cd_unidade":"293330720","nome":"José Gonçalves","tipo":"distrito","situacao":"rural","cd_dist":"293330720","nm_dist":"José Gonçalves","cd_mun":"2933307","nm_mun":"Vitória da Conquista","area_km2":301.405249,"area_domiciliada_km2":7.2878,"demografia":{"pop":6722,"homens":3346,"mulheres":3376,"idade":{"0_4":395,"5_9":442,"10_14":510,"15_19":525,"20_24":494,"25_29":424,"30_39":907,"40_49":981,"50_59":833,"60_69":575,"70_mais":635}},"domicilios":{"total":3077,"particulares":3076,"coletivos":1,"ocupados":2344,"uso_ocasional":271,"vagos":461,"tipo":{"dppo":2344,"casa":2316,"casa_vila_condominio":26,"apartamento":0,"comodo_cortico":0,"degradada":0,"improvisado":0},"media_moradores":2.8701,"pct_imputados":0.0384},"saneamento":{"agua":{"rede_geral":1662,"poco":298,"outras":103},"agua_canalizada":{"dentro":2012,"so_terreno":159,"nao":163},"banheiro":{"exclusivo":958,"comum":19,"so_sanitario":58,"nenhum":21},"esgoto":{"rede_ou_fossa_ligada":506,"fossa_septica":137,"fossa_rudimentar":1543,"outros":25,"inexistente":21},"lixo":{"coletado":1430,"queimado_enterrado":503,"outros":8}},"alfabetizacao":{"alfabetizados_15_mais":4337,"nao_alfabetizados_15_mais":1038},"renda_responsavel":{"responsaveis":2344,"moradores":6719,"rendimento_medio":1126.6628},"enderecos_cnefe":{"particulares":3072,"coletivos":1,"agropecuario":279,"ensino":20,"saude":7,"outras_finalidades":420,"em_construcao":283,"religioso":47},"escolas":{"publicas":{"ate_50":4,"51_200":2,"201_500":0,"501_1000":2,"mais_1000":0,"sem_matricula":0,"nao_informado":0},"particulares":{"ate_50":0,"51_200":0,"201_500":0,"501_1000":0,"mais_1000":0,"sem_matricula":0,"nao_informado":0}},"contem_sigilo":["demografia","domicilios","saneamento"]}},{"type":"Feature","_id":"293330730","geometry":{"type":"Polygon","coordinates":[[[-41.040295,-14.855886],[-41.040309,-14.855528],[-41.040038,-14.855018],[-41.040238,-14.854783],[-41.040267,-14.854563],[-41.040053,-14.854356],[-41.039938,-14.85397],[-41.039953,-14.853736],[-41.039867,-14.853556],[-41.039839,-14.853419],[-41.039967,-14.853267],[-41.040067,-14.853143],[-41.04001,-14.852895],[-41.039924,-14.852792],[-41.04009,-14.852626],[-41.040205,-14.852496],[-41.040267,-14.8524],[-41.040293,-14.852276],[-41.040328,-14.852163],[-41.040346,-14.852008],[-41.040282,-14.851586],[-41.040178,-14.85129],[-41.040146,-14.851042],[-41.040117,-14.850527],[-41.040024,-14.850418],[-41.039768,-14.850143],[-41.039521,-14.849876],[-41.039298,-14.849612],[-41.039118,-14.849322],[-41.03901,-14.849189],[-41.039076,-14.849071],[-41.039262,-14.848754],[-41.039373,-14.848535],[-41.03956,-14.847778],[-41.039549,-14.847656],[-41.039469,-14.847379],[-41.039527,-14.847134],[-41.039544,-14.847015],[-41.039551,-14.846963],[-41.039651,-14.846612],[-41.039726,-14.846366],[-41.039791,-14.846184],[-41.039815,-14.846115],[-41.039796,-14.845945],[-41.03987,-14.845835],[-41.040024,-14.845591],[-41.040043,-14.845524],[-41.040059,-14.845413],[-41.040055,-14.845234],[-41.04009,-14.845095],[-41.040149,-14.844932],[-41.040162,-14.844834],[-41.040167,-14.84479],[-41.040256,-14.844445],[-41.040289,-14.84438],[-41.040314,-14.84433],[-41.04039,-14.844136],[-41.038847,-14.842964],[-41.03884,-14.842899],[-41.038801,-14.842628],[-41.038769,-14.842403],[-41.03875,-14.842228],[-41.038726,-14.842017],[-41.038926,-14.84159],[-41.039197,-14.8409],[-41.039235,-14.840845],[-41.039471,-14.840174],[-41.039539,-14.840073],[-41.039513,-14.839965],[-41.039489,-14.839866],[-41.039446,-14.839783],[-41.039347,-14.839632],[-41.039375,-14.839535],[-41.039418,-14.839501],[-41.039625,-14.83948],[-41.039806,-14.839414],[-41.039957,-14.839229],[-41.040216,-14.838767],[-41.040608,-14.838113],[-41.040812,-14.837789],[-41.040845,-14.837359],[-41.041091,-14.836914],[-41.041214,-14.836564],[-41.041387,-14.836316],[-41.041841,-14.835736],[-41.04208,-14.835096],[-41.042547,-14.833789],[-41.042908,-14.833159],[-41.043456,-14.832652],[-41.044155,-14.83219],[-41.044279,-14.832123],[-41.044792,-14.831848],[-41.044889,-14.831795],[-41.045128,-14.831715],[-41.045623,-14.831547],[-41.046369,-14.831142],[-41.047278,-14.830984],[-41.0487,-14.830028],[-41.050058,-14.828888],[-41.050428,-14.828193],[-41.052608,-14.829023],[-41.052648,-14.829039],[-41.054975,-14.830942],[-41.056033,-14.831947],[-41.056879,-14.834062],[-41.057989,-14.835595],[-41.058571,-14.835701],[-41.059998,-14.834908],[-41.060686,-14.834062],[-41.060474,-14.833057],[-41.060368,-14.83237],[-41.060841,-14.830847],[-41.06172,-14.829597],[-41.064082,-14.827328],[-41.065518,-14.825753],[-41.067092,-14.824688],[-41.068157,-14.823716],[-41.069037,-14.822836],[-41.070069,-14.822761],[-41.071177,-14.822761],[-41.072285,-14.823315],[-41.072621,-14.822841],[-41.072625,-14.822836],[-41.072623,-14.822836],[-41.060088,-14.818888],[-41.043675,-14.813759],[-40.982269,-14.794571],[-40.965239,-14.789237],[-40.963662,-14.788744],[-40.946524,-14.823747],[-40.937987,-14.841182],[-40.932368,-14.842046],[-40.907471,-14.860227],[-40.894995,-14.869338],[-40.893699,-14.870285],[-40.889343,-14.873655],[-40.890193,-14.874232],[-40.890462,-14.874528],[-40.890631,-14.875004],[-40.890723,-14.875308],[-40.890799,-14.875436],[-40.890949,-14.875606],[-40.891452,-14.876085],[-40.891984,-14.876457],[-40.892436,-14.877083],[-40.892712,-14.877663],[-40.892983,-14.877882],[-40.893067,-14.878006],[-40.893114,-14.878139],[-40.893153,-14.878398],[-40.893342,-14.878534],[-40.893499,-14.878678],[-40.893735,-14.878801],[-40.894101,-14.878955],[-40.894292,-14.879012],[-40.894655,-14.879257],[-40.894984,-14.879403],[-40.895615,-14.880167],[-40.89575,-14.880233],[-40.896095,-14.88035],[-40.896307,-14.880438],[-40.896673,-14.880574],[-40.896888,-14.880646],[-40.897188,-14.880677],[-40.897396,-14.880711],[-40.89755,-14.880748],[-40.898394,-14.880693],[-40.898982,-14.880566],[-40.899157,-14.880543],[-40.899331,-14.880543],[-40.89965,-14.880518],[-40.899872,-14.880518],[-40.900056,-14.880496],[-40.900356,-14.880518],[-40.90051,-14.880541],[-40.900615,-14.880541],[-40.900821,-14.880492],[-40.901047,-14.880479],[-40.901626,-14.880479],[-40.902103,-14.880463],[-40.902867,-14.880414],[-40.903607,-14.880381],[-40.904004,-14.880353],[-40.904191,-14.880374],[-40.904565,-14.880378],[-40.904707,-14.880392],[-40.904861,-14.880384],[-40.905709,-14.880382],[-40.905788,-14.880374],[-40.905957,-14.880329],[-40.906428,-14.880235],[-40.906953,-14.880177],[-40.907018,-14.880163],[-40.907022,-14.880169],[-40.907499,-14.881102],[-40.907569,-14.881338],[-40.907583,-14.881868],[-40.907996,-14.882474],[-40.908323,-14.88298],[-40.909817,-14.882419],[-40.910034,-14.883049],[-40.910533,-14.88286],[-40.910732,-14.88337],[-40.91147,-14.885383],[-40.911955,-14.885299],[-40.912448,-14.885313],[-40.912674,-14.885394],[-40.912947,-14.885539],[-40.913594,-14.885967],[-40.913999,-14.886182],[-40.914603,-14.886402],[-40.91533,-14.88645],[-40.91692,-14.886647],[-40.91832,-14.88675],[-40.919692,-14.886834],[-40.922118,-14.887047],[-40.923289,-14.887142],[-40.924497,-14.887201],[-40.926143,-14.887335],[-40.926543,-14.887349],[-40.925972,-14.891642],[-40.946606,-14.888308],[-40.947079,-14.888731],[-40.947557,-14.889364],[-40.948108,-14.889701],[-40.948621,-14.890016],[-40.953804,-14.897574],[-40.989824,-14.951642],[-40.990116,-14.951588],[-40.990664,-14.9514],[-40.991074,-14.9514],[-40.991296,-14.951434],[-40.991546,-14.951528],[-40.991692,-14.951615],[-40.991935,-14.95181],[-40.99206,-14.951957],[-40.992199,-14.952031],[-40.992387,-14.952071],[-40.992602,-14.951991],[-40.992734,-14.951843],[-40.992901,-14.951669],[-40.993144,-14.951602],[-40.993408,-14.951548],[-40.993734,-14.951561],[-40.994283,-14.951635],[-40.994533,-14.951689],[-40.994755,-14.951729],[-40.994873,-14.951723],[-40.994977,-14.951682],[-40.995123,-14.951588],[-40.995179,-14.951474],[-40.995245,-14.951283],[-40.995248,-14.951273],[-40.995283,-14.951152],[-40.995307,-14.951022],[-40.995359,-14.950911],[-40.995477,-14.95083],[-40.99563,-14.95075],[-40.995825,-14.950709],[-40.99592,-14.950712],[-40.996096,-14.950716],[-40.996311,-14.950709],[-40.996665,-14.950656],[-40.996936,-14.950562],[-40.997158,-14.950394],[-40.997353,-14.950045],[-40.997381,-14.949904],[-40.997459,-14.949719],[-40.997492,-14.949642],[-40.997693,-14.949381],[-40.997783,-14.949193],[-40.997853,-14.948998],[-40.997929,-14.94879],[-40.99804,-14.948609],[-40.99836,-14.948327],[-40.998568,-14.948247],[-40.998735,-14.948112],[-40.998902,-14.947945],[-40.998971,-14.947797],[-40.998971,-14.947683],[-40.998964,-14.947555],[-40.998971,-14.947441],[-40.999103,-14.947159],[-40.999311,-14.946945],[-40.999436,-14.946831],[-40.999534,-14.946764],[-40.99961,-14.946737],[-40.999693,-14.946717],[-40.999804,-14.946723],[-40.999883,-14.946763],[-40.999923,-14.946784],[-40.999992,-14.946864],[-41.000087,-14.946916],[-41.000103,-14.946925],[-41.000284,-14.946884],[-41.000443,-14.946844],[-41.000659,-14.946777],[-41.00086,-14.946743],[-41.00102,-14.946737],[-41.001249,-14.946777],[-41.001388,-14.946884],[-41.001492,-14.946931],[-41.001756,-14.946972],[-41.001999,-14.946904],[-41.002194,-14.94679],[-41.002374,-14.946683],[-41.002694,-14.946482],[-41.002854,-14.946347],[-41.002951,-14.946301],[-41.003055,-14.946327],[-41.003117,-14.946455],[-41.003131,-14.946522],[-41.003215,-14.946623],[-41.003354,-14.946723],[-41.003493,-14.946925],[-41.003604,-14.947052],[-41.003666,-14.947079],[-41.003763,-14.947066],[-41.00393,-14.947039],[-41.004076,-14.946965],[-41.004298,-14.946723],[-41.0045,-14.946616],[-41.004611,-14.946502],[-41.004722,-14.946347],[-41.004757,-14.946227],[-41.004743,-14.946146],[-41.00468,-14.946059],[-41.004664,-14.946009],[-41.004639,-14.945931],[-41.004666,-14.945837],[-41.00484,-14.945656],[-41.004916,-14.945522],[-41.00493,-14.945415],[-41.004916,-14.945348],[-41.004868,-14.94522],[-41.004736,-14.944878],[-41.004729,-14.944697],[-41.004743,-14.944609],[-41.004805,-14.944475],[-41.00493,-14.944388],[-41.005076,-14.944314],[-41.005291,-14.944214],[-41.005444,-14.94412],[-41.005639,-14.944079],[-41.005764,-14.944052],[-41.005868,-14.943945],[-41.005896,-14.943891],[-41.005954,-14.943832],[-41.006042,-14.943831],[-41.006153,-14.943858],[-41.00625,-14.943831],[-41.006361,-14.943744],[-41.006389,-14.943636],[-41.006354,-14.943542],[-41.006271,-14.943435],[-41.006229,-14.943334],[-41.00625,-14.943207],[-41.00641,-14.942979],[-41.006618,-14.942771],[-41.006722,-14.942616],[-41.006868,-14.942549],[-41.006958,-14.942583],[-41.007056,-14.942657],[-41.007181,-14.942684],[-41.007264,-14.942623],[-41.007375,-14.942543],[-41.007535,-14.942462],[-41.007729,-14.942496],[-41.007836,-14.942492],[-41.008122,-14.942603],[-41.008285,-14.942556],[-41.008347,-14.942475],[-41.008402,-14.942439],[-41.008459,-14.942402],[-41.008584,-14.942388],[-41.008731,-14.942404],[-41.008778,-14.942408],[-41.008875,-14.942482],[-41.009021,-14.94259],[-41.009278,-14.94269],[-41.009611,-14.942811],[-41.009868,-14.942858],[-41.010091,-14.942824],[-41.010473,-14.942697],[-41.010674,-14.94263],[-41.010882,-14.942569],[-41.011237,-14.94259],[-41.011487,-14.94263],[-41.011681,-14.942643],[-41.011876,-14.942616],[-41.012022,-14.942529],[-41.01207,-14.942449],[-41.012133,-14.942341],[-41.012265,-14.942227],[-41.012313,-14.94214],[-41.012466,-14.941939],[-41.012563,-14.941845],[-41.012677,-14.94173],[-41.012723,-14.941684],[-41.012855,-14.941583],[-41.01298,-14.941435],[-41.013098,-14.941261],[-41.013123,-14.941171],[-41.013147,-14.941086],[-41.013279,-14.940885],[-41.013418,-14.940744],[-41.013501,-14.940704],[-41.013605,-14.940704],[-41.013765,-14.940758],[-41.013853,-14.940802],[-41.013897,-14.940825],[-41.014064,-14.940865],[-41.014182,-14.940852],[-41.014376,-14.940784],[-41.014716,-14.940556],[-41.014883,-14.940355],[-41.014959,-14.940268],[-41.015085,-14.940187],[-41.015223,-14.940194],[-41.015328,-14.940274],[-41.015438,-14.940332],[-41.015508,-14.940368],[-41.015668,-14.940503],[-41.015945,-14.940574],[-41.016274,-14.940331],[-41.016338,-14.940227],[-41.016463,-14.940026],[-41.016728,-14.939719],[-41.016741,-14.939704],[-41.017012,-14.939476],[-41.017179,-14.939268],[-41.017429,-14.938986],[-41.017463,-14.938865],[-41.017526,-14.938597],[-41.017762,-14.938328],[-41.017991,-14.938174],[-41.018095,-14.93802],[-41.018151,-14.937865],[-41.018227,-14.937604],[-41.018436,-14.937322],[-41.018665,-14.93712],[-41.018901,-14.936953],[-41.019026,-14.936691],[-41.019054,-14.93659],[-41.019089,-14.935886],[-41.019123,-14.935329],[-41.019214,-14.934751],[-41.019255,-14.934456],[-41.019283,-14.934188],[-41.019359,-14.93402],[-41.019498,-14.933879],[-41.019748,-14.933752],[-41.019971,-14.933651],[-41.0202,-14.933631],[-41.020436,-14.933557],[-41.020596,-14.933389],[-41.02061,-14.933154],[-41.020596,-14.932973],[-41.020554,-14.932792],[-41.020582,-14.93253],[-41.020658,-14.932342],[-41.02104,-14.931893],[-41.021651,-14.93147],[-41.02186,-14.931248],[-41.021985,-14.931148],[-41.022013,-14.931067],[-41.02202,-14.93098],[-41.021985,-14.93094],[-41.021895,-14.930886],[-41.021742,-14.930832],[-41.02154,-14.930705],[-41.021513,-14.930577],[-41.021582,-14.930396],[-41.02186,-14.930047],[-41.022096,-14.92992],[-41.0222,-14.929873],[-41.022235,-14.929765],[-41.022228,-14.929624],[-41.022297,-14.929436],[-41.022492,-14.929181],[-41.022686,-14.928853],[-41.022749,-14.928665],[-41.02277,-14.92851],[-41.022693,-14.928363],[-41.022471,-14.928249],[-41.021922,-14.928014],[-41.021908,-14.927832],[-41.02204,-14.927275],[-41.022209,-14.926867],[-41.022235,-14.926725],[-41.022318,-14.926316],[-41.022353,-14.926041],[-41.022415,-14.92588],[-41.022506,-14.925759],[-41.022617,-14.925584],[-41.022665,-14.925457],[-41.0227,-14.925282],[-41.022693,-14.924967],[-41.022742,-14.924772],[-41.022818,-14.924591],[-41.022936,-14.92439],[-41.023082,-14.924282],[-41.023277,-14.924235],[-41.023485,-14.924215],[-41.023686,-14.924249],[-41.023805,-14.924188],[-41.023937,-14.923933],[-41.023999,-14.923618],[-41.023985,-14.923484],[-41.02395,-14.923343],[-41.023881,-14.923229],[-41.0237,-14.923034],[-41.023582,-14.922933],[-41.023513,-14.922859],[-41.023457,-14.922719],[-41.023471,-14.922651],[-41.023673,-14.922417],[-41.023867,-14.922208],[-41.023985,-14.92198],[-41.024159,-14.921739],[-41.024353,-14.921571],[-41.024492,-14.921349],[-41.024582,-14.921128],[-41.024617,-14.920927],[-41.024826,-14.920363],[-41.024791,-14.91992],[-41.024714,-14.919752],[-41.02468,-14.919651],[-41.024673,-14.919537],[-41.024701,-14.91947],[-41.024812,-14.919417],[-41.025096,-14.919383],[-41.025402,-14.91939],[-41.025541,-14.919329],[-41.02559,-14.919235],[-41.025596,-14.919121],[-41.025596,-14.918994],[-41.02561,-14.918826],[-41.025659,-14.918752],[-41.025777,-14.918625],[-41.025944,-14.918571],[-41.026006,-14.918511],[-41.026034,-14.918417],[-41.026069,-14.918135],[-41.026097,-14.917994],[-41.026103,-14.917853],[-41.026097,-14.917645],[-41.025992,-14.91747],[-41.025826,-14.917282],[-41.025728,-14.917188],[-41.025638,-14.917047],[-41.02561,-14.91696],[-41.025659,-14.916799],[-41.025812,-14.916631],[-41.02602,-14.916504],[-41.026499,-14.916363],[-41.026867,-14.916256],[-41.026993,-14.916239],[-41.027229,-14.916209],[-41.027279,-14.916211],[-41.027493,-14.916222],[-41.027625,-14.916121],[-41.027729,-14.916007],[-41.027826,-14.9159],[-41.027839,-14.915864],[-41.027916,-14.915658],[-41.027868,-14.915417],[-41.027868,-14.915208],[-41.027868,-14.915034],[-41.027882,-14.91488],[-41.02784,-14.914766],[-41.027791,-14.914685],[-41.027673,-14.914605],[-41.027604,-14.91449],[-41.027666,-14.91443],[-41.027986,-14.914296],[-41.028132,-14.914115],[-41.02825,-14.91388],[-41.028312,-14.913611],[-41.028333,-14.913256],[-41.028319,-14.913121],[-41.028277,-14.913007],[-41.028208,-14.912853],[-41.028125,-14.912752],[-41.028111,-14.912672],[-41.028201,-14.912564],[-41.028382,-14.912464],[-41.028611,-14.912356],[-41.028701,-14.912262],[-41.028757,-14.912155],[-41.028777,-14.912074],[-41.028757,-14.912],[-41.028687,-14.91198],[-41.02859,-14.911987],[-41.028444,-14.912021],[-41.028284,-14.911994],[-41.028229,-14.911913],[-41.028215,-14.911846],[-41.028291,-14.911739],[-41.028472,-14.911739],[-41.028618,-14.911732],[-41.028743,-14.911732],[-41.028861,-14.911732],[-41.028944,-14.911672],[-41.028951,-14.911537],[-41.028903,-14.911302],[-41.029,-14.911068],[-41.029326,-14.910584],[-41.029514,-14.910242],[-41.029673,-14.910041],[-41.029819,-14.90996],[-41.030007,-14.909839],[-41.030208,-14.909631],[-41.030271,-14.909497],[-41.030271,-14.909363],[-41.030222,-14.909175],[-41.030312,-14.90898],[-41.03041,-14.908772],[-41.030431,-14.908671],[-41.030403,-14.908578],[-41.030354,-14.908484],[-41.030243,-14.908343],[-41.03016,-14.908155],[-41.03018,-14.908074],[-41.030312,-14.90802],[-41.030458,-14.907994],[-41.030806,-14.907792],[-41.030979,-14.907638],[-41.031021,-14.90749],[-41.031007,-14.907269],[-41.030944,-14.907054],[-41.030854,-14.906759],[-41.030875,-14.906645],[-41.03091,-14.906551],[-41.03107,-14.906423],[-41.031257,-14.906188],[-41.031285,-14.906014],[-41.03132,-14.905806],[-41.031382,-14.905638],[-41.031521,-14.905396],[-41.031771,-14.905114],[-41.031868,-14.905014],[-41.03207,-14.904973],[-41.032195,-14.904973],[-41.032337,-14.904965],[-41.032431,-14.90496],[-41.032611,-14.904879],[-41.032729,-14.904698],[-41.032827,-14.90449],[-41.032861,-14.904322],[-41.032873,-14.904175],[-41.032875,-14.904148],[-41.032792,-14.90404],[-41.032632,-14.903893],[-41.032466,-14.903839],[-41.032257,-14.903779],[-41.032139,-14.903691],[-41.032077,-14.903571],[-41.032042,-14.903443],[-41.03209,-14.903322],[-41.032368,-14.903181],[-41.032688,-14.902953],[-41.032799,-14.902852],[-41.032854,-14.902725],[-41.032868,-14.902597],[-41.032868,-14.902477],[-41.032903,-14.902376],[-41.032973,-14.902295],[-41.033118,-14.902242],[-41.033202,-14.902248],[-41.033264,-14.902322],[-41.033278,-14.90243],[-41.033313,-14.902483],[-41.033403,-14.902517],[-41.033493,-14.90251],[-41.033563,-14.902463],[-41.033598,-14.902356],[-41.033625,-14.902275],[-41.033591,-14.902175],[-41.033528,-14.902094],[-41.033466,-14.901966],[-41.033368,-14.901651],[-41.033334,-14.901517],[-41.033257,-14.901376],[-41.033202,-14.901309],[-41.033056,-14.901181],[-41.032841,-14.901141],[-41.032743,-14.901054],[-41.032716,-14.900926],[-41.032743,-14.900839],[-41.032973,-14.900758],[-41.033285,-14.900651],[-41.033452,-14.900503],[-41.033591,-14.900409],[-41.033716,-14.900349],[-41.034049,-14.900349],[-41.034329,-14.900418],[-41.034524,-14.900434],[-41.034709,-14.900389],[-41.03493,-14.900308],[-41.035056,-14.900262],[-41.035146,-14.900231],[-41.035237,-14.900201],[-41.035285,-14.900121],[-41.035341,-14.899933],[-41.035397,-14.899819],[-41.035501,-14.899725],[-41.035834,-14.899637],[-41.036167,-14.899597],[-41.036612,-14.899604],[-41.036931,-14.899631],[-41.037202,-14.899664],[-41.037973,-14.899705],[-41.038362,-14.899651],[-41.038591,-14.899584],[-41.038682,-14.899537],[-41.0388,-14.899476],[-41.038821,-14.899389],[-41.038821,-14.899342],[-41.038713,-14.899181],[-41.038668,-14.899114],[-41.038598,-14.898839],[-41.038598,-14.89857],[-41.038647,-14.898228],[-41.038758,-14.89804],[-41.038967,-14.897899],[-41.039078,-14.897912],[-41.039217,-14.898],[-41.039453,-14.898208],[-41.039703,-14.898429],[-41.039821,-14.898483],[-41.039911,-14.898402],[-41.039967,-14.898302],[-41.040029,-14.8981],[-41.040105,-14.898003],[-41.040217,-14.897859],[-41.040363,-14.897738],[-41.040467,-14.897738],[-41.040488,-14.897747],[-41.040682,-14.897825],[-41.04087,-14.897933],[-41.041008,-14.898094],[-41.04112,-14.898167],[-41.041203,-14.898134],[-41.041286,-14.898047],[-41.0413,-14.897973],[-41.041265,-14.897859],[-41.041189,-14.897731],[-41.041147,-14.897624],[-41.041124,-14.897523],[-41.041123,-14.897522],[-41.041092,-14.89749],[-41.041036,-14.897409],[-41.040988,-14.897322],[-41.041057,-14.897235],[-41.041133,-14.897194],[-41.041259,-14.897033],[-41.04146,-14.896899],[-41.041682,-14.896785],[-41.041925,-14.896644],[-41.042016,-14.89653],[-41.042023,-14.896422],[-41.042016,-14.896342],[-41.041974,-14.896315],[-41.041814,-14.896322],[-41.041696,-14.896442],[-41.041571,-14.896496],[-41.041509,-14.896503],[-41.04139,-14.896449],[-41.041286,-14.896335],[-41.041252,-14.896241],[-41.041279,-14.896114],[-41.041342,-14.896026],[-41.041446,-14.895979],[-41.041668,-14.895939],[-41.041786,-14.895932],[-41.041835,-14.895885],[-41.041828,-14.895838],[-41.041759,-14.895758],[-41.041641,-14.895697],[-41.041488,-14.895563],[-41.041453,-14.895469],[-41.041641,-14.895073],[-41.041995,-14.894717],[-41.042189,-14.89455],[-41.042349,-14.894375],[-41.042363,-14.894281],[-41.042439,-14.894087],[-41.042474,-14.893905],[-41.04255,-14.893805],[-41.042689,-14.893731],[-41.042974,-14.893751],[-41.04302,-14.89378],[-41.043099,-14.893831],[-41.043196,-14.893818],[-41.043377,-14.893684],[-41.043571,-14.893476],[-41.043821,-14.893201],[-41.043946,-14.893093],[-41.044078,-14.893019],[-41.04421,-14.892992],[-41.044315,-14.893053],[-41.044439,-14.893186],[-41.044446,-14.893194],[-41.044516,-14.893301],[-41.044578,-14.893583],[-41.044606,-14.893751],[-41.044655,-14.893865],[-41.044745,-14.893919],[-41.04487,-14.893905],[-41.045065,-14.893831],[-41.045322,-14.89367],[-41.045537,-14.893469],[-41.045724,-14.893254],[-41.045863,-14.893261],[-41.045947,-14.893355],[-41.046058,-14.893489],[-41.046252,-14.893597],[-41.046433,-14.893449],[-41.046669,-14.893476],[-41.047114,-14.893489],[-41.047516,-14.893556],[-41.047711,-14.893811],[-41.047822,-14.893986],[-41.048058,-14.894093],[-41.048392,-14.894295],[-41.048725,-14.894268],[-41.049003,-14.894214],[-41.049336,-14.894187],[-41.049794,-14.894415],[-41.0501,-14.894523],[-41.05042,-14.894496],[-41.050684,-14.894523],[-41.051239,-14.894603],[-41.051559,-14.894832],[-41.051809,-14.895147],[-41.05193,-14.895196],[-41.0521,-14.895214],[-41.052253,-14.8951],[-41.05242,-14.894966],[-41.052712,-14.89459],[-41.05285,-14.894415],[-41.053045,-14.894338],[-41.053087,-14.894321],[-41.053089,-14.894322],[-41.053309,-14.894389],[-41.053503,-14.894483],[-41.053601,-14.894456],[-41.053698,-14.894268],[-41.053767,-14.89404],[-41.053762,-14.893905],[-41.05376,-14.893845],[-41.053733,-14.89359],[-41.053851,-14.893543],[-41.054017,-14.893597],[-41.054119,-14.893684],[-41.054392,-14.893919],[-41.054517,-14.893959],[-41.05467,-14.893919],[-41.054712,-14.893785],[-41.054649,-14.893529],[-41.054586,-14.893395],[-41.054573,-14.893368],[-41.054588,-14.893282],[-41.054726,-14.893167],[-41.055045,-14.8931],[-41.055111,-14.89307],[-41.055365,-14.892952],[-41.055494,-14.892832],[-41.0559,-14.892456],[-41.056091,-14.892271],[-41.056219,-14.892238],[-41.056407,-14.892274],[-41.056418,-14.892281],[-41.056858,-14.892549],[-41.057129,-14.892619],[-41.057379,-14.892563],[-41.05781,-14.892583],[-41.058007,-14.892606],[-41.058098,-14.892559],[-41.058171,-14.892462],[-41.058199,-14.892113],[-41.058166,-14.891946],[-41.058171,-14.891934],[-41.058186,-14.891897],[-41.058256,-14.891876],[-41.058366,-14.891895],[-41.058541,-14.891925],[-41.058858,-14.891987],[-41.058965,-14.892108],[-41.059018,-14.892214],[-41.058981,-14.892374],[-41.058819,-14.892558],[-41.058749,-14.892679],[-41.058748,-14.892805],[-41.058769,-14.892878],[-41.05903,-14.89283],[-41.059368,-14.89271],[-41.059571,-14.892229],[-41.059904,-14.89183],[-41.060095,-14.891825],[-41.060845,-14.891825],[-41.061303,-14.891529],[-41.061859,-14.890939],[-41.062076,-14.890589],[-41.062192,-14.890402],[-41.062373,-14.890053],[-41.062651,-14.889703],[-41.062858,-14.889088],[-41.062617,-14.889081],[-41.062303,-14.888922],[-41.061975,-14.888612],[-41.061804,-14.888412],[-41.061675,-14.888302],[-41.061504,-14.888206],[-41.061247,-14.888157],[-41.060698,-14.888212],[-41.059643,-14.888302],[-41.059136,-14.888233],[-41.058908,-14.888033],[-41.058559,-14.887606],[-41.058373,-14.887275],[-41.058159,-14.886813],[-41.05806,-14.886469],[-41.058081,-14.886103],[-41.058052,-14.885876],[-41.058017,-14.885766],[-41.057953,-14.885655],[-41.057838,-14.885552],[-41.057589,-14.885531],[-41.057296,-14.885545],[-41.056847,-14.885649],[-41.056491,-14.885642],[-41.056227,-14.885587],[-41.055963,-14.885435],[-41.055913,-14.885338],[-41.05597,-14.885021],[-41.056113,-14.884311],[-41.056048,-14.883843],[-41.055785,-14.883057],[-41.055656,-14.882837],[-41.055385,-14.882437],[-41.055214,-14.882168],[-41.0551,-14.882016],[-41.054986,-14.881872],[-41.054808,-14.881775],[-41.053995,-14.881527],[-41.053531,-14.881396],[-41.053324,-14.881389],[-41.052775,-14.881272],[-41.052433,-14.881072],[-41.052119,-14.880824],[-41.051969,-14.880652],[-41.051834,-14.880383],[-41.051784,-14.88008],[-41.051606,-14.879542],[-41.051499,-14.879135],[-41.051484,-14.878412],[-41.051527,-14.878095],[-41.051463,-14.877895],[-41.051256,-14.877743],[-41.05075,-14.87735],[-41.050493,-14.877081],[-41.050158,-14.876833],[-41.049873,-14.876647],[-41.049252,-14.876482],[-41.048881,-14.876323],[-41.048396,-14.876123],[-41.048097,-14.875896],[-41.047939,-14.87575],[-41.047958,-14.87542],[-41.047895,-14.875187],[-41.047754,-14.875202],[-41.047354,-14.875236],[-41.047156,-14.875062],[-41.046756,-14.874435],[-41.046485,-14.873973],[-41.046499,-14.873821],[-41.046599,-14.873752],[-41.046685,-14.87369],[-41.046628,-14.873587],[-41.046228,-14.873215],[-41.046057,-14.872939],[-41.046022,-14.872636],[-41.045943,-14.87236],[-41.045651,-14.872009],[-41.045515,-14.87185],[-41.045351,-14.871581],[-41.045294,-14.87134],[-41.045066,-14.870989],[-41.044988,-14.870926],[-41.044888,-14.870968],[-41.044766,-14.871099],[-41.044638,-14.871092],[-41.044538,-14.870995],[-41.044481,-14.87083],[-41.044446,-14.870568],[-41.044394,-14.870406],[-41.044353,-14.870279],[-41.04426,-14.869996],[-41.044157,-14.869634],[-41.044192,-14.869335],[-41.044436,-14.868849],[-41.044708,-14.86854],[-41.044884,-14.868361],[-41.045159,-14.867997],[-41.045061,-14.867909],[-41.044931,-14.867907],[-41.044717,-14.867783],[-41.044873,-14.867618],[-41.045087,-14.867356],[-41.044959,-14.867067],[-41.044731,-14.866929],[-41.044389,-14.866832],[-41.044389,-14.866694],[-41.044317,-14.866529],[-41.044046,-14.866488],[-41.043932,-14.86635],[-41.043932,-14.866198],[-41.043875,-14.865978],[-41.043704,-14.865716],[-41.043547,-14.865605],[-41.043419,-14.865853],[-41.043333,-14.865922],[-41.04329,-14.865674],[-41.043319,-14.865467],[-41.04349,-14.865026],[-41.04349,-14.864627],[-41.043419,-14.864309],[-41.043091,-14.863979],[-41.042805,-14.863662],[-41.042463,-14.8634],[-41.042178,-14.863207],[-41.041992,-14.862972],[-41.041636,-14.862421],[-41.041194,-14.862145],[-41.040994,-14.862242],[-41.040766,-14.862283],[-41.040637,-14.862118],[-41.040751,-14.861759],[-41.040837,-14.860877],[-41.040737,-14.860312],[-41.040637,-14.859691],[-41.040623,-14.859291],[-41.04088,-14.858947],[-41.041137,-14.858602],[-41.041065,-14.858423],[-41.041094,-14.85812],[-41.041279,-14.857913],[-41.041351,-14.857692],[-41.041022,-14.857499],[-41.040552,-14.856851],[-41.040425,-14.856581],[-41.040352,-14.856424],[-41.040295,-14.855886]]]},"properties":{"cd_unidade":"293330730","nome":"Pradoso","tipo":"distrito","situacao":"rural","cd_dist":"293330730","nm_dist":"Pradoso","cd_mun":"2933307","nm_mun":"Vitória da Conquista","area_km2":169.549365,"area_domiciliada_km2":2.49507,"demografia":{"pop":4270,"homens":2109,"mulheres":2161,"idade":{"0_4":280,"5_9":298,"10_14":279,"15_19":336,"20_24":353,"25_29":339,"30_39":605,"40_49":602,"50_59":476,"60_69":352,"70_mais":350}},"domicilios":{"total":1726,"particulares":1726,"coletivos":0,"ocupados":1405,"uso_ocasional":139,"vagos":182,"tipo":{"dppo":1405,"casa":1398,"casa_vila_condominio":0,"apartamento":5,"comodo_cortico":0,"degradada":0,"improvisado":0},"media_moradores":3.0319,"pct_imputados":0.0306},"saneamento":{"agua":{"rede_geral":1151,"poco":19,"outras":5},"agua_canalizada":{"dentro":1220,"so_terreno":60,"nao":119},"banheiro":{"exclusivo":505,"comum":12,"so_sanitario":16,"nenhum":26},"esgoto":{"rede_ou_fossa_ligada":0,"fossa_septica":0,"fossa_rudimentar":1102,"outros":99,"inexistente":26},"lixo":{"coletado":784,"queimado_enterrado":580,"outros":4}},"alfabetizacao":{"alfabetizados_15_mais":2692,"nao_alfabetizados_15_mais":721},"renda_responsavel":{"responsaveis":1405,"moradores":4270,"rendimento_medio":1116.7787},"enderecos_cnefe":{"particulares":1722,"coletivos":0,"agropecuario":265,"ensino":5,"saude":5,"outras_finalidades":252,"em_construcao":175,"religioso":16},"escolas":{"publicas":{"ate_50":1,"51_200":2,"201_500":0,"501_1000":1,"mais_1000":0,"sem_matricula":0,"nao_informado":0},"particulares":{"ate_50":0,"51_200":0,"201_500":0,"501_1000":0,"mais_1000":0,"sem_matricula":0,"nao_informado":0}},"contem_sigilo":["alfabetizacao","demografia","domicilios","renda_responsavel","saneamento"]}},{"type":"Feature","_id":"293330733","geometry":{"type":"Polygon","coordinates":[[[-41.137059,-15.196864],[-41.139065,-15.196346],[-41.140622,-15.195913],[-41.142709,-15.195326],[-41.144911,-15.194697],[-41.146004,-15.194375],[-41.14729,-15.194012],[-41.148311,-15.193732],[-41.148782,-15.193634],[-41.149014,-15.193634],[-41.149195,-15.193683],[-41.149608,-15.193851],[-41.151962,-15.194829],[-41.153085,-15.195263],[-41.154693,-15.195815],[-41.155598,-15.196144],[-41.15604,-15.196276],[-41.157924,-15.196947],[-41.159126,-15.197367],[-41.16014,-15.197716],[-41.161937,-15.198346],[-41.163317,-15.198747],[-41.162848,-15.198177],[-41.161861,-15.197085],[-41.16139,-15.196239],[-41.161068,-15.194842],[-41.160583,-15.192646],[-41.16052,-15.191547],[-41.160459,-15.190647],[-41.16081,-15.189844],[-41.161059,-15.189191],[-41.161002,-15.188543],[-41.16069,-15.188146],[-41.159547,-15.186857],[-41.158402,-15.185319],[-41.157196,-15.184345],[-41.156785,-15.184199],[-41.156012,-15.184006],[-41.155241,-15.183814],[-41.154417,-15.183523],[-41.152871,-15.182887],[-41.151583,-15.182349],[-41.15086,-15.181955],[-41.150292,-15.181611],[-41.149622,-15.181268],[-41.148742,-15.180575],[-41.147914,-15.179884],[-41.146775,-15.178895],[-41.145842,-15.178055],[-41.145324,-15.17751],[-41.144546,-15.176717],[-41.143717,-15.175975],[-41.143249,-15.175381],[-41.14273,-15.174736],[-41.14216,-15.174192],[-41.141644,-15.173897],[-41.13994,-15.172863],[-41.139063,-15.172271],[-41.138184,-15.17163],[-41.13749,-15.171254],[-41.13682,-15.170909],[-41.13584,-15.17042],[-41.135067,-15.170027],[-41.1345,-15.169732],[-41.133624,-15.16939],[-41.132904,-15.169147],[-41.132285,-15.168753],[-41.131253,-15.168212],[-41.130634,-15.167819],[-41.129704,-15.167178],[-41.128824,-15.166287],[-41.128406,-15.165592],[-41.128194,-15.164895],[-41.127931,-15.164199],[-41.127712,-15.162853],[-41.127652,-15.161855],[-41.127595,-15.161107],[-41.127382,-15.16036],[-41.12712,-15.159713],[-41.126752,-15.158818],[-41.126227,-15.158285],[-41.125708,-15.157791],[-41.125192,-15.157446],[-41.124728,-15.15715],[-41.124623,-15.156952],[-41.124466,-15.156604],[-41.124511,-15.155904],[-41.124608,-15.155305],[-41.124757,-15.154654],[-41.124799,-15.153656],[-41.124738,-15.152608],[-41.124781,-15.15166],[-41.124876,-15.15071],[-41.124863,-15.149262],[-41.124804,-15.148514],[-41.124645,-15.147866],[-41.124384,-15.14727],[-41.124174,-15.146822],[-41.123554,-15.146329],[-41.122626,-15.145838],[-41.121854,-15.145796],[-41.121239,-15.145801],[-41.120622,-15.145607],[-41.12062,-15.145407],[-41.120513,-15.145009],[-41.120504,-15.144428],[-41.120244,-15.143981],[-41.120086,-15.143583],[-41.119826,-15.143186],[-41.119667,-15.142688],[-41.119662,-15.142089],[-41.119605,-15.141391],[-41.1196,-15.140791],[-41.119336,-15.139995],[-41.118866,-15.13915],[-41.118349,-15.138706],[-41.117882,-15.138111],[-41.117517,-15.137516],[-41.117461,-15.136917],[-41.117404,-15.136367],[-41.117602,-15.135516],[-41.117853,-15.134714],[-41.117641,-15.134117],[-41.117275,-15.133272],[-41.116646,-15.132494],[-41.116127,-15.132099],[-41.114685,-15.131614],[-41.11376,-15.131622],[-41.113142,-15.131529],[-41.112268,-15.131487],[-41.111752,-15.131293],[-41.111131,-15.130699],[-41.110816,-15.130052],[-41.110551,-15.129157],[-41.110393,-15.128708],[-41.109927,-15.128313],[-41.109462,-15.128068],[-41.108275,-15.12773],[-41.107552,-15.127387],[-41.107035,-15.127092],[-41.105997,-15.126153],[-41.104696,-15.124768],[-41.103735,-15.123855],[-41.103436,-15.123557],[-41.103434,-15.123556],[-41.10254,-15.122668],[-41.101759,-15.121826],[-41.100611,-15.120338],[-41.100038,-15.119694],[-41.099725,-15.119248],[-41.09915,-15.118353],[-41.098315,-15.117212],[-41.097843,-15.116467],[-41.097222,-15.116074],[-41.096238,-15.115684],[-41.095252,-15.115044],[-41.093903,-15.114159],[-41.093843,-15.114108],[-41.093714,-15.100963],[-41.094198,-15.100387],[-41.094201,-15.100384],[-41.094389,-15.10016],[-41.094391,-15.100158],[-41.094758,-15.099359],[-41.09506,-15.098691],[-41.095221,-15.09823],[-41.095254,-15.097869],[-41.095505,-15.096743],[-41.095869,-15.095916],[-41.095972,-15.095111],[-41.09602,-15.094625],[-41.09604,-15.094421],[-41.095958,-15.093626],[-41.095653,-15.092905],[-41.0952,-15.092295],[-41.094408,-15.091399],[-41.093843,-15.090644],[-41.093575,-15.090104],[-41.093531,-15.089416],[-41.093597,-15.088582],[-41.093294,-15.088006],[-41.092872,-15.087475],[-41.092344,-15.086792],[-41.092039,-15.086107],[-41.091807,-15.085386],[-41.091501,-15.084556],[-41.091114,-15.083256],[-41.091068,-15.082315],[-41.091097,-15.081589],[-41.091129,-15.081046],[-41.091015,-15.080829],[-41.090786,-15.080288],[-41.090331,-15.079605],[-41.089803,-15.079067],[-41.089425,-15.078672],[-41.088896,-15.078026],[-41.088442,-15.077451],[-41.088327,-15.077053],[-41.088205,-15.076482],[-41.088195,-15.075468],[-41.088149,-15.074634],[-41.088211,-15.073402],[-41.088083,-15.071882],[-41.088107,-15.070504],[-41.088283,-15.069487],[-41.088461,-15.068651],[-41.088785,-15.067416],[-41.089075,-15.066543],[-41.089142,-15.065818],[-41.089135,-15.064922],[-41.088862,-15.063839],[-41.088781,-15.063188],[-41.088585,-15.062321],[-41.088573,-15.061127],[-41.088344,-15.060586],[-41.087813,-15.059867],[-41.087249,-15.059367],[-41.08702,-15.059043],[-41.086753,-15.058467],[-41.086635,-15.057817],[-41.086591,-15.057166],[-41.02524,-15.107906],[-41.000415,-15.12845],[-40.991821,-15.135544],[-41.024677,-15.150068],[-41.025184,-15.150292],[-41.135168,-15.197318],[-41.137059,-15.196864]]]},"properties":{"cd_unidade":"293330733","nome":"São João da Vitória","tipo":"distrito","situacao":"rural","cd_dist":"293330733","nm_dist":"São João da Vitória","cd_mun":"2933307","nm_mun":"Vitória da Conquista","area_km2":106.135093,"area_domiciliada_km2":1.44809,"demografia":{"pop":2640,"homens":1320,"mulheres":1320,"idade":{"0_4":223,"5_9":191,"10_14":214,"15_19":236,"20_24":181,"25_29":182,"30_39":391,"40_49":342,"50_59":293,"60_69":213,"70_mais":174}},"domicilios":{"total":1166,"particulares":1164,"coletivos":2,"ocupados":840,"uso_ocasional":170,"vagos":154,"tipo":{"dppo":839,"casa":838,"casa_vila_condominio":0,"apartamento":0,"comodo_cortico":0,"degradada":0,"improvisado":0},"media_moradores":3.14,"pct_imputados":0.019},"saneamento":{"agua":{"rede_geral":606,"poco":178,"outras":9},"agua_canalizada":{"dentro":798,"so_terreno":22,"nao":14},"banheiro":{"exclusivo":505,"comum":8,"so_sanitario":0,"nenhum":0},"esgoto":{"rede_ou_fossa_ligada":95,"fossa_septica":0,"fossa_rudimentar":285,"outros":0,"inexistente":0},"lixo":{"coletado":572,"queimado_enterrado":135,"outros":0}},"alfabetizacao":{"alfabetizados_15_mais":1593,"nao_alfabetizados_15_mais":419},"renda_responsavel":{"responsaveis":839,"moradores":2638,"rendimento_medio":1174.8019},"enderecos_cnefe":{"particulares":1164,"coletivos":2,"agropecuario":103,"ensino":6,"saude":2,"outras_finalidades":359,"em_construcao":123,"religioso":15},"escolas":{"publicas":{"ate_50":0,"51_200":1,"201_500":0,"501_1000":1,"mais_1000":0,"sem_matricula":0,"nao_informado":0},"particulares":{"ate_50":0,"51_200":0,"201_500":0,"501_1000":0,"mais_1000":0,"sem_matricula":0,"nao_informado":0}},"contem_sigilo":["domicilios","saneamento"]}},{"type":"Feature","_id":"293330735","geometry":{"type":"Polygon","coordinates":[[[-40.670177,-14.828426],[-40.67068,-14.828272],[-40.671207,-14.828054],[-40.671498,-14.827893],[-40.671979,-14.827699],[-40.67204,-14.827675],[-40.67252,-14.827518],[-40.672757,-14.827281],[-40.672983,-14.826897],[-40.673151,-14.826715],[-40.673549,-14.826341],[-40.673987,-14.826189],[-40.674666,-14.82615],[-40.675557,-14.825865],[-40.67639,-14.825469],[-40.677114,-14.825073],[-40.677714,-14.824678],[-40.678561,-14.824282],[-40.67938,-14.823978],[-40.681114,-14.823595],[-40.682206,-14.823595],[-40.683517,-14.824084],[-40.685429,-14.824875],[-40.687067,-14.825773],[-40.68932,-14.827383],[-40.690658,-14.828439],[-40.691149,-14.829086],[-40.691791,-14.830168],[-40.69216,-14.830932],[-40.692228,-14.831504],[-40.692632,-14.832563],[-40.69387,-14.834747],[-40.694422,-14.835506],[-40.694763,-14.836007],[-40.696464,-14.837786],[-40.698285,-14.839341],[-40.701265,-14.842512],[-40.702299,-14.843571],[-40.703226,-14.844268],[-40.704828,-14.845368],[-40.706061,-14.84659],[-40.707646,-14.848127],[-40.708757,-14.848822],[-40.709673,-14.849647],[-40.710394,-14.84998],[-40.7117,-14.850911],[-40.712575,-14.851739],[-40.713091,-14.852547],[-40.713695,-14.854415],[-40.713951,-14.855293],[-40.714364,-14.856618],[-40.714883,-14.857356],[-40.715363,-14.857989],[-40.715895,-14.858243],[-40.716502,-14.858494],[-40.716977,-14.858788],[-40.717298,-14.858981],[-40.717602,-14.858852],[-40.717768,-14.858483],[-40.717815,-14.858058],[-40.717549,-14.857224],[-40.717343,-14.856306],[-40.717327,-14.855671],[-40.717728,-14.855118],[-40.718026,-14.854886],[-40.71875,-14.854635],[-40.719492,-14.854455],[-40.720402,-14.85442],[-40.721534,-14.854599],[-40.722834,-14.85476],[-40.724022,-14.85476],[-40.724727,-14.854653],[-40.725229,-14.854437],[-40.725655,-14.854168],[-40.726082,-14.853845],[-40.726398,-14.853612],[-40.726881,-14.853451],[-40.727623,-14.853522],[-40.72857,-14.853684],[-40.729591,-14.853881],[-40.730705,-14.853774],[-40.7318,-14.853702],[-40.734659,-14.853433],[-40.737629,-14.85294],[-40.742025,-14.851811],[-40.74424,-14.851435],[-40.748551,-14.843965],[-40.751162,-14.839239],[-40.751531,-14.83796],[-40.753843,-14.832735],[-40.755503,-14.831269],[-40.75637,-14.829645],[-40.756585,-14.829243],[-40.756944,-14.828612],[-40.756977,-14.82857],[-40.757642,-14.827747],[-40.758334,-14.826959],[-40.759396,-14.825736],[-40.760207,-14.824942],[-40.761411,-14.823769],[-40.761374,-14.823726],[-40.760258,-14.822442],[-40.758838,-14.820817],[-40.758973,-14.820411],[-40.759663,-14.818227],[-40.760473,-14.816497],[-40.762065,-14.813122],[-40.762292,-14.812612],[-40.763906,-14.809232],[-40.764047,-14.808947],[-40.76486,-14.807479],[-40.765823,-14.80573],[-40.765861,-14.805655],[-40.76642,-14.804654],[-40.766766,-14.804042],[-40.766841,-14.8039],[-40.767405,-14.802814],[-40.767732,-14.802156],[-40.770086,-14.798375],[-40.770123,-14.798316],[-40.766925,-14.796616],[-40.766794,-14.796546],[-40.762341,-14.794244],[-40.760591,-14.793346],[-40.756864,-14.791377],[-40.754957,-14.790388],[-40.754554,-14.79018],[-40.752874,-14.789307],[-40.752137,-14.788925],[-40.751517,-14.788599],[-40.747541,-14.786507],[-40.746433,-14.785924],[-40.745136,-14.785241],[-40.742195,-14.78371],[-40.738206,-14.781638],[-40.734372,-14.779623],[-40.731098,-14.777931],[-40.7283,-14.776434],[-40.726061,-14.775283],[-40.723668,-14.774062],[-40.722168,-14.773291],[-40.718882,-14.771552],[-40.717179,-14.770643],[-40.712905,-14.768432],[-40.711964,-14.767949],[-40.708892,-14.766337],[-40.706273,-14.764967],[-40.704832,-14.764218],[-40.701486,-14.76248],[-40.7002,-14.761778],[-40.698021,-14.760649],[-40.695985,-14.75959],[-40.693842,-14.758462],[-40.691544,-14.757264],[-40.689877,-14.756401],[-40.688828,-14.755817],[-40.687782,-14.755284],[-40.687073,-14.754913],[-40.68606,-14.754299],[-40.678074,-14.750172],[-40.675518,-14.748761],[-40.673553,-14.747702],[-40.671172,-14.746504],[-40.668957,-14.745364],[-40.666957,-14.744293],[-40.664361,-14.742923],[-40.661777,-14.741599],[-40.659003,-14.740137],[-40.657205,-14.739181],[-40.654574,-14.737822],[-40.652419,-14.736717],[-40.650109,-14.735519],[-40.64587,-14.733262],[-40.643048,-14.731765],[-40.639857,-14.730107],[-40.635988,-14.728126],[-40.633225,-14.726698],[-40.629808,-14.724902],[-40.628617,-14.724315],[-40.62645,-14.723255],[-40.623438,-14.721654],[-40.620568,-14.720157],[-40.619187,-14.719432],[-40.61583,-14.717681],[-40.613722,-14.716564],[-40.608995,-14.714077],[-40.605435,-14.712223],[-40.601554,-14.710207],[-40.600101,-14.709447],[-40.597148,-14.707927],[-40.594481,-14.706522],[-40.591385,-14.704933],[-40.589182,-14.703735],[-40.585719,-14.7019],[-40.583505,-14.700753],[-40.582996,-14.701241],[-40.580253,-14.703871],[-40.572507,-14.711298],[-40.572222,-14.711572],[-40.527212,-14.754731],[-40.525519,-14.756355],[-40.57661,-14.781939],[-40.578406,-14.782838],[-40.578512,-14.782891],[-40.668855,-14.82813],[-40.669896,-14.828736],[-40.670177,-14.828426]]]},"properties":{"cd_unidade":"293330735","nome":"São Sebastião","tipo":"distrito","situacao":"rural","cd_dist":"293330735","nm_dist":"São Sebastião","cd_mun":"2933307","nm_mun":"Vitória da Conquista","area_km2":194.26871,"area_domiciliada_km2":9.77719,"demografia":{"pop":3756,"homens":1924,"mulheres":1832,"idade":{"0_4":222,"5_9":223,"10_14":261,"15_19":241,"20_24":268,"25_29":244,"30_39":534,"40_49":537,"50_59":480,"60_69":352,"70_mais":388}},"domicilios":{"total":2368,"particulares":2367,"coletivos":1,"ocupados":1350,"uso_ocasional":676,"vagos":341,"tipo":{"dppo":1348,"casa":1347,"casa_vila_condominio":0,"apartamento":0,"comodo_cortico":0,"degradada":0,"improvisado":0},"media_moradores":2.7786,"pct_imputados":0.0533},"saneamento":{"agua":{"rede_geral":1082,"poco":82,"outras":0},"agua_canalizada":{"dentro":1289,"so_terreno":38,"nao":15},"banheiro":{"exclusivo":863,"comum":0,"so_sanitario":7,"nenhum":0},"esgoto":{"rede_ou_fossa_ligada":184,"fossa_septica":55,"fossa_rudimentar":1099,"outros":5,"inexistente":0},"lixo":{"coletado":622,"queimado_enterrado":292,"outros":4}},"alfabetizacao":{"alfabetizados_15_mais":2548,"nao_alfabetizados_15_mais":498},"renda_responsavel":{"responsaveis":1348,"moradores":3750,"rendimento_medio":1222.9284},"enderecos_cnefe":{"particulares":2361,"coletivos":1,"agropecuario":143,"ensino":6,"saude":3,"outras_finalidades":328,"em_construcao":509,"religioso":35},"escolas":{"publicas":{"ate_50":0,"51_200":0,"201_500":1,"501_1000":0,"mais_1000":0,"sem_matricula":0,"nao_informado":0},"particulares":{"ate_50":0,"51_200":0,"201_500":0,"501_1000":0,"mais_1000":0,"sem_matricula":0,"nao_informado":0}},"contem_sigilo":["demografia","domicilios","saneamento"]}},{"type":"Feature","_id":"293330740","geometry":{"type":"Polygon","coordinates":[[[-41.046233,-15.279306],[-41.045838,-15.279714],[-41.045488,-15.280499],[-41.045348,-15.281142],[-41.045273,-15.282074],[-41.045446,-15.28287],[-41.045536,-15.28358],[-41.045567,-15.284209],[-41.045624,-15.285048],[-41.045754,-15.285937],[-41.045839,-15.28654],[-41.045955,-15.287364],[-41.045824,-15.288507],[-41.04599,-15.289528],[-41.046199,-15.290012],[-41.046367,-15.290451],[-41.046475,-15.290925],[-41.046439,-15.291122],[-41.046366,-15.291231],[-41.046247,-15.291411],[-41.046151,-15.291977],[-41.046187,-15.292474],[-41.046115,-15.292913],[-41.045959,-15.29385],[-41.045839,-15.294844],[-41.045648,-15.296335],[-41.04554,-15.297746],[-41.045408,-15.29867],[-41.045324,-15.299757],[-41.045336,-15.301445],[-41.045324,-15.302069],[-41.045504,-15.302659],[-41.045648,-15.303676],[-41.045923,-15.304358],[-41.046103,-15.305179],[-41.046151,-15.306254],[-41.046307,-15.30719],[-41.046343,-15.307664],[-41.046331,-15.3083],[-41.046247,-15.308935],[-41.046157,-15.309485],[-41.046085,-15.309836],[-41.045997,-15.310539],[-41.046666,-15.310312],[-41.047418,-15.310172],[-41.048202,-15.310034],[-41.049525,-15.309926],[-41.050344,-15.309849],[-41.051371,-15.310099],[-41.05265,-15.310578],[-41.053487,-15.310919],[-41.054156,-15.311169],[-41.054731,-15.311448],[-41.055389,-15.311795],[-41.056073,-15.31214],[-41.056336,-15.312237],[-41.056838,-15.312397],[-41.057224,-15.312313],[-41.057529,-15.312179],[-41.057995,-15.311954],[-41.058253,-15.311838],[-41.059444,-15.311225],[-41.059879,-15.310871],[-41.060704,-15.310231],[-41.061093,-15.309848],[-41.061568,-15.309319],[-41.062058,-15.308946],[-41.06291,-15.30835],[-41.063724,-15.307808],[-41.064215,-15.307386],[-41.064805,-15.306759],[-41.065232,-15.306462],[-41.065737,-15.30619],[-41.066087,-15.306138],[-41.066192,-15.306122],[-41.066605,-15.306096],[-41.066855,-15.30615],[-41.067081,-15.306214],[-41.067586,-15.306358],[-41.067947,-15.306527],[-41.068221,-15.306647],[-41.068592,-15.307017],[-41.068654,-15.307112],[-41.068748,-15.307259],[-41.069359,-15.307756],[-41.069647,-15.307872],[-41.069799,-15.307944],[-41.070234,-15.308149],[-41.070368,-15.30825],[-41.07051,-15.308357],[-41.070596,-15.308467],[-41.070702,-15.3086],[-41.071073,-15.308797],[-41.072404,-15.309271],[-41.072943,-15.30949],[-41.073047,-15.309529],[-41.07365,-15.309756],[-41.074081,-15.309849],[-41.074729,-15.309779],[-41.076095,-15.30949],[-41.077006,-15.309039],[-41.077821,-15.308762],[-41.078947,-15.308542],[-41.079558,-15.308357],[-41.08029,-15.308034],[-41.080901,-15.307733],[-41.081907,-15.307583],[-41.082938,-15.307606],[-41.083382,-15.307537],[-41.084197,-15.307525],[-41.085143,-15.307571],[-41.085209,-15.307574],[-41.085683,-15.307595],[-41.086366,-15.307756],[-41.086761,-15.307976],[-41.087157,-15.308334],[-41.087448,-15.308545],[-41.087636,-15.308681],[-41.08802,-15.308959],[-41.088079,-15.308981],[-41.088506,-15.309053],[-41.08911,-15.309012],[-41.089624,-15.308907],[-41.089989,-15.308882],[-41.090609,-15.308597],[-41.091002,-15.308428],[-41.091067,-15.3084],[-41.091465,-15.308311],[-41.092555,-15.307752],[-41.093598,-15.307561],[-41.094161,-15.307234],[-41.094622,-15.307079],[-41.09559,-15.306973],[-41.096664,-15.306667],[-41.098133,-15.306263],[-41.100212,-15.305933],[-41.100792,-15.305818],[-41.101609,-15.305668],[-41.102499,-15.30538],[-41.10351,-15.304916],[-41.105477,-15.30479],[-41.106071,-15.304768],[-41.106555,-15.304798],[-41.1448,-15.304341],[-41.145236,-15.304297],[-41.146394,-15.304252],[-41.147131,-15.304245],[-41.14808,-15.304339],[-41.148715,-15.304573],[-41.150408,-15.305446],[-41.150941,-15.305955],[-41.151718,-15.30629],[-41.152954,-15.307133],[-41.153767,-15.307639],[-41.154335,-15.308147],[-41.154935,-15.308484],[-41.15557,-15.308717],[-41.156312,-15.309053],[-41.157052,-15.309354],[-41.157511,-15.309589],[-41.158402,-15.310165],[-41.158342,-15.309528],[-41.158319,-15.307339],[-41.158263,-15.306578],[-41.158207,-15.305864],[-41.158394,-15.304967],[-41.158486,-15.30449],[-41.158426,-15.303395],[-41.158366,-15.302253],[-41.158309,-15.301491],[-41.158301,-15.30073],[-41.158384,-15.299253],[-41.158616,-15.298107],[-41.158847,-15.296913],[-41.158792,-15.296104],[-41.158827,-15.294961],[-41.158472,-15.293536],[-41.15812,-15.292491],[-41.157769,-15.291638],[-41.157566,-15.29083],[-41.157217,-15.290167],[-41.156968,-15.289645],[-41.156177,-15.288654],[-41.155631,-15.28787],[-41.155186,-15.287398],[-41.154888,-15.28683],[-41.154734,-15.28607],[-41.154828,-15.285641],[-41.155065,-15.284972],[-41.155349,-15.284063],[-41.155581,-15.282775],[-41.155865,-15.281915],[-41.156198,-15.281007],[-41.156869,-15.279667],[-41.157305,-15.278968],[-41.15735,-15.27854],[-41.157678,-15.277156],[-41.157668,-15.276061],[-41.157511,-15.275064],[-41.157213,-15.274496],[-41.156957,-15.273167],[-41.156648,-15.271409],[-41.156494,-15.270603],[-41.156437,-15.269795],[-41.15648,-15.269128],[-41.156573,-15.268386],[-41.156714,-15.267861],[-41.157096,-15.266953],[-41.157448,-15.266225],[-41.157719,-15.265662],[-41.158007,-15.265137],[-41.158246,-15.264707],[-41.158337,-15.263945],[-41.158135,-15.263233],[-41.157784,-15.262238],[-41.157386,-15.261434],[-41.15694,-15.260584],[-41.156741,-15.260083],[-41.156148,-15.259329],[-41.155606,-15.258622],[-41.155008,-15.257343],[-41.154367,-15.256638],[-41.153974,-15.256262],[-41.153531,-15.255886],[-41.153383,-15.255649],[-41.153428,-15.255173],[-41.153617,-15.254553],[-41.154138,-15.252931],[-41.154468,-15.251691],[-41.154558,-15.250786],[-41.154646,-15.249882],[-41.154878,-15.2485],[-41.154969,-15.247833],[-41.154911,-15.246977],[-41.154302,-15.246086],[-41.153564,-15.24538],[-41.153167,-15.244671],[-41.152573,-15.243821],[-41.152175,-15.243111],[-41.151781,-15.242543],[-41.151088,-15.241552],[-41.15064,-15.240557],[-41.150286,-15.23937],[-41.149937,-15.238517],[-41.149388,-15.237332],[-41.149036,-15.236287],[-41.148685,-15.235338],[-41.148174,-15.233057],[-41.147842,-15.232118],[-41.147822,-15.23206],[-41.148285,-15.231131],[-41.149056,-15.229581],[-41.163948,-15.199671],[-41.163957,-15.199654],[-41.163959,-15.199649],[-41.163986,-15.19954],[-41.163989,-15.199416],[-41.163419,-15.198872],[-41.163317,-15.198747],[-41.161937,-15.198346],[-41.16014,-15.197716],[-41.159126,-15.197367],[-41.157924,-15.196947],[-41.15604,-15.196276],[-41.155598,-15.196144],[-41.154693,-15.195815],[-41.153085,-15.195263],[-41.151962,-15.194829],[-41.149608,-15.193851],[-41.149195,-15.193683],[-41.149014,-15.193634],[-41.148782,-15.193634],[-41.148311,-15.193732],[-41.14729,-15.194012],[-41.146004,-15.194375],[-41.144911,-15.194697],[-41.142709,-15.195326],[-41.140622,-15.195913],[-41.139065,-15.196346],[-41.137059,-15.196864],[-41.135168,-15.197318],[-41.025184,-15.150292],[-41.024677,-15.150068],[-40.991821,-15.135544],[-40.99027,-15.167134],[-40.991105,-15.168494],[-41.02916,-15.230526],[-41.050077,-15.266173],[-41.053026,-15.272882],[-41.052925,-15.272978],[-41.046401,-15.279133],[-41.046233,-15.279306]]]},"properties":{"cd_unidade":"293330740","nome":"Veredinha","tipo":"distrito","situacao":"rural","cd_dist":"293330740","nm_dist":"Veredinha","cd_mun":"2933307","nm_mun":"Vitória da Conquista","area_km2":206.006918,"area_domiciliada_km2":1.08146,"demografia":{"pop":2086,"homens":1045,"mulheres":1041,"idade":{"0_4":144,"5_9":134,"10_14":145,"15_19":167,"20_24":174,"25_29":137,"30_39":264,"40_49":280,"50_59":281,"60_69":175,"70_mais":183}},"domicilios":{"total":984,"particulares":984,"coletivos":0,"ocupados":737,"uso_ocasional":88,"vagos":159,"tipo":{"dppo":735,"casa":735,"casa_vila_condominio":0,"apartamento":0,"comodo_cortico":0,"degradada":0,"improvisado":0},"media_moradores":2.8296,"pct_imputados":0.076},"saneamento":{"agua":{"rede_geral":347,"poco":13,"outras":38},"agua_canalizada":{"dentro":588,"so_terreno":64,"nao":80},"banheiro":{"exclusivo":445,"comum":3,"so_sanitario":49,"nenhum":6},"esgoto":{"rede_ou_fossa_ligada":0,"fossa_septica":0,"fossa_rudimentar":712,"outros":0,"inexistente":6},"lixo":{"coletado":342,"queimado_enterrado":47,"outros":3}},"alfabetizacao":{"alfabetizados_15_mais":1232,"nao_alfabetizados_15_mais":431},"renda_responsavel":{"responsaveis":735,"moradores":2081,"rendimento_medio":990.041},"enderecos_cnefe":{"particulares":985,"coletivos":0,"agropecuario":69,"ensino":4,"saude":3,"outras_finalidades":201,"em_construcao":68,"religioso":17},"escolas":{"publicas":{"ate_50":0,"51_200":1,"201_500":1,"501_1000":0,"mais_1000":0,"sem_matricula":0,"nao_informado":0},"particulares":{"ate_50":0,"51_200":0,"201_500":0,"501_1000":0,"mais_1000":0,"sem_matricula":0,"nao_informado":0}},"contem_sigilo":["alfabetizacao","demografia","domicilios","renda_responsavel","saneamento"]}}]}